gpu_utilization,cpu_utilization,ram_usage_percent,temperature_c,power_draw_w,hour_of_day,day_of_week,requested_duration_hours,historical_reliability,is_available
39.83,69.82,15.35,72.9,38.5,23,2,2.06,0.994,1
93.42,66.86,15.03,62.4,32.5,20,0,1.98,0.993,0
73.08,13.62,52.78,42.7,101.8,0,3,4.98,0.765,1
60.68,88.03,17.34,84.1,285.8,19,6,0.95,0.955,0
19.51,56.16,92.96,87.1,319.5,2,6,0.65,0.919,1
19.51,37.74,32.77,60.7,155.4,12,5,0.82,0.957,1
10.4,73.09,52.81,69.5,210.2,6,3,0.76,0.892,1
85.55,28.16,19.89,61.6,255.9,5,2,2.29,0.673,0
60.9,67.42,56.76,55.5,334.9,5,6,3.55,0.932,1
70.85,8.57,45.4,43.7,322.1,1,3,1.12,0.784,1
6.91,80.55,18.57,61.9,48.3,15,4,0.59,0.967,1
95.2,45.34,41.81,79.3,109.4,5,3,1.04,0.959,1
82.42,62.3,46.31,40.8,45.7,7,1,1.78,0.847,1
24.75,24.91,94.19,67.9,227.3,20,4,2.38,0.907,0
21.91,65.94,31.63,82.3,257.4,10,4,1.8,0.974,1
22.06,74.5,58.58,50.4,128.7,17,2,0.79,0.766,1
33.29,47.59,93.99,48.8,303.2,22,2,5.2,0.744,1
53.8,60.6,78.36,77.1,174.9,5,3,1.35,0.98,1
45.17,46.07,94.47,52.2,349.5,13,3,1.43,0.965,1
32.08,85.47,92.46,49.2,30.1,14,2,7.05,0.946,1
61.9,49.81,54.16,58.1,65.0,10,0,4.26,0.995,1
17.97,80.76,70.71,58.8,126.6,14,3,3.48,0.944,1
32.17,77.12,23.84,82.0,38.2,12,0,0.6,0.984,1
39.07,41.95,50.29,69.7,280.3,5,6,3.84,0.98,1
47.41,25.71,79.72,59.5,46.9,3,4,1.42,0.885,0
78.02,41.55,55.43,65.7,269.7,13,5,0.67,0.993,0
23.57,79.36,71.22,85.8,46.8,12,5,9.6,0.989,0
52.82,25.49,74.66,45.4,110.9,9,1,0.58,0.93,1
60.09,52.2,35.28,50.0,299.2,21,0,5.3,0.869,1
9.32,77.55,85.06,86.2,334.4,11,3,0.2,0.995,1
61.5,36.81,51.79,86.0,162.6,23,5,1.35,0.856,0
20.86,62.8,31.81,48.5,340.4,7,6,0.26,0.971,1
11.05,27.11,84.23,47.0,230.6,19,2,5.07,0.873,0
93.25,14.84,48.43,60.2,163.1,4,2,0.47,0.776,0
94.8,76.49,75.02,42.4,286.9,1,1,2.44,0.966,1
80.18,13.91,58.84,71.4,124.5,19,1,2.2,0.822,1
33.33,29.42,45.55,43.7,115.1,11,4,3.22,0.884,1
14.08,81.96,79.79,42.8,240.1,5,6,2.95,0.885,1
68.63,36.18,61.76,63.3,155.0,14,0,0.27,0.941,1
45.93,92.57,46.24,86.0,73.5,17,1,1.18,0.829,0
16.35,93.18,23.77,60.5,51.4,17,4,0.98,0.833,0
51.05,29.14,86.64,57.1,282.1,9,6,7.42,0.943,1
8.2,8.69,17.84,87.9,246.3,6,4,3.18,0.96,0
89.57,68.46,84.05,65.5,161.8,9,4,2.66,0.85,1
29.07,45.59,43.8,58.0,316.8,4,5,1.37,0.997,1
66.61,14.07,66.15,58.5,161.5,15,5,4.63,0.736,1
33.99,68.68,88.78,49.4,257.3,18,3,0.23,0.862,0
53.37,7.81,27.14,64.6,320.9,2,1,0.72,0.962,1
55.84,83.32,60.36,61.1,299.0,6,5,2.57,0.974,1
22.19,17.48,76.15,53.0,193.6,18,6,1.62,0.94,1
95.17,16.46,75.61,47.7,247.8,11,2,1.73,0.754,1
77.09,20.81,57.05,54.9,162.4,9,4,1.28,0.983,1
92.37,91.42,64.98,64.4,237.1,4,2,0.56,0.982,1
88.22,67.39,75.6,42.8,112.4,1,3,0.56,0.997,1
60.6,77.12,82.28,47.4,169.1,2,0,0.9,0.759,0
90.73,40.79,75.95,85.5,97.1,13,3,1.46,0.659,0
13.23,35.27,43.32,66.1,42.2,14,3,3.68,0.906,1
23.23,26.1,94.74,43.0,218.3,19,1,1.38,0.959,1
9.21,48.26,49.76,73.3,306.6,12,4,4.76,0.978,1
35.26,54.66,16.96,43.0,38.2,16,3,0.46,0.851,1
41.15,61.86,44.01,75.5,92.7,19,4,0.83,0.851,1
30.24,28.14,25.22,76.0,177.3,3,2,0.35,0.785,1
82.07,90.38,24.72,71.3,243.1,18,0,1.63,0.957,1
38.18,20.28,37.52,75.1,84.8,14,6,0.39,0.944,1
31.13,91.91,19.27,44.2,48.1,14,0,3.38,0.98,1
55.47,6.34,70.08,74.9,196.1,8,2,0.28,0.999,1
18.11,48.3,20.92,46.6,292.0,2,1,1.49,0.961,1
79.6,35.0,31.26,56.3,41.3,1,2,1.29,0.854,1
11.93,45.42,22.43,85.3,141.8,6,5,0.65,0.737,1
96.78,56.36,20.05,64.1,242.3,8,2,1.97,0.977,1
76.82,44.2,36.42,86.4,71.8,21,5,1.18,0.818,0
23.48,42.34,60.75,44.3,105.5,4,1,0.64,0.939,1
5.51,70.95,92.17,62.9,201.4,16,6,3.7,0.913,0
80.84,66.73,85.04,43.0,335.0,2,1,2.36,0.939,1
70.74,79.99,85.07,70.3,121.9,8,3,0.22,0.979,1
72.8,27.5,29.09,43.8,186.0,7,4,1.59,0.953,1
76.73,59.86,36.19,48.4,158.0,8,0,0.83,0.851,0
11.89,57.67,21.11,52.4,317.2,23,1,5.13,0.862,0
38.34,38.28,77.28,75.9,53.0,16,5,2.79,0.662,1
15.78,48.75,20.59,47.9,211.2,23,1,2.09,0.83,1
85.27,33.24,59.54,80.6,300.8,7,3,0.39,0.878,1
62.97,17.77,34.83,46.3,346.2,20,3,5.54,0.95,0
35.77,24.24,34.48,41.7,253.6,13,6,0.51,0.976,1
10.91,14.5,94.26,59.0,151.6,21,4,1.4,0.984,1
33.92,66.48,75.54,87.0,161.8,15,1,2.49,0.95,1
35.24,64.47,81.96,45.3,142.5,17,1,1.57,0.846,1
72.85,90.55,60.76,44.9,223.2,16,3,4.48,0.929,1
64.29,70.67,84.68,76.1,266.6,23,2,3.81,0.985,1
87.51,9.68,66.64,55.0,292.2,6,4,0.49,0.837,1
48.92,84.58,90.69,74.4,163.3,19,1,2.12,0.975,1
16.12,82.64,37.51,49.6,259.3,14,0,0.31,0.841,1
71.33,44.9,62.63,62.1,323.2,6,6,2.75,0.879,1
75.75,57.73,70.21,52.7,324.7,1,0,2.86,0.952,1
57.2,92.85,46.43,61.7,255.3,1,5,1.04,0.883,1
76.7,52.91,85.38,76.9,233.8,6,3,3.29,0.773,1
50.92,86.48,93.38,76.6,200.1,18,5,2.32,0.867,1
53.61,12.47,54.5,64.8,88.6,5,0,1.6,0.935,1
44.76,22.19,46.25,84.6,69.6,11,3,1.41,0.72,1
7.36,44.67,52.76,52.7,185.4,14,6,0.43,0.845,1
15.03,57.63,83.22,51.5,81.0,12,6,1.71,0.87,0
7.92,78.46,66.64,69.5,214.6,6,2,0.54,0.904,1
64.19,93.94,18.58,69.8,236.6,6,6,2.33,0.963,1
34.24,40.0,58.37,42.2,198.2,14,3,2.01,0.947,1
52.3,9.27,16.38,69.2,41.7,3,1,0.89,0.9,1
89.4,77.11,77.28,58.0,48.5,2,0,0.77,0.928,1
28.18,59.39,41.26,75.9,66.3,0,1,1.49,0.988,1
43.17,22.87,52.76,78.8,79.2,6,0,1.64,0.957,1
75.27,49.53,78.89,66.5,346.8,8,0,3.4,0.972,1
26.28,71.81,18.72,40.1,140.2,0,3,0.92,0.899,1
12.16,74.34,27.68,70.5,123.4,4,6,1.23,0.77,1
31.95,49.97,46.84,75.9,46.7,14,6,1.04,0.878,1
19.99,32.47,33.39,52.0,233.3,3,4,1.2,0.959,1
91.46,92.64,42.03,62.3,238.7,9,0,1.87,0.85,1
80.16,64.7,94.85,86.4,86.1,1,0,1.83,0.985,0
63.91,41.74,81.03,54.3,324.2,22,5,1.1,0.879,1
86.05,30.24,85.71,50.7,286.2,6,4,2.04,0.947,1
79.74,70.8,89.96,50.1,103.7,23,1,2.11,0.819,1
22.35,26.8,42.27,66.8,185.5,18,0,1.7,0.926,1
88.01,20.45,38.77,85.6,176.7,5,6,1.4,0.985,1
55.16,52.69,33.72,69.2,141.5,14,3,0.36,0.942,1
80.09,31.1,81.41,54.6,291.6,19,4,1.76,0.743,1
88.34,61.6,69.36,70.7,65.0,11,4,2.69,0.851,1
34.57,15.61,33.89,70.0,162.9,10,5,0.68,0.932,1
15.23,63.94,45.16,68.7,167.0,2,0,3.21,0.725,1
26.2,30.5,55.54,47.7,180.0,19,1,1.97,0.86,1
44.72,5.02,57.25,70.5,305.6,16,1,0.74,0.932,1
81.08,16.42,86.1,60.6,99.8,6,6,0.56,0.982,1
85.05,89.03,45.45,40.9,62.9,22,2,0.76,0.779,0
5.65,83.06,87.68,65.9,227.7,22,2,3.05,0.83,1
52.5,26.02,50.31,87.5,85.6,17,3,0.78,0.98,1
43.82,75.05,74.71,56.8,54.0,16,6,2.5,0.971,1
25.66,59.77,89.42,86.3,166.5,15,5,1.78,0.927,0
16.15,92.38,87.61,44.6,100.3,1,0,1.78,0.736,1
36.4,38.62,19.56,75.2,145.6,4,1,4.03,0.784,0
92.69,66.33,31.46,45.5,113.1,20,2,4.35,0.922,1
35.06,10.72,53.15,53.1,59.6,12,0,1.74,0.865,1
53.25,40.66,49.52,67.4,209.3,10,5,0.34,0.908,1
70.38,91.74,66.27,68.5,38.6,23,0,0.55,0.947,1
38.82,53.51,90.58,77.2,339.2,0,1,6.14,0.955,1
95.38,30.91,23.99,69.5,139.2,22,0,0.49,0.985,1
94.51,15.82,51.15,68.5,252.5,2,4,3.81,0.99,1
28.42,68.32,30.39,83.8,289.3,17,2,1.75,0.874,1
51.24,63.04,86.53,61.7,119.3,20,3,0.44,0.981,0
32.98,38.65,92.17,50.8,269.6,3,2,5.24,0.77,1
31.49,90.58,53.3,47.8,296.4,8,0,5.47,0.976,1
8.43,7.0,23.32,59.2,107.2,10,4,2.11,0.975,1
61.69,32.34,77.82,74.2,347.6,16,2,1.18,0.942,1
51.75,87.9,70.77,42.0,36.6,10,1,2.07,0.843,1
9.79,33.88,43.37,46.2,99.4,2,4,2.18,0.961,1
30.91,27.7,85.99,45.1,279.6,18,5,2.15,0.936,1
89.47,53.08,93.07,68.1,92.1,19,2,2.84,0.734,1
27.28,79.14,59.63,51.7,253.4,22,0,0.34,0.999,1
18.48,14.28,60.26,48.0,303.8,20,1,0.42,0.957,1
50.52,89.87,38.8,68.5,336.9,10,6,0.86,0.874,1
96.67,76.56,61.76,76.5,181.8,13,0,1.06,0.92,1
27.51,21.31,50.17,55.9,340.8,5,5,2.23,0.775,1
67.51,69.08,39.18,67.8,161.7,18,0,0.58,0.993,1
75.83,39.65,20.37,44.7,99.8,20,5,1.76,0.813,1
27.1,41.21,35.22,84.9,194.5,14,1,0.61,0.875,1
72.72,75.5,30.83,56.2,237.9,10,4,1.08,0.995,1
39.2,91.65,58.36,87.9,176.5,17,2,5.68,0.901,1
63.8,16.4,63.13,87.0,211.4,3,4,4.72,0.965,0
63.92,42.86,63.69,77.4,163.3,18,6,6.32,0.856,1
54.83,48.28,46.05,41.0,197.9,2,5,1.99,0.973,1
13.4,38.87,48.7,66.1,334.8,11,1,1.59,0.903,1
82.68,37.69,81.74,44.2,189.9,3,5,3.98,0.891,1
34.83,9.7,53.1,83.0,111.0,23,2,0.37,0.862,1
22.35,66.7,94.02,77.9,272.8,11,1,7.87,0.895,0
8.79,44.26,50.17,86.7,138.0,23,3,1.44,0.908,1
59.95,22.53,66.97,69.2,291.2,0,3,2.45,0.969,1
68.01,78.44,19.03,65.1,48.2,15,4,2.81,0.85,1
6.54,77.23,67.27,64.9,136.3,20,1,2.18,0.97,1
52.62,48.78,83.11,58.5,60.2,1,6,4.64,0.952,1
26.06,31.86,90.4,62.5,57.3,21,2,0.88,0.987,1
65.0,62.43,94.79,70.5,240.7,2,4,1.72,0.966,1
21.22,30.93,37.57,84.8,153.3,15,3,1.33,0.775,1
69.26,26.24,61.03,68.6,308.9,9,3,2.64,0.992,1
40.97,70.75,51.06,81.1,195.2,8,3,1.21,0.866,0
92.12,8.63,60.11,81.4,124.5,13,4,4.67,0.866,0
17.79,13.53,27.6,64.9,260.7,7,2,1.55,0.99,1
36.72,5.61,83.49,56.7,229.7,1,3,1.74,0.995,1
15.55,18.76,87.77,70.7,285.9,10,6,1.56,0.938,1
91.0,11.21,50.97,61.4,235.9,1,4,2.15,0.909,0
86.59,94.62,37.43,43.9,83.4,14,4,1.63,0.967,1
28.99,30.99,26.27,58.1,244.5,17,0,5.74,0.732,1
66.38,18.43,69.7,87.7,155.3,4,0,0.48,0.985,1
81.0,26.69,39.98,42.3,178.2,6,6,0.23,0.943,1
56.63,89.25,87.76,73.4,324.9,22,5,1.68,0.918,1
54.26,51.81,68.68,80.4,145.2,18,2,3.09,0.847,1
27.49,37.83,66.65,71.1,225.8,18,3,2.29,0.968,1
13.66,83.61,59.75,67.3,146.3,15,0,6.78,0.862,0
88.44,40.55,18.66,74.0,60.3,18,2,0.6,0.68,1
88.74,35.15,89.55,60.6,175.1,16,0,2.57,0.908,1
63.88,23.66,65.23,44.4,221.1,12,6,3.58,0.969,1
36.53,39.0,94.52,86.2,160.4,7,3,5.06,0.938,1
37.48,33.5,57.99,60.8,155.0,10,4,1.7,0.955,1
72.51,65.96,71.81,71.9,292.5,17,3,1.1,0.902,1
88.43,31.06,19.5,65.5,39.5,10,0,6.42,0.969,1
87.5,56.95,65.54,42.6,124.6,22,3,3.34,0.911,1
77.53,10.93,76.17,85.7,289.8,8,6,1.47,0.98,1
64.71,22.22,77.28,78.0,324.6,13,4,2.31,0.986,1
12.83,41.67,76.61,47.2,161.9,1,1,0.85,0.906,1
20.03,89.33,33.1,87.1,314.4,16,4,2.11,0.996,0
88.57,38.95,93.03,75.4,93.7,20,0,1.75,0.856,0
61.4,64.77,94.61,62.7,100.9,15,4,0.28,0.752,1
5.86,27.96,21.05,69.3,300.8,4,5,4.22,0.993,1
14.44,16.43,89.92,45.1,319.0,0,2,1.55,0.925,1
66.71,10.27,38.16,66.9,101.3,8,3,1.51,0.757,0
5.47,32.49,70.14,43.5,49.0,2,5,0.87,0.938,1
19.96,19.19,42.05,66.2,58.9,13,1,0.64,0.946,1
56.03,20.66,92.42,66.5,113.6,17,1,0.89,0.94,1
69.35,73.47,23.12,82.0,273.7,11,3,2.3,0.938,1
65.63,6.43,54.82,74.8,193.2,22,3,0.41,0.992,1
25.86,55.2,49.24,52.0,175.8,13,2,1.01,0.775,1
71.23,39.15,41.08,82.6,216.9,15,4,7.9,0.958,1
27.06,50.59,66.64,67.5,314.9,4,1,0.83,0.841,0
35.26,55.65,25.48,69.1,58.9,19,0,7.0,0.937,1
74.42,33.2,72.33,48.1,252.3,19,3,0.42,0.819,1
65.42,31.56,93.45,81.2,326.6,14,3,3.36,0.975,1
83.98,71.01,79.36,84.7,98.3,8,5,1.36,0.895,1
66.16,83.41,83.8,77.2,298.1,16,5,0.63,0.991,1
57.85,22.33,43.77,85.2,253.4,11,5,3.3,0.806,0
13.71,13.79,40.99,54.5,34.6,12,1,0.21,0.988,1
39.2,85.8,56.36,81.3,104.1,9,5,1.05,0.909,1
29.66,36.49,18.66,63.5,223.9,6,3,2.06,0.975,1
27.69,54.62,90.63,47.9,190.8,23,1,0.73,0.944,1
95.49,37.36,26.5,72.1,198.9,20,6,1.01,0.539,1
41.56,16.32,87.24,72.8,104.2,6,0,0.39,0.993,1
87.96,58.04,21.69,53.8,246.0,7,0,4.04,0.972,1
63.7,52.26,80.81,41.3,115.3,23,6,1.3,0.776,1
78.92,23.27,27.16,49.6,154.6,14,1,0.51,1.0,1
51.75,45.67,18.05,59.2,148.1,20,3,0.64,0.911,1
58.65,76.73,72.56,48.0,245.0,17,2,0.84,0.935,1
50.8,58.14,37.42,49.3,58.9,21,6,0.72,0.864,1
23.16,13.72,72.16,58.8,95.8,0,2,1.6,0.991,1
72.19,54.32,59.41,86.2,94.2,9,4,4.91,0.979,1
31.11,68.25,23.7,76.7,64.7,21,2,0.61,0.913,1
7.26,76.34,89.57,55.3,96.4,18,5,1.41,0.976,1
65.03,61.62,51.19,85.7,224.3,2,3,2.38,0.792,0
21.47,18.74,73.76,71.0,264.3,6,2,0.61,0.97,1
92.46,68.92,55.08,61.9,241.3,3,4,0.53,0.945,1
93.72,65.96,63.35,62.5,182.1,4,0,0.54,0.983,1
90.08,7.2,39.22,59.7,46.8,5,1,4.47,0.861,1
39.42,42.06,31.03,51.2,336.9,9,2,2.68,0.975,1
6.44,34.97,58.41,58.6,83.8,11,1,1.02,0.946,1
91.33,65.25,50.22,65.3,243.9,13,6,4.86,0.939,1
44.82,24.45,46.21,65.3,322.1,21,1,6.34,0.979,1
94.9,58.18,68.81,76.6,253.3,1,5,1.22,0.843,0
94.62,87.19,70.24,57.2,99.8,2,5,1.63,0.726,1
84.33,76.8,18.67,74.4,131.1,0,0,1.09,0.801,1
32.38,87.93,42.1,67.7,39.7,2,4,0.72,0.878,1
40.81,93.07,47.94,86.2,226.1,23,3,3.23,0.967,0
84.16,5.96,22.75,58.5,226.2,14,3,2.29,0.869,1
34.47,61.05,33.87,83.3,262.2,15,3,1.11,0.983,1
20.76,42.16,19.13,79.4,33.5,19,6,0.23,0.801,1
56.78,82.39,94.7,70.6,291.7,1,4,3.09,0.878,1
92.06,27.66,73.92,71.4,266.4,19,5,1.5,0.816,0
69.73,93.29,22.0,44.1,75.1,15,4,0.35,0.875,1
58.02,60.23,16.62,85.6,141.2,14,4,0.47,0.998,1
14.04,76.42,72.54,45.1,234.3,6,2,2.18,0.995,1
62.2,12.7,50.14,67.0,188.7,4,1,1.78,0.926,1
97.08,21.51,77.94,55.8,66.8,4,4,0.75,0.884,1
18.03,73.26,88.88,60.6,58.0,20,4,0.5,0.995,1
53.2,6.98,62.94,69.3,280.1,8,6,4.52,0.958,1
86.6,78.52,29.97,83.6,79.9,22,2,0.49,0.893,0
73.89,6.26,77.58,62.0,85.1,13,1,0.38,0.682,1
69.82,64.14,91.46,87.4,295.9,18,6,2.13,0.844,1
70.33,37.86,61.42,68.5,225.9,17,5,0.78,0.974,1
38.43,60.03,69.56,47.7,223.5,8,5,2.34,0.907,0
32.3,67.64,42.0,49.1,183.4,2,3,1.54,0.903,1
80.27,35.82,45.52,74.4,212.1,10,0,0.67,0.85,1
80.34,14.72,73.77,42.4,222.6,23,4,0.34,0.964,1
85.64,11.27,89.22,63.1,339.7,14,4,0.35,0.99,1
89.93,58.0,65.32,47.1,101.4,3,0,1.96,0.995,1
52.55,51.86,78.19,60.8,98.7,20,4,3.04,0.982,1
51.64,71.8,28.73,76.0,48.3,23,5,2.54,0.875,1
79.24,50.88,31.96,62.0,240.6,4,4,2.0,0.937,1
65.45,43.02,57.56,47.8,205.7,17,4,0.67,0.907,1
70.28,40.83,29.12,52.1,65.6,21,0,4.16,0.875,0
79.01,7.38,65.8,57.6,146.7,22,5,2.18,0.936,1
87.77,35.2,38.33,43.3,87.2,11,2,2.57,0.923,1
36.43,92.84,78.32,68.0,136.1,0,2,0.71,0.933,1
39.93,83.62,79.65,69.2,334.4,21,0,0.81,0.984,1
13.74,34.64,52.1,43.0,248.7,19,2,4.96,0.991,1
58.78,57.9,29.46,59.3,32.4,1,3,1.49,0.954,0
8.34,81.26,66.74,59.9,110.8,8,3,1.81,0.734,1
48.3,44.71,94.42,56.0,33.3,21,5,0.43,0.991,1
55.47,6.62,64.81,66.8,258.8,17,0,1.2,0.939,1
31.65,11.71,17.86,56.6,180.2,4,1,4.56,0.878,1
59.95,50.94,16.38,60.0,348.1,21,5,4.81,0.856,1
7.84,92.25,40.63,78.3,264.7,13,4,2.82,0.95,0
8.47,67.39,30.66,47.8,195.7,10,1,1.78,0.989,1
81.5,11.38,80.04,69.7,287.5,20,4,5.54,0.933,1
38.5,22.04,82.58,64.3,255.5,21,5,4.31,0.889,1
16.82,74.42,35.69,54.6,108.0,2,6,3.95,0.66,0
53.57,80.73,41.05,74.9,199.7,8,2,4.47,0.774,1
76.61,60.59,33.9,66.5,207.9,1,2,1.41,0.943,1
25.07,63.0,87.67,62.9,174.4,13,3,1.69,0.83,1
62.93,7.55,55.21,72.0,87.3,1,1,1.3,0.847,1
12.94,79.57,67.49,78.5,101.5,20,0,2.89,0.894,1
9.81,75.94,48.24,86.7,119.9,9,6,1.99,0.694,0
54.42,28.31,65.48,70.2,33.3,18,4,0.34,0.947,1
55.28,68.78,45.87,82.0,323.4,1,2,0.49,0.942,1
64.28,24.34,42.17,40.1,249.6,15,6,0.63,0.983,1
72.53,8.63,65.76,65.5,250.7,5,5,2.42,0.892,0
95.75,23.1,62.28,50.3,213.1,11,6,0.43,0.986,1
53.02,21.08,38.48,44.5,250.6,21,4,1.76,0.965,1
35.03,35.4,26.95,65.5,344.2,6,0,3.88,0.949,1
78.95,42.66,44.49,75.8,153.3,3,6,6.09,0.909,1
30.19,50.77,48.22,59.8,258.0,7,4,1.32,0.933,1
45.82,47.91,65.29,72.2,145.0,18,3,1.72,0.763,0
12.3,29.36,88.16,63.5,303.4,9,0,3.76,0.934,1
7.36,7.63,17.89,61.0,304.6,0,0,5.69,0.869,0
94.53,59.46,34.49,53.9,318.7,4,4,1.19,0.876,1
82.75,40.62,30.5,58.4,31.7,5,4,1.07,0.912,1
69.73,31.88,55.18,56.8,125.4,18,2,1.4,0.961,1
43.03,83.02,49.38,71.0,72.9,17,4,0.79,0.939,1
21.12,72.21,73.32,45.6,175.3,18,0,4.13,0.864,1
19.55,82.2,34.39,44.4,188.5,18,6,0.97,0.91,1
28.27,49.55,62.56,71.7,111.9,22,5,1.39,0.99,1
56.08,16.78,85.71,66.2,261.5,0,4,0.97,0.874,1
71.46,67.66,87.85,60.6,116.3,19,5,0.45,0.828,1
66.4,23.55,91.7,47.3,303.2,10,5,2.07,0.99,1
31.03,44.71,76.86,59.7,86.9,2,2,1.97,0.799,1
93.8,10.85,87.48,77.9,147.5,9,1,0.9,0.919,1
73.62,79.28,33.76,82.7,229.1,6,5,0.26,0.996,1
56.55,16.33,30.81,73.7,223.7,16,3,5.72,0.872,1
61.89,86.28,15.52,42.9,55.0,23,5,1.08,0.858,1
44.02,82.78,71.55,72.2,300.8,15,6,1.75,0.969,0
28.04,46.81,90.0,51.6,221.4,6,0,0.51,0.933,1
38.11,71.99,29.95,55.1,308.4,12,6,0.78,0.765,1
75.48,60.75,65.96,49.4,307.6,11,2,1.34,0.965,1
6.34,77.28,74.72,77.2,204.7,11,3,1.85,0.948,1
15.79,43.86,89.21,71.1,321.5,7,6,4.05,0.994,1
9.28,75.72,66.75,69.4,301.5,7,4,0.89,0.89,0
8.79,46.62,92.62,72.1,336.6,12,5,4.31,0.958,1
84.56,89.69,42.57,51.4,302.2,10,4,1.43,0.936,1
70.44,48.77,42.99,61.3,292.8,0,1,1.33,0.852,0
49.1,46.64,58.44,70.4,180.2,16,4,1.21,0.967,1
14.1,75.66,45.68,70.6,97.8,18,3,4.55,0.972,1
50.72,78.94,15.11,78.0,321.4,12,2,0.78,0.916,1
49.03,54.9,73.54,53.8,261.2,22,6,4.09,0.936,1
21.11,21.18,75.14,77.0,120.2,14,1,0.39,0.701,1
45.35,47.1,74.76,61.1,139.1,23,3,6.42,0.972,1
42.06,92.13,42.6,72.2,249.5,11,2,1.6,0.984,1
62.27,72.77,56.78,61.9,182.9,20,6,12.0,0.901,0
64.06,78.0,43.8,85.5,56.1,16,3,2.07,0.698,0
9.21,7.95,16.28,48.6,75.3,2,4,0.45,0.879,1
39.84,47.11,60.0,72.4,268.6,6,3,0.33,0.915,1
63.2,63.2,24.9,67.7,135.1,1,1,0.63,0.991,1
51.79,79.7,21.4,48.3,192.4,1,3,1.29,0.97,0
84.65,9.43,75.44,43.2,275.3,5,0,2.95,0.872,1
66.26,81.72,15.76,78.4,270.4,3,4,0.2,0.898,1
20.15,54.36,91.72,47.6,83.4,15,3,0.8,0.789,1
11.56,22.76,56.22,49.0,61.5,14,2,1.97,0.89,0
64.74,33.55,93.64,87.0,219.2,9,4,0.91,0.95,0
7.47,30.37,19.64,74.4,267.3,13,5,1.08,0.884,1
59.48,52.78,61.68,52.0,77.7,8,2,0.92,0.802,1
92.44,9.65,42.95,68.4,149.0,14,1,6.32,0.759,0
58.52,19.27,82.48,65.6,308.5,6,5,0.34,0.828,0
41.1,78.14,43.9,80.5,332.2,6,5,4.96,0.896,0
64.83,16.93,35.84,75.0,175.3,7,5,0.98,0.879,1
47.62,26.01,83.6,79.9,55.4,18,0,0.77,0.779,1
55.74,45.8,44.97,50.2,112.5,17,6,4.5,0.892,1
92.56,51.54,16.35,70.7,104.6,16,3,0.88,0.996,1
40.91,73.72,46.22,41.9,106.5,17,4,8.96,0.978,0
94.39,45.26,67.36,43.3,188.0,18,6,1.79,0.998,1
89.2,76.09,35.35,74.2,216.6,20,3,1.49,0.865,1
23.21,60.65,49.56,41.2,69.2,7,3,7.7,0.908,1
11.45,15.18,19.54,67.8,314.6,12,4,0.71,0.599,0
14.37,19.07,62.05,80.3,228.4,10,6,4.99,0.921,1
6.69,44.33,75.5,58.2,221.1,18,5,1.99,0.935,1
13.78,40.72,48.07,42.2,345.9,6,5,3.01,0.865,1
68.52,71.92,48.62,74.3,231.0,4,0,1.94,0.623,1
11.62,57.27,22.06,84.6,327.3,4,0,2.13,0.845,1
34.66,39.93,31.16,74.4,121.6,7,1,0.54,0.805,1
83.57,20.37,27.37,67.8,106.8,9,4,0.53,0.956,1
7.16,25.42,53.54,51.0,195.3,4,4,1.21,0.779,1
80.75,56.8,57.34,40.7,192.8,14,2,1.05,0.931,1
31.21,43.11,90.92,73.3,102.5,22,2,2.69,0.859,1
15.99,51.34,20.86,51.1,253.9,15,2,2.77,0.987,1
69.8,20.36,62.99,81.2,39.5,9,0,1.86,0.995,1
63.49,64.66,57.12,62.4,251.0,23,1,1.23,0.994,1
86.6,81.73,56.3,65.5,176.3,7,1,2.46,0.935,1
73.36,28.21,84.85,76.2,250.5,18,5,2.53,0.929,1
79.72,49.24,31.44,77.4,182.7,3,3,3.51,0.995,1
31.23,92.8,18.26,70.8,342.7,13,1,3.54,0.963,1
21.5,34.99,68.78,85.0,137.1,7,6,0.34,0.717,0
74.81,58.55,42.61,87.2,344.4,20,2,1.14,0.997,0
80.04,13.12,16.41,85.5,50.8,13,4,1.29,0.904,1
97.12,59.54,35.11,79.6,248.8,11,3,3.95,0.964,0
43.37,13.07,39.75,73.9,175.4,0,5,1.59,0.816,1
39.6,91.33,64.35,71.8,293.1,22,0,1.54,0.841,1
77.21,69.41,28.81,45.0,282.7,18,1,1.81,0.877,1
36.69,75.93,48.04,53.0,286.1,17,5,0.47,0.746,1
91.56,68.37,53.6,40.3,60.3,11,4,1.87,0.982,1
84.83,58.08,51.74,46.6,293.2,9,2,1.8,0.963,1
44.9,45.49,92.92,61.1,98.5,20,0,3.01,0.861,1
74.83,82.25,18.64,47.0,38.2,0,0,2.21,0.768,1
75.17,91.12,91.08,83.3,99.7,13,1,6.4,0.947,0
14.59,49.91,61.55,78.7,183.4,8,6,0.37,0.83,1
88.94,88.84,78.66,43.4,267.5,14,4,3.15,0.88,0
51.99,57.5,49.43,51.9,100.0,20,2,2.98,0.909,1
81.86,53.45,51.31,79.3,66.2,21,2,0.83,0.945,1
34.76,45.9,85.35,78.5,236.7,22,2,2.6,0.924,1
88.28,23.84,86.67,85.4,344.8,13,2,2.35,0.971,1
41.2,5.33,34.1,87.9,222.3,8,1,0.91,0.921,1
6.01,26.74,30.94,86.9,251.1,10,5,2.77,0.976,1
89.2,50.88,54.7,59.7,209.6,4,5,5.54,0.909,0
13.49,39.2,87.02,52.0,280.4,11,5,0.93,0.995,1
34.7,45.36,40.79,76.4,342.3,15,1,8.03,0.745,1
93.36,93.26,67.16,54.4,204.1,19,4,0.71,0.976,0
93.41,36.52,71.65,78.7,163.4,2,6,0.49,0.885,1
58.33,45.7,77.29,65.6,305.3,4,3,0.36,0.934,1
63.76,17.02,60.11,78.1,340.3,18,1,0.68,0.825,1
46.71,9.32,47.2,53.2,71.3,4,2,1.04,0.796,0
32.27,74.79,92.36,64.4,215.0,23,5,2.84,0.86,1
35.57,56.36,63.91,67.1,283.6,17,5,0.35,0.907,1
67.54,73.46,73.29,85.3,200.7,3,4,1.62,1.0,1
74.97,18.49,42.6,52.8,160.9,23,2,1.66,0.891,0
78.62,56.46,68.6,85.0,239.7,14,1,0.72,0.944,1
78.43,27.83,35.62,78.6,116.4,4,5,0.29,0.965,1
13.48,25.53,34.61,75.1,141.7,7,4,0.71,0.816,1
50.98,6.04,72.18,77.8,347.5,15,6,0.72,0.976,1
10.35,16.73,56.71,69.1,233.7,21,2,2.53,0.994,1
56.11,32.83,69.66,51.7,309.3,0,5,0.73,0.943,1
46.06,15.52,36.56,49.1,288.5,4,3,1.03,0.968,1
87.56,93.73,62.9,81.6,238.7,17,0,0.3,0.911,1
37.64,32.78,50.51,74.8,299.0,15,0,2.16,0.911,1
15.89,16.73,62.76,50.2,121.9,22,5,1.49,0.914,1
18.3,22.92,38.27,69.5,233.9,9,2,1.05,0.786,1
75.82,57.89,72.24,61.5,219.0,3,5,2.63,0.994,1
62.49,10.76,79.47,47.6,229.2,17,6,2.49,0.972,1
14.4,82.62,35.79,65.5,84.0,16,0,0.99,0.994,1
12.82,91.53,39.05,53.5,118.7,20,5,2.67,0.991,1
70.19,27.21,67.89,44.6,121.7,12,5,1.06,0.991,1
11.77,45.51,70.65,62.4,222.6,7,3,0.7,0.805,1
81.43,6.99,71.33,68.3,341.2,7,5,2.74,0.581,0
70.68,62.66,69.62,42.3,335.3,11,6,2.8,0.948,1
12.57,42.25,46.42,59.3,102.7,17,3,4.22,0.815,0
12.89,29.31,46.59,52.4,127.6,5,2,1.59,0.797,1
96.76,23.62,35.39,41.5,41.5,6,3,0.73,0.824,1
39.81,63.86,27.55,46.0,157.6,16,0,3.83,0.904,1
39.47,42.46,70.41,46.7,297.1,4,2,0.58,0.714,1
80.59,21.17,22.46,48.8,323.0,21,6,5.78,0.958,0
93.09,67.02,90.02,78.6,105.7,22,5,0.93,0.993,1
96.7,55.86,81.13,61.1,115.1,18,0,0.24,0.933,1
75.06,82.28,83.6,47.1,100.7,7,3,0.61,0.827,1
39.99,15.57,87.53,44.8,142.0,18,3,1.27,0.963,1
12.77,75.71,47.69,54.3,287.5,7,4,0.31,0.938,1
77.27,65.62,82.74,78.3,237.0,20,1,1.25,0.621,1
56.93,15.35,27.64,57.5,281.5,18,6,0.65,0.949,1
44.45,67.53,16.73,47.7,216.6,6,6,0.24,0.961,1
89.29,44.74,77.79,59.4,112.5,2,5,0.91,0.926,1
15.34,90.05,20.98,66.7,103.0,5,1,0.71,0.986,1
50.81,17.75,94.08,41.4,32.9,7,2,1.29,0.979,1
6.06,62.86,68.98,70.1,279.9,17,0,3.05,0.685,1
48.59,39.38,75.28,59.0,301.1,14,1,1.63,0.915,1
10.24,91.11,34.66,40.5,275.9,23,2,3.12,0.983,1
16.05,34.7,68.91,72.3,53.8,16,3,1.02,0.846,1
15.93,91.6,18.46,74.2,273.9,3,1,0.23,0.987,1
65.38,86.13,82.03,70.2,44.6,6,0,5.31,0.943,1
74.38,29.33,28.57,56.4,63.8,16,4,0.96,0.93,1
59.25,77.32,70.79,65.4,171.0,21,6,1.7,0.952,1
94.48,94.6,32.96,58.6,182.4,5,4,1.47,0.882,1
39.86,27.74,20.48,73.6,291.2,12,1,1.95,0.863,1
31.57,44.31,53.52,68.0,247.4,6,4,4.53,0.928,0
85.78,51.82,28.54,43.9,79.1,8,2,4.24,0.919,1
25.79,31.54,73.36,70.9,102.4,22,5,8.13,0.948,1
94.58,6.37,34.01,73.0,121.4,18,0,1.7,0.876,0
6.13,24.81,42.4,57.8,69.6,19,3,5.31,0.961,1
95.2,30.37,60.4,82.0,122.0,12,0,1.52,0.818,0
9.01,44.92,37.8,80.5,263.2,14,3,0.29,0.936,1
87.88,20.4,45.24,48.4,107.2,16,4,0.52,0.995,1
54.08,83.59,80.25,83.4,297.3,4,2,1.01,0.949,1
97.35,68.44,29.34,61.2,180.2,22,3,2.79,0.852,1
11.86,12.67,21.58,74.7,133.3,18,6,0.37,0.976,1
56.51,63.51,41.27,79.1,162.0,5,4,1.1,0.903,1
95.15,63.83,48.95,64.2,257.0,11,3,8.28,0.968,1
53.65,91.06,58.41,59.2,195.4,14,1,3.28,0.842,1
63.53,5.27,44.79,83.9,32.3,14,0,1.9,0.956,1
69.7,27.31,78.19,51.1,325.1,2,5,0.33,0.898,1
47.27,88.5,18.15,52.3,51.1,3,5,0.23,0.862,1
63.36,88.89,49.54,57.4,330.4,4,2,0.42,0.98,1
59.34,69.85,45.58,81.3,39.0,5,4,0.99,0.923,1
88.81,73.92,66.81,85.1,276.7,5,2,2.06,0.887,1
9.23,13.23,92.3,50.6,201.1,16,0,0.64,0.782,1
31.13,51.25,55.83,81.5,191.8,7,5,0.31,1.0,1
93.39,25.84,93.95,52.4,53.3,18,3,0.39,0.953,1
87.79,21.31,39.18,86.6,106.4,19,3,1.31,0.864,0
47.38,77.93,17.47,68.7,278.8,23,2,3.17,0.962,1
62.67,17.15,28.25,40.3,315.2,20,3,3.64,0.95,1
30.8,47.18,46.61,41.6,199.3,21,3,0.89,0.945,1
22.5,89.47,40.31,47.1,143.1,12,6,2.38,0.999,1
48.12,21.72,22.76,49.0,49.2,14,6,1.2,0.856,1
37.86,93.02,49.61,76.8,248.3,16,3,7.39,0.964,0
59.28,94.49,42.05,50.7,119.1,23,1,1.24,0.932,1
12.23,55.01,24.81,86.5,47.6,20,6,1.21,0.949,1
95.62,20.31,38.69,70.5,243.1,16,4,1.59,0.839,1
96.72,33.45,85.91,73.2,185.4,22,4,0.25,0.927,1
69.93,43.2,39.16,50.5,33.8,1,5,1.28,0.917,0
54.86,32.84,72.12,82.8,65.5,21,6,3.73,0.992,1
33.79,30.26,63.96,72.1,253.7,2,0,2.09,0.895,1
80.68,92.5,49.17,81.5,50.4,21,3,7.17,0.97,0
68.68,18.8,34.12,85.9,307.1,8,2,0.99,0.984,1
20.12,71.0,44.52,46.0,129.6,5,3,0.55,0.798,1
89.72,5.04,62.37,44.6,58.4,0,0,2.98,0.87,1
81.5,58.66,43.06,78.6,273.1,21,3,0.29,0.931,1
93.33,87.43,32.19,81.6,197.8,18,1,0.55,0.779,1
72.49,30.91,24.32,68.0,128.1,3,0,1.61,0.875,1
62.05,21.7,85.38,57.6,160.0,12,4,3.0,0.989,1
43.9,63.65,50.23,71.3,36.9,19,4,2.04,0.964,1
91.74,69.13,65.02,54.7,242.1,7,1,10.75,0.97,1
85.54,66.92,54.23,51.4,147.0,22,4,2.33,0.869,1
9.21,33.74,84.81,63.4,258.5,4,5,2.78,0.99,1
7.45,27.7,58.75,50.4,231.0,9,1,10.4,0.786,1
40.01,91.03,53.46,63.2,238.4,19,4,2.0,0.949,1
80.38,88.1,88.97,85.9,283.7,18,6,2.71,0.715,1
96.82,46.16,72.58,80.3,232.0,11,4,0.91,0.969,1
18.99,81.16,23.92,85.2,164.0,0,5,1.74,0.97,1
60.25,45.71,29.22,78.7,154.8,8,3,5.06,0.885,0
40.42,43.2,77.97,57.0,68.3,23,6,4.04,0.977,0
95.2,19.11,81.87,79.0,279.4,15,0,0.93,0.818,1
83.32,43.38,58.62,84.3,273.6,16,4,1.08,0.886,1
82.96,53.37,59.36,85.5,108.8,17,0,3.95,0.985,1
48.59,7.03,65.55,72.8,306.1,13,0,0.87,0.841,1
43.58,44.97,50.13,50.1,218.5,16,4,4.57,0.965,1
30.43,75.32,69.42,41.9,183.2,0,6,3.17,0.93,1
10.24,66.2,23.68,47.1,35.6,20,0,0.53,0.987,1
85.42,62.16,91.9,86.3,152.5,14,5,2.74,0.931,0
80.6,86.86,75.01,62.2,235.0,18,1,3.8,0.879,1
97.97,6.62,65.49,81.0,58.7,1,6,0.51,0.86,1
97.69,55.13,40.31,62.3,177.1,23,5,1.42,0.816,1
56.66,75.86,27.88,71.7,347.9,23,2,4.17,0.939,0
76.52,53.72,47.75,41.2,259.3,13,1,0.64,0.826,1
92.86,34.15,67.93,52.0,205.0,21,6,1.39,0.928,1
84.02,17.26,65.7,60.9,200.6,1,4,2.1,0.999,1
28.0,84.88,45.61,70.3,44.0,14,1,0.4,0.96,1
46.9,47.37,64.06,48.2,336.3,0,5,0.68,0.795,1
17.01,84.03,80.1,76.7,327.0,21,6,1.46,0.732,1
93.73,57.73,17.1,57.5,248.4,0,2,1.14,0.808,1
61.37,65.68,51.05,79.2,61.7,11,6,0.99,0.967,0
26.26,77.38,75.68,44.7,96.5,21,1,0.25,0.937,1
67.47,64.32,58.69,72.6,88.9,14,6,5.46,0.884,1
62.49,40.82,67.12,54.1,196.3,17,0,4.3,0.908,1
38.31,51.23,56.33,78.2,96.5,14,6,1.2,0.895,1
15.56,77.27,94.35,59.3,252.7,6,4,0.6,0.961,1
67.46,38.63,19.37,71.9,204.5,11,0,0.34,0.955,1
53.39,39.93,54.28,84.8,35.7,9,6,0.46,0.947,1
76.83,13.61,22.31,41.0,268.1,1,0,2.04,0.989,1
53.38,87.31,27.78,40.5,90.4,1,4,2.85,0.993,1
84.25,13.19,45.64,77.0,294.0,5,4,0.54,0.986,1
56.33,63.34,27.44,71.0,143.6,19,3,0.44,0.915,1
57.17,42.19,92.09,54.1,138.4,5,2,2.55,0.895,1
86.53,41.51,90.74,63.7,33.8,23,6,1.66,0.88,1
42.52,66.16,41.89,42.0,346.1,9,0,1.13,0.973,0
17.46,11.04,66.18,49.2,225.8,2,5,2.78,0.983,0
7.68,58.43,57.7,60.4,165.3,15,0,1.42,0.662,0
75.23,74.48,80.25,80.0,60.9,4,6,1.45,0.878,0
62.69,79.54,65.2,63.0,253.7,4,4,0.23,0.884,1
70.48,20.35,15.02,68.1,120.5,9,4,0.96,0.955,1
24.81,85.77,76.05,81.9,346.2,22,6,0.21,0.859,0
17.68,64.05,74.75,54.8,334.2,12,6,5.35,0.999,1
6.35,84.37,55.78,73.6,265.3,23,1,0.9,0.967,1
37.6,48.68,87.23,81.4,340.7,2,0,0.6,0.865,1
59.86,53.78,87.68,49.7,63.8,17,0,0.39,0.991,1
41.48,87.71,56.91,57.1,119.6,18,4,0.3,0.878,1
45.69,85.99,63.64,87.0,111.0,5,5,4.54,0.985,1
89.09,45.33,94.72,87.2,53.0,19,5,0.57,0.971,1
37.39,29.7,38.91,50.7,341.1,0,0,2.12,0.969,1
52.8,40.39,40.97,43.2,49.2,9,2,2.31,0.914,1
77.88,39.9,29.62,53.0,304.1,9,3,0.96,0.971,1
41.88,30.82,86.67,59.1,275.8,21,4,3.78,0.815,0
62.85,29.17,74.56,61.2,150.3,0,4,0.68,0.767,0
85.2,82.5,23.45,69.7,36.0,18,0,0.35,0.98,1
93.31,11.29,93.54,83.2,32.0,10,6,0.34,0.936,1
18.68,65.99,73.48,55.9,95.3,12,5,0.91,0.953,1
91.17,20.55,83.04,80.8,188.0,16,3,1.44,0.993,1
50.77,36.01,18.85,44.5,176.5,19,3,2.19,0.957,1
29.02,10.54,55.4,42.0,217.3,17,5,2.81,0.819,1
47.7,29.3,70.89,64.2,277.0,3,4,0.59,0.926,1
96.14,74.16,58.44,42.9,150.8,14,4,2.5,0.934,1
50.81,84.65,68.33,58.8,81.3,1,4,0.6,0.888,1
35.57,24.94,80.43,83.0,286.0,5,2,11.95,0.949,1
63.91,46.72,44.95,51.6,136.5,21,0,6.59,0.977,1
27.33,47.33,82.89,73.9,121.8,22,2,0.42,0.954,1
12.06,83.62,28.03,54.5,274.6,8,4,2.33,0.999,1
16.99,73.65,36.67,42.2,328.9,10,3,4.87,0.749,1
16.91,51.18,18.47,66.7,322.8,19,0,0.37,0.895,1
19.13,65.37,44.15,80.1,74.0,15,0,0.46,0.919,1
17.91,81.26,45.39,59.7,191.0,7,5,1.05,0.927,1
64.6,5.86,79.42,69.6,59.7,16,4,0.4,0.876,1
21.91,41.26,67.25,83.2,337.5,22,4,4.54,0.804,1
37.15,86.65,49.94,77.9,98.9,22,4,4.37,0.916,1
88.4,71.63,67.17,49.3,93.2,3,4,6.14,0.94,1
49.08,53.86,19.22,75.2,314.4,6,6,0.66,0.845,1
67.08,52.67,29.42,64.1,339.7,10,6,0.29,0.938,1
21.03,36.3,65.16,75.8,253.2,10,4,1.38,0.899,0
22.88,51.85,66.31,63.7,68.7,10,6,4.45,0.957,1
8.8,63.98,76.93,46.1,185.5,20,4,2.23,0.961,1
20.71,42.65,47.24,67.4,291.3,20,0,12.0,0.808,1
30.91,69.27,72.8,63.6,213.2,14,2,4.92,0.965,1
21.46,82.51,69.72,64.9,72.4,4,3,1.2,0.968,1
13.25,18.92,92.07,82.2,85.0,5,6,0.28,0.981,1
16.22,45.64,32.21,83.0,306.5,22,4,0.21,0.915,1
47.85,41.72,59.13,61.8,198.6,4,3,2.27,0.986,1
24.19,66.87,63.14,61.9,255.9,8,5,5.15,0.918,0
38.88,27.49,94.89,64.7,149.4,10,0,1.37,0.919,1
51.82,62.62,31.09,64.9,200.4,22,3,4.35,0.958,1
69.21,83.97,56.86,85.6,342.7,2,0,1.87,0.998,1
8.66,42.63,42.69,71.2,135.5,19,1,0.41,0.96,1
79.35,86.99,57.07,53.3,245.9,3,2,3.4,0.994,1
63.39,94.38,33.57,65.5,85.2,22,1,1.56,0.966,1
12.6,14.55,18.81,70.1,69.0,14,0,0.3,0.906,1
86.24,25.97,60.81,70.7,280.8,17,6,3.57,0.909,1
90.64,90.53,41.87,68.1,300.1,4,5,3.03,0.99,1
10.68,91.25,29.56,48.5,243.9,10,1,1.42,0.858,1
30.75,13.79,40.91,41.6,80.6,10,0,0.24,0.957,1
79.98,6.35,18.94,56.2,107.0,3,1,1.05,0.709,1
74.59,19.5,91.04,60.5,321.6,15,0,1.34,0.957,1
22.16,94.64,61.49,43.0,122.4,10,2,0.56,0.971,1
24.47,21.2,80.18,79.1,292.0,0,5,0.55,0.91,0
39.45,50.23,48.85,56.5,121.5,12,2,0.57,0.856,1
50.06,81.36,87.27,83.9,330.6,18,2,1.13,0.89,0
62.5,6.84,53.67,47.4,322.6,5,0,3.6,0.93,1
39.31,59.4,60.92,42.7,43.8,19,3,3.05,0.962,1
48.02,29.93,54.34,63.2,276.5,18,1,0.22,0.957,1
74.51,82.61,73.66,49.1,84.2,5,6,0.22,0.939,1
8.41,30.51,60.33,85.0,98.9,12,1,0.36,0.972,1
28.48,66.81,36.73,40.5,177.2,10,1,1.46,0.995,1
71.34,65.68,26.64,59.8,214.4,18,5,4.59,0.98,1
88.25,24.93,63.49,84.5,134.3,6,1,0.6,0.905,1
52.59,8.13,54.13,58.5,214.1,11,2,1.5,0.991,1
54.49,41.83,22.68,44.5,84.6,15,3,0.28,0.869,1
14.97,31.03,46.65,54.5,37.1,0,1,0.24,0.938,1
46.61,77.81,56.18,63.9,212.8,14,3,0.22,0.984,1
54.53,77.03,81.15,48.9,195.6,12,0,2.87,0.95,1
27.55,46.13,21.09,62.4,250.7,9,0,0.25,0.703,0
30.04,59.59,42.88,80.1,237.9,17,5,0.84,0.952,0
40.09,59.38,80.81,81.9,317.2,3,1,2.27,0.838,0
6.87,79.44,66.87,42.4,177.0,21,4,2.13,0.953,0
34.95,43.25,38.2,47.7,32.7,5,5,0.31,0.937,1
24.66,29.79,82.63,53.2,231.8,7,2,0.79,0.919,1
35.46,28.85,54.46,68.6,246.0,23,5,2.24,0.972,1
16.14,53.26,54.87,57.3,196.9,19,1,1.2,0.752,1
87.82,45.42,93.13,80.5,250.6,21,2,1.45,0.939,1
60.2,44.61,90.77,74.4,133.5,8,1,0.66,0.946,1
68.16,13.2,43.68,44.8,77.6,22,2,0.28,0.926,1
78.39,69.67,26.25,70.0,242.7,7,6,1.05,0.884,1
51.36,24.24,41.05,45.4,108.5,23,4,2.5,0.892,1
13.08,22.73,17.44,52.2,176.0,17,4,3.11,0.914,1
54.95,42.15,16.66,48.5,187.3,6,5,2.0,0.939,1
59.58,25.5,46.64,48.3,182.7,18,0,1.2,0.859,0
74.33,57.55,90.28,69.6,221.5,22,5,1.95,0.991,1
45.14,38.43,84.71,67.1,39.4,17,1,2.64,0.93,1
16.86,45.4,55.92,48.4,346.7,0,4,3.02,0.924,1
31.39,53.35,60.22,87.5,259.2,10,4,0.4,0.876,1
38.77,23.32,15.47,60.2,166.1,8,5,3.45,0.977,1
65.07,19.02,32.24,44.7,91.2,9,1,0.33,0.926,1
58.08,84.24,16.98,45.8,55.7,9,5,4.29,0.991,1
38.12,44.04,75.36,68.0,245.1,0,6,1.2,0.968,1
96.75,42.09,26.65,87.0,131.4,16,5,1.78,0.951,1
61.34,8.21,84.52,67.5,103.4,11,5,0.88,0.967,1
27.06,49.82,66.47,85.6,151.6,11,1,1.31,0.903,1
14.47,54.88,33.35,61.3,219.7,18,0,3.93,0.864,1
19.22,55.3,27.62,60.9,244.9,16,4,0.9,0.972,1
27.87,68.63,65.21,64.0,236.5,6,2,1.86,0.995,1
19.94,20.97,87.07,73.5,306.2,22,1,2.28,0.795,1
22.35,27.7,72.47,57.6,100.0,10,1,0.52,0.782,1
31.51,77.97,42.88,81.5,233.8,23,1,3.21,0.894,0
21.12,90.25,61.99,41.4,62.4,1,5,12.0,0.772,1
88.4,17.23,39.86,61.1,205.3,15,5,0.54,0.989,1
12.46,49.79,94.93,64.5,216.9,22,1,3.12,0.979,1
53.78,24.28,74.91,69.1,99.2,8,4,0.52,0.993,1
43.17,10.41,64.15,53.3,155.3,9,2,6.2,0.798,0
96.36,34.3,48.86,60.5,294.7,20,0,1.26,0.902,1
15.42,17.93,64.45,63.3,77.5,9,3,8.02,0.971,1
42.0,68.89,42.33,73.0,169.0,2,4,0.34,0.863,0
95.16,53.04,17.31,77.1,328.5,16,4,3.33,0.968,1
85.49,17.95,46.61,75.4,191.3,13,6,1.48,0.704,1
80.99,5.83,89.44,56.4,262.0,18,3,0.88,0.947,1
28.98,77.73,65.1,88.0,294.6,17,3,2.96,0.672,0
20.89,20.86,21.72,80.7,95.2,17,1,2.22,0.983,1
67.18,59.56,85.8,52.5,99.8,13,2,4.86,0.992,0
91.43,35.32,36.51,49.4,272.7,2,4,0.77,0.943,1
56.78,57.69,34.5,55.1,271.1,9,4,5.82,0.958,1
58.16,33.41,38.77,61.7,49.3,22,0,2.25,0.979,1
31.04,12.82,61.18,80.8,133.2,12,3,1.4,0.908,1
76.56,25.07,58.58,77.4,157.5,21,3,0.31,0.907,1
22.4,21.93,54.31,80.9,295.3,11,4,3.1,0.955,1
35.1,43.52,72.4,53.1,165.0,8,3,4.11,0.977,1
44.57,64.25,40.32,68.5,326.3,9,1,3.52,0.945,1
52.21,28.74,77.57,53.6,348.9,18,0,2.86,0.864,1
27.54,6.09,29.03,45.2,279.8,15,4,7.17,0.759,0
15.68,51.7,77.61,72.8,243.2,20,5,3.98,0.937,1
61.79,59.52,68.1,46.9,155.4,2,0,5.46,0.986,1
31.84,91.66,69.66,72.0,51.5,11,5,2.82,0.959,1
59.06,58.05,53.52,71.1,213.4,7,6,3.63,0.854,1
19.36,47.41,68.36,78.9,145.7,14,1,0.88,0.974,1
49.75,56.61,21.38,46.7,142.3,10,0,2.41,0.864,0
54.53,88.51,83.12,77.6,250.1,22,5,0.66,0.783,0
9.82,79.55,19.44,88.0,178.4,12,3,0.34,0.783,1
36.3,34.07,26.9,80.9,270.7,5,4,1.93,0.9,1
17.5,26.35,61.14,76.1,157.4,12,0,3.25,0.928,1
10.89,28.64,74.15,71.8,78.3,10,2,0.37,0.987,1
97.07,50.4,21.1,60.2,177.6,5,4,0.6,0.852,0
34.98,71.96,88.66,75.1,334.3,5,0,0.4,0.841,1
80.32,50.29,92.89,74.8,286.5,4,4,2.21,0.999,1
28.68,11.1,63.48,70.3,95.8,6,5,0.37,0.947,1
68.38,70.12,53.5,78.2,155.2,22,0,0.4,0.781,0
75.7,77.54,74.31,61.5,326.9,22,0,0.81,0.965,1
60.39,31.05,41.27,45.8,69.6,18,3,0.83,0.924,1
48.86,64.77,54.46,66.8,111.3,10,0,1.83,0.977,1
43.3,43.39,88.29,52.7,113.9,5,2,0.27,0.855,1
37.44,85.02,91.45,58.5,212.7,8,3,2.11,0.83,1
91.45,81.07,89.17,40.8,161.4,19,2,1.26,0.964,1
82.25,52.29,36.0,58.4,55.6,17,5,0.59,0.981,1
94.75,67.24,33.6,78.8,231.3,7,2,2.32,0.938,1
16.56,84.5,38.81,66.1,61.7,17,6,1.0,0.988,1
72.97,49.61,50.3,40.5,224.1,4,1,3.71,0.991,1
92.27,33.19,40.13,62.6,192.2,5,2,9.3,0.914,0
21.85,72.83,44.94,54.0,188.0,1,0,3.22,0.968,1
11.18,24.81,64.65,62.9,51.6,21,4,2.92,0.995,1
73.92,39.97,76.0,59.4,234.6,23,3,1.08,0.97,1
58.43,82.92,73.84,84.7,168.0,3,3,1.73,0.847,1
83.29,70.2,80.15,42.0,161.6,18,3,0.31,0.98,1
18.0,41.34,17.57,72.8,220.9,3,4,2.8,0.934,1
78.96,24.33,18.82,80.8,224.0,15,2,2.45,0.919,1
23.75,37.04,78.15,86.0,34.8,0,5,0.83,0.945,1
20.22,30.57,57.65,48.5,70.1,15,6,1.73,0.978,1
20.28,20.85,61.25,65.5,105.7,0,1,2.47,0.807,1
80.76,71.9,19.21,42.1,247.0,23,0,1.12,0.922,1
66.86,27.69,35.43,64.0,214.6,16,5,2.79,0.797,1
53.65,45.88,66.07,46.0,272.4,4,3,3.39,0.941,1
38.37,39.73,83.73,80.2,267.0,15,0,0.71,0.968,1
86.58,93.39,88.36,45.5,303.0,2,2,0.92,0.918,0
41.5,40.2,55.03,64.6,150.6,9,6,1.23,0.906,1
80.94,12.2,58.64,65.0,140.4,17,5,0.74,0.995,1
45.84,13.08,81.64,86.6,295.9,20,6,3.19,0.93,1
40.06,58.17,58.01,71.4,106.0,17,1,1.9,0.733,1
48.03,58.94,56.35,53.8,177.6,16,6,1.16,0.911,1
33.03,42.69,87.41,51.6,92.2,10,3,0.23,0.97,1
74.53,43.87,78.19,46.2,322.4,8,6,0.99,0.997,1
51.75,9.85,87.73,76.3,160.5,10,2,3.82,0.959,1
26.6,51.49,32.46,73.2,98.0,8,5,2.92,0.777,0
88.66,50.43,56.95,69.3,251.4,16,1,0.34,0.976,1
40.7,18.46,82.4,42.0,108.3,19,5,3.43,0.956,1
55.55,14.35,23.89,76.6,331.9,4,3,0.59,0.974,1
89.3,16.12,78.57,70.8,147.6,11,2,8.89,0.957,1
63.05,14.09,29.64,86.3,242.7,17,0,4.26,0.996,1
15.87,59.87,79.65,68.2,140.5,15,5,5.09,0.912,0
92.4,22.68,63.96,54.6,288.3,8,4,3.13,0.967,1
63.38,27.63,30.46,58.3,317.0,7,3,2.68,0.97,1
36.15,20.62,52.87,48.4,282.1,5,1,0.76,0.899,1
17.95,91.21,69.55,74.7,301.5,16,1,1.97,0.945,0
78.84,81.92,65.71,74.0,62.6,13,4,2.58,0.891,1
62.67,25.74,49.18,49.6,325.7,20,4,0.88,0.919,1
54.61,34.48,86.95,47.6,229.8,23,2,1.22,0.77,1
88.13,23.89,56.54,43.7,308.1,13,4,6.08,0.723,1
78.34,49.27,55.47,83.8,249.0,3,3,1.25,0.86,1
19.11,6.76,19.98,51.2,94.6,7,5,0.96,0.745,1
33.99,65.42,88.77,56.5,225.1,21,4,0.43,0.957,1
28.11,52.08,29.17,53.5,59.1,16,3,1.04,0.996,1
74.19,85.88,57.27,59.9,252.6,0,0,2.09,0.943,1
8.12,19.8,79.29,74.3,160.9,2,4,0.52,0.872,1
58.0,77.37,32.24,81.8,78.6,16,0,2.06,0.986,0
75.91,76.28,57.19,48.8,343.4,19,6,2.9,0.995,1
86.54,16.45,34.25,72.9,318.3,2,5,3.12,0.772,0
36.81,40.87,75.78,56.9,315.9,6,1,8.57,0.836,0
81.38,20.31,60.15,87.1,282.4,10,5,1.34,0.89,1
15.29,27.92,83.48,54.3,251.4,14,6,0.27,0.992,0
83.72,28.69,86.56,40.3,239.6,6,4,4.06,0.928,1
16.86,55.06,66.9,64.8,64.0,4,1,0.37,0.873,1
41.95,42.03,73.03,47.2,318.2,16,5,4.16,0.935,1
79.15,90.3,58.94,42.1,312.0,4,0,8.31,0.936,0
18.94,16.37,45.75,73.5,269.3,0,1,4.95,0.662,0
26.32,92.63,66.85,75.1,326.7,21,0,6.85,0.96,1
72.17,25.76,87.66,62.1,207.0,23,2,0.25,0.861,1
71.96,74.56,48.33,72.5,173.2,6,5,0.22,0.947,1
64.63,35.51,40.15,65.8,339.7,16,5,0.67,0.971,1
69.54,17.88,46.07,70.2,178.5,7,0,3.41,0.991,1
55.47,82.21,49.83,68.6,235.2,11,2,0.39,0.987,1
28.42,32.8,20.88,72.0,149.4,1,1,2.94,0.848,0
37.15,64.3,54.88,49.6,233.6,16,0,0.23,0.977,1
21.89,55.98,54.55,52.9,260.4,21,2,2.83,0.983,1
89.49,47.46,62.08,61.1,229.9,19,0,0.78,0.96,1
59.26,49.62,44.03,61.4,194.7,13,3,1.36,0.986,1
42.28,70.9,64.05,77.2,126.0,22,5,7.7,0.908,1
47.97,12.9,85.26,57.6,236.0,2,3,1.8,0.962,1
93.1,65.14,91.44,47.8,320.7,18,1,0.36,0.943,1
19.26,85.62,61.69,52.1,32.2,13,3,4.33,0.971,1
59.52,10.2,18.41,50.3,72.9,7,5,0.98,0.899,1
52.05,17.66,92.54,75.1,68.3,6,4,1.96,0.91,1
61.87,69.5,71.47,62.6,325.4,4,2,2.69,0.914,1
6.68,44.36,41.88,74.0,242.1,2,5,3.21,0.935,1
86.11,41.32,26.77,60.0,334.6,0,5,1.33,0.918,1
91.69,17.33,26.47,82.7,216.5,18,4,3.17,0.792,0
57.56,50.61,28.42,87.2,177.8,14,3,0.45,0.926,0
69.79,16.39,18.65,72.2,283.5,0,1,1.69,0.68,1
90.79,47.9,87.17,81.5,81.5,4,4,0.24,0.845,1
70.77,73.73,58.26,64.4,152.0,19,5,1.24,0.95,1
19.19,28.24,71.0,84.9,179.2,10,6,1.11,0.905,0
58.59,48.27,81.25,79.9,125.5,13,1,7.85,0.944,0
61.42,94.28,78.32,87.6,148.8,21,0,1.21,0.956,0
44.44,66.8,85.61,69.9,55.0,17,5,4.95,0.87,0
73.49,80.72,92.38,77.4,93.4,19,4,1.34,0.951,1
91.9,42.34,50.13,66.1,137.4,8,0,1.72,0.817,1
91.08,74.11,91.03,52.4,284.7,14,4,1.06,0.998,1
46.93,8.65,72.86,57.0,88.4,10,6,2.24,0.912,1
15.53,16.06,20.65,82.9,140.9,4,2,2.89,0.822,1
96.59,23.28,69.54,42.7,50.8,14,1,3.33,0.911,1
83.02,41.18,69.94,68.4,208.3,23,0,2.57,0.829,1
16.59,81.12,87.47,57.9,225.6,1,6,1.0,0.913,1
90.64,36.16,44.83,58.6,307.0,11,3,1.0,0.971,1
85.9,63.92,61.79,82.5,292.1,22,4,1.06,0.953,1
53.25,68.84,15.98,81.0,121.3,6,5,0.28,0.957,1
59.99,57.76,41.57,68.7,73.8,1,0,5.93,0.915,1
42.11,37.15,19.98,53.1,79.9,7,6,0.64,0.465,0
10.09,56.93,56.75,62.8,340.1,8,6,0.55,0.971,1
36.17,35.8,80.4,59.6,245.4,4,4,1.81,0.938,1
79.67,12.55,31.52,57.0,43.6,14,4,0.3,0.948,1
5.43,94.35,57.2,44.9,73.8,18,4,3.84,0.956,1
36.02,16.45,31.32,66.1,185.5,18,0,4.38,0.957,1
42.03,11.51,24.66,54.5,96.5,12,0,1.21,0.818,0
54.98,84.07,55.88,71.7,287.2,12,4,7.31,0.837,0
90.55,32.17,21.33,55.3,213.4,5,3,0.98,0.954,1
37.21,63.53,61.99,60.7,226.0,0,5,0.8,0.915,0
37.27,34.61,17.51,42.5,178.1,9,1,9.35,0.939,1
73.59,40.23,23.54,87.6,111.9,5,6,0.78,0.966,0
47.06,28.59,59.0,64.4,218.6,2,4,1.37,0.831,0
25.89,35.87,62.31,41.2,259.4,12,3,2.09,0.886,1
47.08,41.96,17.32,66.0,148.7,18,1,0.98,0.876,1
18.1,69.84,60.87,81.8,191.6,9,4,1.17,0.817,1
21.4,51.04,82.08,77.1,298.7,12,6,2.75,0.916,1
51.35,89.92,72.79,73.6,77.6,6,1,2.77,0.934,1
43.96,8.77,25.49,46.7,204.5,14,4,3.46,0.969,1
90.08,50.28,62.4,71.6,141.5,22,0,2.0,0.83,1
38.7,57.58,68.78,76.8,254.9,3,4,0.73,0.977,1
58.99,87.82,17.98,67.5,36.0,10,4,1.01,0.835,0
63.8,9.42,83.43,82.9,244.6,7,4,4.82,0.97,1
6.22,56.61,87.5,53.3,62.9,1,4,2.85,0.949,1
66.71,81.83,83.04,51.6,50.7,0,3,0.38,0.958,1
21.56,26.77,80.97,81.7,261.9,0,2,3.0,0.885,1
94.38,83.87,74.6,70.0,234.9,15,3,1.0,0.983,1
18.83,6.71,65.67,40.1,316.4,17,3,0.25,0.963,1
43.56,70.92,69.29,57.0,196.3,10,0,1.52,0.753,0
12.94,88.98,79.51,81.2,199.6,21,4,4.5,0.978,1
97.71,64.15,68.0,41.3,256.2,7,3,1.38,0.911,1
51.7,44.51,41.22,40.2,133.5,18,1,9.18,0.97,1
60.37,9.04,45.08,53.5,41.8,11,4,0.59,0.9,1
11.24,87.81,86.76,83.9,103.6,5,0,1.06,0.986,1
74.75,47.33,16.37,83.3,106.2,23,5,0.23,0.911,1
24.52,7.61,70.91,64.9,137.4,15,5,0.3,0.815,0
88.52,67.08,91.38,66.6,331.9,7,0,1.07,0.967,1
24.08,48.37,71.5,55.9,287.5,6,6,1.7,0.943,1
22.73,16.19,94.51,51.7,329.5,19,1,0.74,0.928,0
8.4,24.28,70.0,79.1,349.6,2,5,0.56,0.906,1
48.9,10.8,17.75,45.1,168.8,22,0,1.29,0.996,1
57.53,56.69,81.16,63.4,102.7,0,5,0.57,0.782,1
11.11,60.98,37.77,70.5,209.2,22,4,2.19,0.844,1
77.12,50.52,50.68,45.0,312.0,5,2,6.42,0.845,1
47.16,78.54,39.97,64.9,179.0,2,2,3.49,0.861,0
53.77,82.49,36.48,67.7,191.7,18,3,0.68,0.697,0
45.99,60.41,49.51,75.6,73.0,1,0,6.24,0.928,0
42.27,6.15,45.3,51.3,164.5,16,6,2.98,0.87,1
57.05,67.57,65.67,54.1,153.8,15,4,0.54,0.892,1
19.44,42.62,80.05,67.3,142.5,20,1,1.93,0.827,0
21.92,55.9,38.77,87.2,313.9,6,1,6.99,0.871,1
85.15,63.42,32.1,50.4,49.0,22,4,0.4,0.972,1
92.99,36.52,68.35,87.3,341.1,5,4,0.83,0.87,1
39.72,87.54,68.63,74.3,32.6,10,1,1.14,0.902,1
30.18,17.06,87.09,79.7,332.6,14,0,0.45,0.964,1
64.89,65.44,16.28,44.3,205.4,21,5,0.91,0.965,1
43.01,5.39,83.24,54.4,254.8,10,3,2.56,0.914,0
7.36,88.22,56.68,42.8,89.9,6,3,1.5,0.903,1
19.52,15.13,64.7,57.8,239.3,14,3,1.29,0.973,1
71.59,13.54,22.31,87.1,312.2,15,4,1.33,0.909,1
66.28,34.97,49.61,45.1,74.6,7,1,3.05,0.934,1
7.52,38.62,33.18,67.0,70.7,4,6,9.68,0.738,0
25.64,24.29,35.34,40.3,127.3,16,6,1.98,0.981,1
26.49,57.66,55.33,74.2,81.8,22,1,2.99,0.976,1
67.49,44.86,80.0,49.5,65.4,1,1,1.13,0.936,1
6.83,8.08,74.5,46.2,247.1,20,5,4.14,0.988,1
14.68,33.77,62.28,56.2,98.4,6,1,1.29,0.859,1
79.39,77.94,58.15,77.0,243.4,22,1,5.67,0.994,1
21.6,67.07,49.18,45.1,305.8,20,2,2.92,0.902,1
65.71,70.24,92.82,51.0,238.6,5,5,2.66,0.948,1
27.15,67.83,59.82,40.4,68.2,11,4,0.89,0.932,1
14.25,32.99,35.32,86.5,213.5,15,6,3.38,0.952,1
27.62,13.97,33.41,68.4,156.0,10,5,0.42,0.863,0
72.17,29.52,63.91,74.6,139.9,21,4,1.74,0.971,1
84.58,79.86,56.83,71.3,131.9,16,2,2.86,0.875,0
82.21,93.24,15.62,46.9,327.4,9,3,4.5,0.994,1
41.94,49.45,81.41,68.6,267.6,22,0,1.89,0.87,1
67.13,5.87,71.33,46.3,72.8,15,5,0.8,0.769,0
24.06,17.6,67.95,59.3,182.3,15,4,3.98,0.88,1
32.26,33.99,20.5,67.3,131.8,14,4,3.12,0.963,1
88.36,57.07,43.96,66.8,342.9,14,2,0.53,0.938,1
6.21,11.76,89.83,45.7,343.0,22,4,4.32,0.983,0
12.95,89.9,84.01,41.7,132.3,19,4,6.63,0.882,1
24.33,37.86,37.84,78.3,142.7,3,3,1.74,0.882,1
7.47,87.13,27.56,74.8,221.8,21,2,0.28,0.874,0
21.87,75.25,50.93,43.9,183.4,2,5,5.14,0.568,1
59.22,72.99,43.47,46.1,98.2,13,4,0.46,0.845,1
44.19,59.6,69.58,82.8,241.3,9,1,2.21,0.892,1
88.02,61.41,92.31,76.9,136.9,5,2,1.22,0.816,1
81.02,62.42,44.04,87.8,239.2,10,3,9.87,0.97,1
36.79,61.58,19.98,52.2,152.8,3,5,5.18,0.874,1
29.13,54.84,86.81,63.4,254.1,9,0,3.27,0.963,1
40.31,93.78,18.04,51.4,243.7,15,4,0.64,0.854,1
59.9,70.91,91.22,69.9,192.8,23,1,2.6,0.967,1
29.93,74.93,68.17,45.5,255.5,20,1,1.9,0.948,1
63.05,83.52,90.34,46.1,177.5,7,0,0.49,0.938,1
43.08,24.41,30.97,43.5,67.2,8,2,3.37,0.96,1
56.34,12.54,18.26,73.3,88.3,3,3,0.38,0.89,1
45.56,48.46,54.06,63.7,108.7,16,4,1.51,0.924,1
32.39,51.27,51.05,69.7,50.2,9,4,1.31,0.96,1
93.21,79.63,41.52,82.2,257.6,22,5,3.48,0.98,1
76.02,44.94,91.61,75.5,147.6,12,4,1.32,0.869,1
18.03,56.38,80.81,62.2,59.9,22,1,2.57,0.918,0
85.77,52.44,67.93,87.2,292.4,20,2,1.5,0.97,0
50.33,8.44,28.03,61.9,248.8,20,0,1.94,0.929,1
88.19,60.37,73.75,45.4,174.7,16,2,0.75,0.977,1
79.39,79.52,73.16,87.6,109.2,18,3,0.65,0.857,0
44.54,19.18,49.01,41.1,78.6,16,3,2.68,0.912,1
7.09,58.49,88.98,66.4,176.7,22,6,0.46,0.744,1
29.99,58.42,28.36,54.8,313.3,20,0,0.59,0.837,1
55.37,19.78,36.39,64.2,90.3,3,1,5.86,0.668,1
63.91,16.11,20.06,66.8,212.0,22,5,0.78,0.85,1
28.98,93.2,78.64,51.5,337.7,5,0,0.98,0.894,1
17.96,40.43,64.74,66.7,233.9,13,5,2.21,0.886,0
82.65,25.47,40.2,76.3,170.8,8,3,1.36,0.804,0
96.55,20.42,28.11,52.8,259.2,5,1,1.84,0.681,0
53.89,65.08,18.21,58.4,293.9,9,2,0.51,0.789,0
20.97,59.85,28.34,52.9,219.0,5,3,2.43,0.978,1
30.32,62.92,51.26,79.4,309.0,8,1,0.54,0.929,1
6.71,12.92,34.77,74.8,194.7,12,1,2.95,0.892,1
90.03,85.42,35.72,81.8,295.6,15,4,1.68,0.873,0
15.95,40.03,85.05,48.2,334.6,15,2,3.59,0.938,1
58.62,33.2,56.21,43.5,190.4,18,1,0.58,0.985,1
30.49,46.61,73.34,45.7,223.6,4,0,1.15,0.985,1
56.54,40.11,17.86,47.7,225.0,10,5,3.95,0.964,0
65.58,82.72,44.21,65.6,280.1,20,6,3.41,0.909,1
82.17,88.63,53.33,86.6,293.3,14,2,6.95,0.896,0
24.2,32.31,29.91,57.1,38.7,7,2,0.7,0.779,0
6.02,82.75,24.62,86.0,264.7,14,6,1.75,0.893,1
17.73,75.34,84.62,41.8,280.8,10,3,0.24,0.845,1
88.7,88.77,90.15,84.5,254.1,12,2,6.92,0.827,0
86.27,27.12,21.3,48.7,258.4,22,2,0.59,0.987,1
60.56,56.93,42.92,83.8,43.2,1,4,4.9,0.836,0
60.85,29.71,91.66,42.7,171.5,1,2,2.47,0.812,1
66.85,79.17,21.65,85.5,291.8,22,5,5.72,0.794,1
21.31,5.48,66.49,49.6,328.9,11,5,0.77,0.973,1
90.04,55.83,92.78,54.5,103.4,19,5,1.05,0.983,1
43.95,35.53,93.26,63.6,215.3,21,1,0.56,0.893,1
40.63,34.04,52.7,58.3,287.4,8,6,1.3,0.888,1
53.26,63.04,28.02,72.0,270.8,19,6,6.09,0.889,0
9.37,81.63,31.17,86.8,228.0,14,0,1.89,0.355,0
20.46,59.83,86.17,69.1,36.0,6,6,1.28,0.954,1
73.64,81.79,87.93,74.6,261.6,13,5,0.99,0.941,1
12.7,28.81,63.63,44.2,277.4,16,4,1.96,0.954,0
61.09,51.76,76.29,70.1,261.3,1,4,2.77,0.875,0
27.82,45.55,74.19,61.8,275.1,8,4,1.24,0.98,1
41.2,6.05,67.95,82.5,167.9,12,4,0.73,0.752,1
31.85,55.11,81.18,58.6,348.0,4,3,1.96,0.953,1
38.08,64.54,69.83,72.6,276.7,3,6,1.11,0.954,1
71.87,58.27,57.72,51.0,215.2,22,4,10.54,0.945,1
32.63,71.27,33.96,52.4,328.9,20,3,1.36,0.951,1
57.68,56.42,74.51,58.1,320.6,0,3,1.34,0.905,1
49.27,11.01,52.88,54.6,290.7,8,2,3.86,0.859,1
66.72,15.48,38.58,52.2,210.4,23,0,0.78,0.931,1
92.13,58.68,79.16,42.4,198.7,15,2,0.34,0.818,1
73.13,29.75,70.74,80.2,135.2,18,3,4.05,0.964,1
24.99,12.17,89.99,43.1,110.3,2,2,1.98,0.92,1
7.9,43.66,28.24,82.6,194.0,2,1,0.8,0.98,1
29.39,54.89,66.94,46.0,214.9,6,6,1.04,0.954,1
60.34,34.59,34.54,43.1,108.2,17,4,1.31,0.916,1
9.78,69.84,87.29,67.0,325.2,19,4,2.48,0.899,1
51.16,62.94,22.96,64.1,208.3,6,6,1.46,0.813,0
60.51,34.95,67.49,63.6,198.5,23,6,1.21,0.937,1
36.08,72.94,78.29,67.6,169.4,15,3,3.23,0.656,0
76.69,63.38,43.39,53.8,48.6,20,2,0.35,0.708,1
14.91,62.37,91.33,71.8,312.4,23,6,2.31,0.964,0
11.99,54.81,83.06,64.1,131.4,3,1,1.39,0.723,0
72.72,6.03,38.57,56.1,235.6,12,1,1.02,0.949,1
51.08,67.69,15.6,79.7,224.4,9,5,5.45,0.927,1
69.02,38.84,38.73,74.9,217.0,1,1,3.21,0.988,1
45.44,89.83,37.5,58.9,198.2,18,3,0.7,0.96,1
27.92,78.62,86.2,80.7,88.1,13,5,2.31,0.911,0
81.18,57.89,92.37,84.2,119.8,5,2,3.66,0.848,0
79.35,27.7,20.64,65.8,197.7,12,1,9.28,0.966,1
69.61,23.33,52.7,50.3,282.6,21,1,2.6,0.876,1
30.31,35.63,58.87,84.0,168.2,11,2,2.55,0.97,1
59.89,47.89,22.43,49.1,95.3,11,2,2.1,0.826,1
38.57,31.65,45.2,42.3,58.1,22,4,0.28,0.48,1
13.52,51.34,40.37,55.7,242.2,11,0,1.96,0.871,1
90.31,19.88,57.88,74.9,165.5,10,0,3.47,0.949,1
17.72,92.99,67.9,84.3,70.1,13,1,1.21,0.754,1
93.37,14.71,71.28,70.6,245.8,3,2,1.97,0.872,0
46.48,88.87,25.94,85.7,96.4,12,4,5.42,0.916,1
22.22,87.22,80.04,44.4,192.9,7,3,0.58,0.835,1
55.4,52.28,69.28,42.9,128.0,23,0,0.86,0.894,1
86.18,70.24,86.13,69.0,328.1,22,5,0.43,0.943,1
73.1,44.24,50.95,86.4,103.1,2,0,1.59,0.921,1
80.01,61.7,86.51,64.1,164.4,13,2,3.86,0.955,1
66.27,35.65,84.26,42.5,337.0,18,6,1.34,0.977,0
69.38,32.1,50.07,50.6,132.0,17,3,0.34,0.876,0
83.98,57.04,45.49,51.8,236.3,10,0,0.81,0.884,1
28.22,49.83,89.62,56.2,131.4,12,6,4.61,0.967,1
50.52,57.16,72.21,42.1,65.4,22,4,1.83,0.715,1
25.57,30.8,89.26,83.4,230.8,5,0,5.11,0.908,0
96.85,38.03,78.76,64.7,323.1,22,2,3.8,0.989,1
92.8,12.55,63.74,72.2,174.8,17,2,1.27,0.767,0
8.67,9.7,24.27,43.2,230.4,19,5,2.21,0.905,1
70.62,27.81,38.32,42.6,224.8,0,5,2.38,0.893,1
91.05,11.68,92.51,68.2,162.8,1,3,2.95,0.824,0
21.79,14.34,40.55,82.6,226.8,6,0,1.01,0.979,1
57.82,78.16,22.46,65.4,113.0,4,3,0.88,0.77,1
90.14,8.5,71.6,82.1,151.0,18,6,2.51,0.976,1
8.16,64.3,73.72,78.9,171.5,1,0,3.62,0.763,0
69.86,29.53,37.84,43.6,306.5,2,1,1.27,0.972,1
32.65,83.44,38.81,49.7,141.5,19,0,0.97,0.925,1
90.97,48.65,52.51,71.6,233.2,9,2,3.69,0.922,0
95.31,32.5,16.74,61.3,98.3,9,2,2.52,0.964,1
92.82,51.59,78.15,54.0,110.8,20,1,1.04,0.705,1
49.1,39.38,40.37,60.1,237.5,7,0,1.71,0.832,0
85.17,55.79,83.3,61.4,273.9,8,0,6.68,0.897,1
83.54,15.31,79.21,83.7,177.9,1,2,2.97,0.544,0
34.68,94.73,67.91,45.0,137.2,2,1,0.7,0.89,1
82.09,43.3,40.99,53.4,321.3,15,2,0.9,0.994,1
8.44,36.34,56.31,65.8,73.5,3,6,0.82,0.858,1
60.45,68.92,50.59,73.5,260.6,22,1,3.97,0.911,1
26.39,37.75,42.11,70.3,250.9,5,2,2.25,0.954,1
16.21,79.99,82.85,85.2,250.9,12,4,5.83,0.9,0
12.16,45.88,53.68,78.2,329.3,5,0,0.39,0.905,1
69.75,69.76,81.62,66.7,263.0,9,3,0.31,0.711,1
36.61,14.67,23.42,50.3,126.5,22,4,2.46,0.985,1
72.4,81.15,26.28,61.6,143.1,16,2,0.82,0.843,1
11.08,71.21,93.19,73.3,155.2,7,1,2.47,0.982,1
34.32,24.05,62.02,80.2,39.9,8,3,2.77,0.776,1
55.17,18.08,55.78,86.1,322.3,1,1,0.93,0.921,0
78.54,33.47,56.85,69.1,53.5,16,5,6.3,0.986,1
34.64,92.85,32.22,65.3,253.9,19,1,3.18,0.997,1
63.21,28.11,72.5,40.8,263.7,10,5,1.12,0.969,0
87.4,46.05,21.78,43.5,300.0,17,6,1.26,0.62,1
62.28,7.7,60.87,47.5,207.1,21,5,2.72,0.955,1
26.67,40.75,60.66,42.6,262.1,2,0,0.92,0.923,1
7.27,56.42,88.14,59.2,126.9,8,2,0.9,0.987,1
85.92,90.78,57.09,56.2,268.6,7,0,2.16,0.777,0
6.98,51.51,25.97,70.6,139.9,6,5,0.49,0.772,1
86.35,78.72,60.82,65.7,318.9,6,1,10.22,0.893,1
54.19,54.24,22.31,68.6,82.3,22,0,0.88,0.992,1
92.33,8.67,31.3,62.7,131.0,20,4,1.16,0.866,1
79.29,33.35,17.49,53.3,189.6,7,6,0.71,0.997,1
97.81,56.8,56.06,85.7,278.3,19,5,2.26,0.906,1
37.62,90.55,21.76,44.1,269.6,4,1,0.32,0.949,1
76.35,82.32,52.55,85.1,97.4,2,1,5.46,0.859,0
42.38,25.55,89.64,54.9,76.2,18,4,0.92,0.977,1
49.63,24.81,72.58,64.6,127.3,1,1,5.44,0.999,1
63.36,23.11,21.19,45.2,184.8,13,3,0.78,0.902,0
86.25,88.02,32.94,43.4,202.5,20,3,1.64,0.878,1
96.52,81.74,68.89,60.6,167.3,1,2,2.58,0.814,1
76.45,74.74,86.58,75.6,242.2,9,2,2.1,0.708,1
43.85,40.35,17.63,52.9,166.8,19,0,1.64,0.759,1
44.19,50.39,80.0,67.0,332.8,9,0,3.31,0.979,1
73.6,46.79,59.95,53.4,113.5,16,6,1.47,0.868,1
27.21,27.81,58.69,58.7,230.8,1,4,1.01,0.945,1
15.27,50.45,91.63,83.5,225.6,0,4,2.74,0.846,0
37.98,7.74,74.81,81.1,120.1,17,5,5.74,0.965,1
31.71,16.86,83.01,64.8,161.7,3,6,2.04,0.711,1
32.56,84.79,43.32,51.4,147.0,0,1,0.86,0.875,1
26.73,72.65,59.35,49.3,85.2,21,2,3.08,0.88,1
8.91,43.06,64.23,85.8,182.7,16,5,3.07,0.98,0
6.66,51.54,40.73,49.7,153.7,2,2,0.82,0.989,1
96.86,38.3,60.62,78.8,87.1,1,2,1.17,0.907,1
44.78,71.67,33.93,57.7,174.0,17,2,0.5,0.943,1
40.74,75.58,26.47,87.3,165.0,3,0,0.37,0.829,1
68.21,73.7,44.92,57.7,72.0,2,3,3.49,0.962,1
25.3,70.04,74.14,56.9,72.0,11,5,1.13,0.689,1
93.35,23.41,88.29,70.6,237.2,21,4,0.86,0.991,1
78.13,35.42,51.62,86.2,256.1,15,4,0.79,0.958,1
13.32,47.29,66.43,86.9,331.2,10,2,0.36,0.958,0
43.84,34.77,23.24,73.9,57.8,9,2,8.58,0.775,1
86.76,72.94,87.36,76.2,67.7,18,0,1.11,0.961,1
92.86,34.64,60.49,67.0,46.6,9,0,0.56,0.857,0
48.47,17.44,77.43,76.3,200.3,20,4,4.19,0.905,1
62.05,40.91,78.56,81.3,229.3,2,2,2.77,0.671,0
20.53,93.19,35.52,63.3,159.1,23,2,2.37,0.946,1
97.18,25.33,57.33,69.8,285.3,5,6,0.91,0.983,1
26.55,60.09,91.84,65.8,249.7,13,5,1.27,0.998,1
92.67,43.97,22.17,67.0,345.5,11,4,3.88,0.903,1
65.42,11.39,69.64,82.7,74.1,7,0,2.24,0.999,1
61.52,48.91,91.98,57.1,48.7,1,5,1.05,0.878,0
52.68,68.19,39.05,50.0,117.9,8,4,0.43,0.853,1
26.45,51.19,83.92,61.9,36.1,13,0,4.81,0.885,1
21.42,83.49,89.69,50.0,328.4,0,0,6.43,0.701,0
25.51,31.0,74.77,63.9,127.3,2,5,2.74,0.99,1
22.34,12.76,33.51,83.4,206.8,19,5,2.55,0.973,1
77.5,89.29,41.72,69.6,131.8,5,0,1.74,0.968,1
37.56,39.04,17.86,81.1,108.7,19,2,7.32,0.801,1
10.38,56.88,81.52,48.0,78.8,12,4,2.57,0.665,1
95.13,76.28,82.97,83.2,132.5,10,0,0.36,0.996,1
87.19,34.19,65.62,68.9,226.9,14,3,0.39,0.841,1
91.28,69.45,43.2,41.5,340.9,17,6,6.82,0.955,1
97.53,17.19,21.14,70.4,208.6,18,0,5.94,0.957,1
21.17,31.22,75.24,85.7,200.5,18,0,1.83,0.985,1
41.85,18.02,73.12,43.8,41.3,5,5,0.68,0.871,1
75.52,78.01,88.01,68.0,298.8,14,0,1.95,0.996,1
69.73,25.04,73.44,83.9,44.3,20,6,3.08,0.818,1
19.31,69.57,81.3,40.5,320.0,13,1,0.22,0.963,1
80.87,89.9,74.68,70.3,202.4,4,5,3.66,0.941,0
25.87,52.5,65.45,62.8,83.9,10,3,1.45,0.892,1
25.82,53.6,49.16,56.7,174.5,19,2,1.44,0.802,1
54.94,46.49,87.17,70.1,348.4,12,6,1.34,0.971,1
60.14,34.33,67.08,42.5,127.6,12,5,2.55,0.915,1
58.95,47.81,46.87,76.1,116.2,3,4,0.67,0.859,1
13.51,59.25,21.68,40.2,67.8,8,4,2.07,0.98,1
86.6,93.74,38.26,54.7,221.1,22,5,0.29,0.956,1
29.7,89.4,58.5,64.2,58.6,12,4,3.54,0.917,1
17.04,82.59,37.05,58.1,275.1,7,5,3.58,0.785,1
87.65,85.02,32.7,54.8,324.2,19,2,0.95,0.933,1
93.88,47.11,57.19,79.9,328.2,10,0,0.42,0.995,1
85.18,64.17,28.59,84.9,64.5,18,3,2.95,0.99,1
80.28,85.56,79.03,81.9,208.6,0,4,1.47,0.986,1
65.94,40.37,53.75,65.1,61.1,8,1,5.38,0.915,1
56.23,91.56,60.91,82.4,213.0,1,1,1.07,0.983,0
13.09,42.42,26.79,84.2,290.8,3,3,3.88,0.911,1
42.99,59.1,40.97,59.6,202.1,3,4,0.25,0.986,1
39.66,68.88,47.81,53.6,309.1,0,0,3.16,0.974,1
29.16,90.55,79.66,44.7,286.5,17,4,2.47,0.703,0
72.28,27.02,76.61,63.0,118.5,13,6,1.69,0.962,1
51.12,72.15,32.84,85.4,231.6,12,0,5.03,0.806,0
12.54,51.87,64.29,66.9,32.4,7,4,5.9,0.91,1
25.48,29.17,34.48,72.0,156.7,5,1,5.51,0.936,1
68.54,74.89,94.06,45.4,106.1,16,2,2.02,0.943,1
12.08,54.7,91.17,46.9,329.9,22,5,1.67,0.885,1
84.16,64.49,60.06,62.3,159.7,10,3,0.83,0.97,1
51.05,34.06,70.91,85.7,239.3,14,0,0.55,0.889,0
49.69,48.31,79.11,57.3,264.2,6,2,1.83,0.976,1
60.09,60.56,72.68,82.1,277.4,21,0,0.52,0.999,1
81.7,41.44,70.99,45.8,265.4,7,6,0.58,0.717,1
37.35,22.85,91.68,69.6,122.5,10,3,1.08,0.992,1
68.06,91.55,62.72,68.8,249.5,20,6,0.61,0.93,1
57.61,51.03,65.9,81.3,205.7,1,6,1.59,0.997,1
29.83,71.05,82.94,40.2,221.2,19,2,2.38,0.941,0
86.71,41.99,68.59,49.1,30.3,10,6,2.59,0.99,1
79.16,36.96,73.63,50.5,112.6,13,2,1.72,0.814,0
66.24,41.64,33.73,85.6,327.8,23,5,1.68,0.765,0
84.1,41.83,44.7,47.4,122.8,12,5,1.49,0.84,1
85.66,53.98,26.78,41.8,170.2,7,3,0.76,0.976,1
70.88,53.91,55.46,65.7,89.7,11,3,2.32,0.7,1
82.84,49.74,51.46,65.4,74.4,20,0,2.34,0.929,1
69.86,17.13,94.77,80.5,96.8,21,6,0.79,0.871,1
68.25,49.65,63.9,85.5,207.2,8,2,2.61,0.821,0
62.53,20.22,77.92,65.9,324.1,9,3,4.1,0.925,1
75.0,16.35,41.72,84.6,134.4,10,5,2.01,0.726,0
19.75,88.94,81.52,74.8,133.5,10,0,0.45,0.94,1
86.92,59.45,64.21,52.7,210.5,15,4,0.99,0.964,1
86.08,64.35,70.76,84.6,144.2,17,5,0.39,0.99,0
7.72,41.16,38.55,72.0,321.3,20,3,0.92,0.945,1
81.8,86.81,58.89,59.9,150.9,8,5,0.68,0.92,1
16.98,62.41,65.72,72.7,186.9,2,6,1.82,0.97,1
36.17,74.23,62.13,59.3,200.7,21,5,1.3,0.918,1
74.15,38.17,88.22,45.5,280.3,3,2,2.77,0.879,1
19.95,91.4,86.86,74.5,210.4,19,4,1.1,0.969,1
81.07,78.84,92.68,79.6,106.5,18,3,0.54,0.828,1
82.39,81.86,68.39,75.0,69.7,9,6,0.74,0.557,1
52.19,20.5,92.75,51.0,330.1,12,1,1.78,0.961,1
5.59,29.39,81.6,85.9,286.5,0,2,1.4,0.915,0
31.69,30.71,36.67,41.2,37.3,11,6,0.29,0.98,1
62.37,29.38,49.19,56.0,292.9,10,5,0.67,0.934,1
96.25,81.99,34.07,52.5,219.0,23,2,0.9,0.994,1
63.76,7.87,15.34,42.3,196.0,4,0,2.78,0.791,1
29.16,11.85,30.04,59.5,33.9,1,6,2.82,0.737,1
63.96,29.65,15.32,69.9,279.9,16,1,2.59,0.715,1
55.22,22.99,72.59,82.4,93.4,16,3,3.61,0.881,1
77.53,25.87,49.04,87.5,263.0,19,1,4.34,0.667,0
14.95,76.81,40.01,78.8,35.1,14,5,0.35,0.799,1
75.78,55.68,75.94,62.5,284.8,3,3,1.56,0.987,1
55.34,5.52,81.6,74.7,37.4,21,6,0.52,0.931,1
94.56,43.64,93.02,80.5,105.5,10,0,1.07,0.816,1
36.79,41.71,66.36,62.3,115.8,22,5,2.38,0.86,1
63.83,15.26,51.92,77.7,80.4,0,5,2.04,0.944,1
91.68,65.85,39.42,63.2,183.9,9,4,0.48,0.955,0
14.53,68.19,32.79,58.6,120.8,17,1,3.03,0.978,1
92.16,69.88,32.03,65.3,347.9,14,2,3.29,0.884,1
68.97,70.56,47.74,72.4,215.6,18,3,0.5,0.894,1
11.31,5.0,94.34,74.9,211.3,3,1,2.11,0.965,1
32.99,90.85,15.07,57.1,100.7,5,3,6.01,0.94,1
70.86,78.28,30.78,67.4,160.8,1,1,0.4,0.905,1
11.26,86.36,30.07,83.7,69.7,12,2,0.56,0.877,1
59.14,6.41,72.37,86.9,274.0,1,3,3.1,0.991,0
37.17,89.05,43.2,50.9,136.0,12,3,1.02,0.783,1
62.75,77.88,51.58,49.3,270.6,14,4,6.43,0.865,1
9.25,80.35,26.89,72.5,148.9,17,0,2.16,0.992,1
86.05,13.4,47.4,59.9,346.4,10,1,1.52,0.821,1
95.53,71.49,23.26,41.2,84.8,4,2,1.02,0.969,1
95.11,91.39,57.64,56.6,30.5,13,6,0.75,0.909,1
74.72,66.07,22.84,78.7,220.3,21,4,2.3,0.99,1
17.1,56.35,78.24,78.3,334.9,15,4,1.99,0.788,0
75.52,90.11,60.33,63.7,237.1,13,0,1.09,0.996,1
7.29,44.86,72.92,62.7,57.4,8,6,5.2,0.839,1
7.06,58.94,48.48,67.8,203.0,5,2,3.07,0.833,1
35.1,47.87,45.52,50.5,321.0,8,6,0.8,0.817,1
50.44,88.96,22.86,65.3,32.1,4,5,5.94,0.901,1
76.65,11.85,56.91,40.5,83.4,10,1,3.02,0.967,1
68.55,50.1,56.16,62.8,290.7,11,3,4.75,0.958,1
46.47,66.83,52.45,56.1,316.1,16,0,0.49,0.963,1
30.45,76.27,74.24,72.4,256.3,5,3,0.27,0.942,1
97.73,57.47,81.6,70.6,347.3,19,4,1.56,0.914,0
44.63,86.8,75.06,58.3,58.9,5,3,1.39,0.956,1
46.98,89.78,26.51,40.3,204.6,14,1,4.28,0.686,1
20.22,10.79,64.76,52.1,249.2,16,5,0.58,0.96,1
78.92,41.21,21.43,70.4,254.8,21,1,0.25,0.714,1
69.51,7.11,70.57,43.5,283.9,2,5,1.71,0.695,0
25.53,34.65,45.55,45.2,323.6,18,3,0.59,0.958,1
12.66,53.32,25.6,71.1,145.7,22,3,0.3,0.915,1
68.29,86.97,83.96,76.3,43.7,1,0,0.24,0.861,1
65.87,81.19,64.12,55.4,146.0,8,5,0.51,0.845,1
30.41,16.47,43.38,63.5,244.9,8,1,1.14,0.754,1
93.43,13.37,17.46,85.4,98.3,6,3,4.51,0.813,1
19.05,58.03,57.98,85.4,289.2,15,2,3.06,0.965,1
45.21,52.89,88.86,54.8,100.3,5,0,1.71,0.975,1
92.76,28.97,62.71,78.9,33.2,8,0,1.33,0.726,0
44.03,85.95,92.73,68.5,192.6,12,6,1.42,0.955,1
64.38,88.46,25.92,86.8,262.5,1,0,4.52,0.969,0
41.98,41.24,60.46,62.9,141.9,13,0,2.78,0.932,1
30.5,85.13,78.85,77.2,269.6,4,5,0.58,0.803,1
96.51,39.56,57.04,76.9,170.3,10,5,5.82,0.78,0
43.07,71.31,22.29,63.9,84.9,14,3,3.16,0.938,0
88.15,47.83,61.63,78.2,59.0,5,4,0.27,0.853,1
26.39,16.03,63.94,52.5,257.4,5,6,1.6,0.95,1
24.82,88.51,73.3,45.9,153.4,15,2,2.32,0.973,1
7.9,45.87,75.9,60.4,322.1,19,4,0.33,0.938,1
65.61,71.1,76.66,85.3,202.9,3,4,1.07,0.875,0
39.27,38.05,68.08,64.0,141.5,4,3,2.29,0.963,0
85.39,6.7,32.26,70.5,141.7,5,0,3.59,0.84,1
49.01,14.05,47.34,70.0,72.1,12,0,7.76,0.78,1
95.04,49.66,77.09,46.4,220.0,13,3,0.46,0.992,1
22.25,67.1,91.27,58.7,216.3,23,3,2.2,0.947,1
85.78,35.13,21.32,73.9,286.0,12,5,4.67,0.896,1
77.22,67.59,57.84,86.7,94.4,9,1,2.72,0.976,1
76.7,67.88,40.0,48.1,123.1,16,0,2.2,0.999,1
83.56,68.35,33.03,59.7,61.1,23,2,0.68,0.93,1
75.78,49.33,55.46,44.6,124.5,17,1,3.58,0.937,1
63.24,87.34,63.49,51.6,167.0,6,4,1.85,0.861,1
17.21,49.03,15.78,58.1,338.5,3,6,0.44,0.814,0
8.02,45.52,77.42,66.0,239.0,23,5,5.69,0.89,1
90.64,22.94,80.59,51.1,280.5,21,5,9.11,0.806,1
62.35,32.69,92.24,50.9,134.2,20,0,1.74,0.973,1
79.08,8.81,29.45,77.3,76.2,15,3,3.2,0.971,1
49.78,62.02,62.56,86.2,112.2,9,3,1.95,0.79,1
15.91,27.37,49.13,55.5,112.1,20,6,1.3,0.972,1
16.64,32.37,41.79,73.0,216.6,19,3,1.25,0.997,1
68.76,74.37,60.25,52.4,139.3,18,0,6.87,0.995,0
45.02,34.45,77.59,84.5,304.4,2,5,1.12,0.985,1
23.65,26.8,16.84,72.3,346.3,18,2,1.55,0.938,1
50.72,20.22,92.55,78.5,139.9,22,3,0.77,0.835,1
10.97,74.74,79.79,42.4,255.6,23,5,0.78,0.933,1
59.12,16.67,75.09,68.7,240.4,12,0,1.08,0.924,1
30.02,45.84,75.83,65.3,92.2,7,4,5.37,0.965,1
79.17,50.62,46.12,54.1,323.8,17,1,1.21,0.962,1
33.86,66.87,75.13,52.6,93.8,18,0,1.81,0.89,1
47.34,62.0,45.94,67.8,265.8,17,0,1.78,0.713,0
6.08,77.96,86.9,73.9,141.2,21,5,1.95,0.866,1
11.74,9.03,29.18,41.6,147.5,18,3,3.63,0.958,0
41.5,31.68,38.39,67.2,175.7,21,6,4.83,0.833,1
49.63,30.21,59.11,48.2,306.6,3,1,0.67,0.789,1
60.8,18.14,40.54,46.7,74.9,12,1,4.14,0.987,1
32.12,31.03,48.94,69.9,47.5,11,3,1.79,0.892,1
69.63,32.88,54.39,54.9,158.7,14,2,5.37,0.997,1
84.99,51.97,83.51,61.2,47.8,14,0,5.16,0.995,1
77.53,64.73,56.86,57.3,250.0,9,3,1.19,0.934,1
8.68,39.3,44.0,71.1,273.3,21,6,2.31,0.741,1
49.69,69.75,34.82,62.6,303.5,18,5,4.3,0.976,1
14.76,35.25,47.69,86.2,268.0,20,2,1.17,0.941,1
27.51,31.13,56.26,56.9,323.2,7,3,0.29,0.885,1
96.76,53.71,74.69,75.5,269.5,18,4,1.09,0.988,1
18.25,7.13,24.68,52.4,329.5,8,2,1.11,1.0,1
51.4,12.18,32.73,64.4,91.8,6,6,3.49,0.851,0
62.49,42.62,45.37,66.5,190.0,7,5,0.94,0.911,1
70.33,89.86,43.83,55.8,348.1,8,2,4.69,0.91,1
57.05,69.94,46.34,62.6,248.1,16,1,1.79,0.974,1
5.91,12.93,78.48,53.4,311.2,14,0,1.96,0.858,1
35.36,81.17,40.93,40.3,39.7,15,3,3.49,0.997,1
53.15,70.91,55.15,50.4,309.0,6,6,0.49,0.906,0
13.17,59.99,64.91,73.6,253.3,9,6,0.24,0.898,1
37.61,78.83,33.57,77.0,84.6,18,5,0.32,0.886,1
8.09,41.37,72.5,53.4,38.2,5,5,0.26,0.982,1
12.31,24.94,58.77,59.6,113.2,11,3,2.61,0.955,1
41.91,51.08,50.74,41.8,323.0,14,0,0.76,0.988,1
17.34,54.4,79.78,51.4,243.8,9,5,4.1,0.912,1
57.78,53.45,34.48,77.4,324.2,23,5,4.49,0.857,1
69.12,55.86,85.65,69.1,172.8,17,0,1.08,0.962,1
79.45,90.38,59.88,49.9,329.7,3,5,0.63,0.859,0
23.61,86.2,63.73,52.4,178.1,10,5,1.58,0.92,1
20.58,83.81,85.0,79.2,95.4,4,5,3.58,0.987,1
14.72,77.13,80.41,50.0,78.4,12,1,2.51,0.865,1
64.19,89.91,63.12,56.0,348.0,9,0,0.25,0.897,1
70.7,13.86,75.26,71.9,136.8,21,4,0.21,0.832,1
7.94,28.86,49.67,66.9,81.2,6,1,0.44,0.846,1
92.07,49.56,58.79,62.1,32.7,10,2,1.02,0.864,1
9.83,81.19,19.97,83.2,121.4,3,0,1.74,0.99,0
55.34,50.46,22.19,50.5,314.5,3,2,3.6,0.965,1
70.94,72.32,81.35,75.6,200.9,4,1,0.51,0.64,0
86.0,17.51,19.77,47.6,232.4,8,5,0.53,0.995,1
71.41,27.72,28.55,69.6,325.2,0,4,4.18,0.933,1
79.56,70.86,78.67,81.8,194.1,15,6,5.35,0.654,0
36.57,19.83,15.09,62.0,298.2,4,4,1.8,0.97,1
80.78,36.62,37.59,74.8,133.6,4,0,3.27,0.828,1
12.45,28.84,61.72,79.4,342.7,6,4,1.04,0.943,1
88.22,36.49,62.64,46.5,55.2,7,5,6.05,0.888,1
55.93,68.75,77.17,73.9,261.9,18,6,4.91,0.869,0
81.01,38.11,55.47,84.2,241.4,0,3,3.99,0.861,1
47.07,54.97,55.75,67.7,91.3,17,5,0.23,0.853,0
64.85,13.99,73.02,48.9,154.4,21,1,1.68,0.839,1
53.96,77.45,54.89,46.1,130.1,10,5,0.25,0.98,1
73.04,38.29,63.68,52.5,60.2,21,4,2.46,0.862,0
12.59,63.37,86.82,45.0,217.1,15,1,0.61,0.931,1
10.61,70.29,47.12,64.6,348.0,20,1,2.24,0.838,1
27.98,23.87,45.81,43.3,209.1,10,5,0.41,0.928,1
19.84,84.62,15.28,50.7,204.5,20,5,3.03,0.929,0
86.08,60.46,64.07,61.1,42.9,8,3,2.79,0.97,1
25.39,43.59,17.38,62.7,74.6,6,5,0.21,0.906,1
95.76,21.41,55.33,67.1,194.2,21,5,3.34,0.965,1
36.33,89.81,79.34,73.9,345.3,14,6,0.56,0.998,1
21.94,72.96,58.99,42.3,310.5,10,0,0.43,0.992,1
78.44,23.72,36.57,43.9,138.9,22,1,1.59,0.99,1
66.26,35.39,77.89,42.9,203.8,18,3,1.98,0.977,1
51.33,77.87,36.58,60.3,206.9,6,4,0.42,0.954,1
56.65,67.61,73.64,42.0,249.3,15,6,0.93,0.966,1
71.89,73.92,63.82,75.8,250.1,2,2,1.25,0.956,1
26.25,44.71,28.6,50.7,282.7,15,0,5.95,0.773,0
97.66,69.48,87.41,85.1,38.0,7,6,0.78,0.973,1
95.66,39.78,31.05,63.3,332.0,9,5,0.8,0.999,1
65.48,24.01,94.17,61.4,52.4,8,2,2.35,0.999,1
23.56,61.94,15.58,77.5,182.4,2,3,2.8,0.928,1
68.26,92.84,36.08,74.2,324.3,6,1,0.22,0.709,1
11.71,32.95,30.99,69.2,186.1,7,3,0.49,0.982,1
7.85,46.49,16.12,84.9,50.4,2,0,1.09,0.994,1
28.96,65.66,73.59,60.3,103.4,15,0,2.2,0.797,1
48.02,53.74,70.47,78.8,215.2,21,4,0.49,0.833,1
85.75,80.91,78.39,58.2,58.1,13,3,1.08,0.899,1
72.63,73.56,35.54,80.2,165.6,6,0,0.37,0.774,1
74.07,10.25,50.55,52.5,135.3,3,3,1.89,0.881,1
44.57,94.86,67.73,53.9,290.9,5,4,1.31,0.957,1
37.17,72.72,50.18,72.5,65.2,6,4,3.3,0.997,1
39.51,82.75,70.79,50.2,248.5,11,3,1.91,0.788,0
96.85,63.61,65.72,51.0,160.1,6,5,2.35,0.78,1
8.73,82.07,24.17,54.7,218.1,0,0,2.42,0.967,1
85.63,15.11,77.48,72.6,95.8,17,6,1.98,0.992,1
58.82,36.3,72.65,82.7,225.1,10,1,0.23,0.952,1
45.79,83.88,67.47,72.4,245.7,10,5,3.77,0.876,1
72.45,23.15,27.41,79.7,52.5,16,1,5.17,0.996,1
50.26,12.04,36.44,66.1,293.8,11,5,1.73,0.973,1
86.23,75.93,46.45,43.3,305.6,22,4,0.44,0.7,0
88.77,80.19,37.39,44.8,50.3,22,0,2.33,0.974,1
44.22,19.64,33.22,66.6,223.0,18,4,1.1,0.838,0
30.74,81.89,79.43,55.7,220.1,20,6,0.35,0.962,1
60.09,66.81,66.06,50.6,34.0,17,4,4.05,0.905,1
89.85,51.81,60.24,62.4,139.6,20,4,2.69,0.709,0
24.59,79.72,33.08,72.0,340.1,23,6,3.47,0.87,1
62.94,42.73,88.45,58.5,207.7,12,4,3.38,0.928,1
63.74,22.46,30.29,78.5,328.6,9,3,1.09,0.727,0
73.18,30.64,78.6,75.4,246.2,18,3,1.52,0.791,1
17.24,50.46,92.33,75.3,39.1,3,0,0.73,0.968,1
71.57,52.82,73.17,87.3,54.9,23,5,3.01,0.923,1
89.54,77.5,94.43,54.2,261.1,14,0,1.68,0.974,1
21.71,76.22,67.08,70.9,207.5,17,2,2.3,0.789,1
27.09,57.32,32.4,81.1,70.7,0,1,1.08,0.815,0
95.34,75.27,31.31,67.8,226.5,18,6,2.47,0.889,1
21.83,22.26,40.97,77.9,289.3,1,3,2.42,0.997,1
84.46,9.51,15.57,59.9,271.0,9,6,3.14,0.962,1
50.78,83.63,69.54,68.3,108.8,17,0,0.54,0.801,1
27.99,11.8,36.49,42.7,112.6,3,5,2.15,0.905,1
85.98,27.2,80.21,87.3,339.7,21,4,4.43,0.918,0
46.41,67.58,43.73,78.4,314.0,9,3,0.4,0.833,1
52.88,41.85,53.4,81.7,131.9,20,1,6.68,0.848,1
38.41,83.87,92.26,73.3,293.7,3,3,0.67,0.825,1
60.14,31.82,34.37,48.9,81.8,23,5,5.71,0.954,1
20.21,6.07,72.7,41.5,93.0,20,1,4.25,0.992,1
41.37,32.06,75.41,81.5,88.0,17,2,3.14,0.994,1
95.16,57.03,32.68,59.0,58.1,19,0,0.67,0.979,1
29.01,38.83,55.08,52.7,303.5,22,5,0.69,0.886,1
66.08,53.14,43.02,67.0,215.2,3,1,0.8,0.875,1
35.24,83.89,76.75,60.2,112.9,14,2,3.53,0.913,0
76.93,87.12,64.8,71.3,301.6,21,5,0.62,0.934,1
17.17,28.94,53.08,63.2,286.8,17,5,1.94,0.966,1
95.19,46.59,77.35,73.5,62.3,8,3,3.21,0.839,1
47.2,54.42,33.81,81.0,236.1,19,0,1.43,0.82,1
26.95,90.42,75.29,49.4,261.0,16,6,3.87,0.777,1
11.84,94.88,84.23,55.8,259.1,2,6,1.85,0.935,1
20.79,26.19,85.29,61.0,261.4,12,1,2.01,0.806,1
53.34,70.43,77.69,86.2,84.2,6,5,2.46,0.904,1
36.34,39.02,47.64,57.5,130.8,13,6,3.94,0.844,1
82.09,5.73,93.54,58.3,300.1,5,5,0.21,0.896,1
45.07,5.83,45.37,71.4,317.5,13,1,1.2,0.973,1
28.13,46.45,66.09,60.1,119.3,13,6,6.79,0.838,1
62.39,48.95,27.89,85.7,37.4,13,5,0.41,0.917,1
70.73,7.03,93.44,82.9,305.1,19,0,0.73,0.856,0
20.53,66.82,71.32,64.6,150.7,17,5,1.89,0.928,1
20.59,31.46,75.27,70.9,135.4,8,6,4.1,0.876,1
8.41,55.39,20.26,42.8,141.0,11,3,0.4,0.758,1
73.49,32.08,76.07,73.4,163.0,13,3,0.21,0.729,0
66.73,20.04,76.98,73.9,151.0,23,4,2.52,0.775,1
49.14,41.65,68.74,57.2,211.3,22,5,2.02,0.844,1
83.51,25.9,38.35,50.5,55.3,15,3,0.83,0.986,1
79.93,53.13,54.18,83.9,340.9,1,0,6.52,0.936,0
59.44,22.89,23.83,60.5,329.7,15,2,1.84,0.881,1
85.75,50.76,52.73,71.4,329.0,17,0,2.38,0.925,1
24.14,19.16,34.51,41.6,311.4,23,1,1.15,0.918,1
15.41,65.39,42.93,59.9,241.3,8,5,5.29,0.77,0
30.09,72.85,28.01,79.2,100.8,7,6,0.85,0.93,1
10.31,14.94,33.4,58.6,45.8,0,4,2.96,0.998,1
54.4,47.1,21.13,69.0,61.8,4,4,0.45,0.992,1
92.1,11.38,88.59,50.1,133.7,6,6,1.74,0.905,1
8.66,58.84,57.43,60.0,191.2,9,6,1.92,0.98,1
16.36,28.8,46.74,84.5,347.8,21,2,0.62,0.909,1
47.05,52.49,57.8,67.2,169.3,10,6,0.98,0.88,1
91.85,51.57,65.26,83.3,197.9,11,5,0.59,0.969,1
34.4,88.19,88.75,83.3,252.5,0,1,3.93,0.977,1
52.17,54.42,29.3,85.3,87.8,5,6,2.34,0.903,0
8.87,57.47,38.64,83.0,328.5,3,3,1.38,0.99,0
18.8,41.15,93.06,40.2,199.3,2,6,1.82,0.988,1
96.76,90.42,44.7,84.8,118.4,3,3,1.04,0.957,1
94.76,74.95,16.8,46.6,329.2,23,3,1.32,0.899,1
5.46,30.69,26.81,41.9,230.1,5,0,2.13,0.853,1
93.52,80.98,17.11,42.7,184.8,4,3,0.68,0.97,1
64.44,43.92,94.19,56.7,215.6,8,1,0.49,0.856,1
85.72,79.58,37.31,69.8,269.5,3,4,5.98,0.89,0
47.29,79.06,88.88,59.3,79.5,13,0,0.74,0.995,1
52.95,22.0,94.67,41.2,306.7,14,3,1.57,0.932,1
50.46,68.1,62.99,62.9,337.0,3,1,3.07,0.854,0
67.02,31.16,17.66,61.2,211.4,21,2,1.82,0.998,1
17.99,31.77,21.53,76.3,248.3,13,1,2.22,0.997,0
7.79,31.67,53.53,53.4,305.1,9,4,0.56,0.906,1
33.64,70.3,47.49,50.4,149.9,6,1,1.2,0.994,1
70.54,25.68,63.49,52.3,347.7,17,6,2.54,0.921,1
23.77,5.08,50.11,54.6,247.8,19,1,0.67,0.965,1
67.63,69.37,89.73,68.8,165.7,14,6,1.52,0.749,1
95.2,20.41,57.78,62.6,246.7,7,6,1.98,0.975,1
13.73,14.4,70.5,56.2,196.9,8,0,3.31,0.974,1
67.55,26.38,86.72,58.0,65.7,4,4,0.69,0.688,0
46.27,39.19,26.75,57.8,284.7,5,3,7.84,0.987,1
85.74,47.83,33.38,86.7,210.6,11,6,7.05,0.983,0
21.47,9.01,23.59,51.2,284.7,6,6,0.22,0.899,1
69.41,92.35,26.17,79.3,79.6,6,4,1.12,0.756,1
82.94,69.45,56.01,74.0,202.3,14,2,0.34,0.97,1
92.85,34.09,40.69,40.3,275.3,18,5,0.96,0.828,1
68.54,33.68,48.85,87.7,346.3,12,6,2.07,0.874,1
51.24,45.37,93.6,76.3,313.0,17,6,2.08,0.916,0
62.46,61.36,27.54,72.8,306.6,9,4,0.4,0.95,1
85.81,18.17,58.26,59.5,109.2,7,0,2.46,0.863,1
58.07,22.0,22.91,66.6,298.2,10,3,3.95,0.927,1
7.83,82.35,40.48,52.2,84.2,7,4,2.19,0.846,1
91.58,28.06,57.2,41.7,93.4,7,5,0.94,0.944,1
69.13,39.22,90.73,80.1,65.2,14,6,0.2,0.774,1
67.92,83.41,46.3,83.0,304.4,1,3,2.29,0.954,1
25.06,64.68,20.19,47.8,64.6,19,6,2.46,0.88,1
66.28,35.75,46.05,77.8,74.2,21,0,2.67,0.787,1
41.63,66.53,26.66,75.6,108.7,23,6,0.28,0.949,1
65.56,6.77,33.4,48.6,213.3,12,6,1.65,0.658,0
14.91,71.21,64.45,60.2,311.7,17,1,1.27,0.82,0
66.18,48.83,20.39,60.3,163.8,11,6,3.12,0.84,1
97.95,78.19,52.18,76.5,204.8,7,5,2.77,0.994,1
9.48,90.92,63.76,80.2,83.3,16,2,6.22,0.909,1
95.88,88.32,48.75,44.5,115.1,5,4,4.76,0.919,1
42.84,86.83,16.53,67.0,72.9,15,3,1.83,0.804,1
85.98,51.1,93.84,76.6,161.2,23,4,8.07,0.994,1
77.76,37.41,44.37,77.7,218.9,23,6,0.53,0.983,1
57.73,46.85,77.29,47.1,120.9,22,0,0.21,0.969,1
73.68,67.09,41.05,65.2,300.7,22,1,0.43,0.894,1
86.7,84.56,53.0,81.2,344.0,13,0,1.08,0.95,1
42.59,23.63,46.08,55.3,68.4,9,5,3.02,0.975,0
35.41,87.64,42.4,60.4,35.7,1,6,1.17,0.81,1
67.09,78.37,16.75,78.6,282.7,12,6,3.23,0.972,1
80.13,93.1,43.8,44.3,91.0,0,3,2.92,0.672,0
75.89,84.22,86.16,81.3,143.0,17,4,3.36,0.913,1
79.2,30.19,70.23,54.9,156.2,13,6,0.61,0.957,1
45.51,14.54,26.63,40.1,323.3,2,3,1.65,0.991,1
81.06,15.1,62.29,51.2,240.8,14,6,2.69,0.982,1
16.18,31.21,86.38,44.3,43.0,8,5,0.87,0.836,1
55.64,60.28,71.0,44.4,34.7,12,5,3.84,0.956,1
5.54,77.39,26.89,73.3,93.9,22,6,3.22,0.966,1
35.19,85.93,84.43,50.3,131.8,4,0,0.46,0.965,0
39.08,61.14,39.12,84.9,185.0,4,4,0.69,0.765,1
41.84,5.51,51.33,64.8,298.1,21,3,0.74,0.891,1
69.68,21.77,57.09,62.1,130.7,1,4,4.42,0.974,0
41.14,13.98,83.04,60.8,150.5,0,2,0.61,0.986,1
46.73,37.7,89.53,73.2,135.4,16,0,2.15,0.97,1
27.09,50.12,89.37,61.7,32.9,18,0,0.33,0.935,1
39.71,8.91,15.64,46.2,335.7,16,2,1.81,0.863,1
26.14,36.36,88.75,82.2,74.5,8,1,0.5,0.895,1
11.81,21.13,19.35,60.6,122.1,9,5,1.91,0.913,1
61.12,63.24,36.26,43.6,71.4,14,3,1.12,0.65,1
67.14,46.78,56.2,65.4,187.0,12,6,2.06,0.922,1
62.61,49.58,53.39,71.1,328.3,20,1,1.2,0.935,1
48.1,43.49,63.38,53.2,62.2,20,4,4.05,0.869,1
40.32,91.04,53.36,78.4,171.1,16,3,3.03,0.853,0
85.29,24.33,89.75,72.1,37.2,22,6,3.92,0.967,1
53.27,51.5,34.24,71.2,276.7,6,6,0.7,0.996,1
49.56,71.24,36.92,60.2,235.2,3,3,0.52,0.797,1
7.38,55.12,88.66,86.2,253.9,2,5,1.83,0.499,0
36.74,88.61,21.14,53.2,181.1,0,3,4.32,0.878,0
40.36,39.02,63.76,67.7,320.4,6,2,0.43,0.827,1
42.09,46.73,69.54,54.8,161.1,4,6,0.73,0.953,1
58.96,12.97,55.44,75.8,194.5,16,0,2.94,0.997,1
54.63,59.81,70.54,42.3,252.5,16,2,1.45,0.769,1
61.54,30.94,28.82,42.2,196.6,14,2,2.05,0.972,1
76.13,19.43,83.21,78.9,90.6,2,6,1.99,0.943,1
80.61,54.01,26.2,60.8,131.5,2,2,1.26,0.969,1
71.79,52.91,47.06,56.4,59.5,1,1,2.65,0.88,1
93.86,11.83,21.02,69.2,168.4,7,2,4.02,0.811,1
6.7,67.84,58.62,73.7,225.0,12,0,4.97,0.917,1
23.21,61.14,68.58,49.7,67.9,23,3,0.3,0.903,1
5.7,22.01,90.3,48.9,231.8,5,1,1.81,0.954,1
65.22,47.25,74.15,86.0,315.7,4,6,0.28,0.895,1
88.52,69.83,58.29,68.3,138.1,12,5,4.82,0.883,0
27.64,52.65,89.61,58.7,101.1,21,2,1.32,0.911,1
91.21,40.59,53.27,78.5,315.8,0,2,4.82,0.712,0
10.6,34.01,59.9,65.2,251.4,17,3,0.62,0.745,0
91.9,59.94,62.69,51.6,63.7,6,3,0.55,0.908,1
37.7,89.52,47.8,49.9,160.6,16,5,4.98,0.774,1
14.43,65.46,82.08,59.0,245.7,7,1,5.77,0.944,1
50.19,11.73,29.81,81.3,213.8,18,5,3.11,0.956,1
28.88,46.46,59.39,42.9,227.9,15,5,0.7,0.719,1
31.49,85.17,72.78,50.5,211.5,13,0,0.58,0.959,1
33.58,13.5,87.32,82.9,285.4,19,1,2.96,0.981,0
79.68,94.0,85.71,45.8,132.5,22,3,2.21,0.817,1
55.14,90.42,55.7,70.2,256.7,9,0,4.31,0.982,1
33.95,12.04,66.45,50.2,347.1,22,6,0.85,0.986,1
61.76,89.01,46.54,69.1,154.8,1,2,0.9,0.854,1
71.6,37.68,52.45,58.4,283.1,20,5,2.83,0.975,1
30.35,81.02,87.5,44.9,108.8,23,2,0.82,0.921,0
43.46,42.65,89.46,68.0,120.2,15,4,1.44,0.851,1
16.34,44.68,86.63,72.8,329.2,12,3,1.67,0.55,0
21.85,62.08,26.07,72.7,38.3,4,4,2.41,0.947,1
68.34,74.7,83.01,70.6,99.6,17,1,1.04,0.988,1
21.87,8.04,90.87,64.0,184.5,19,1,4.11,0.941,1
53.84,58.38,43.9,64.9,158.6,10,5,1.23,0.947,1
70.94,21.81,56.49,70.5,231.3,4,0,0.28,0.91,1
14.94,36.14,77.33,73.1,91.7,21,5,0.34,0.745,1
57.76,36.32,59.97,71.4,52.6,21,3,7.32,0.998,1
28.86,47.22,94.48,68.2,148.2,12,0,2.15,0.938,1
94.55,35.07,51.46,47.5,197.8,0,0,1.55,0.994,1
49.97,14.66,72.12,50.1,209.8,5,6,4.28,0.946,1
79.96,18.11,78.41,52.5,222.5,10,6,2.72,0.926,1
56.17,8.01,54.53,84.1,205.6,9,1,0.6,0.934,1
9.04,47.32,83.56,76.5,108.6,0,1,0.21,0.988,1
63.88,90.9,58.69,66.5,274.7,15,5,8.25,0.921,0
93.48,15.41,47.93,52.1,58.1,12,3,2.18,0.836,1
60.95,90.16,23.63,45.3,93.5,20,1,1.5,0.957,1
81.18,71.0,46.47,83.1,266.6,15,3,5.99,0.93,1
87.23,62.37,73.71,82.8,119.5,14,4,1.12,0.999,1
26.21,63.07,88.7,45.3,187.9,6,5,2.76,0.969,1
24.72,79.41,35.13,78.3,134.7,13,2,2.42,0.934,1
61.82,14.62,43.42,61.4,192.2,23,5,2.46,0.911,1
43.23,50.43,27.32,55.6,140.9,10,4,2.46,0.977,1
83.11,67.74,70.26,75.5,348.1,12,6,0.22,0.979,1
88.7,57.81,91.82,69.5,144.4,4,6,3.68,0.887,1
37.87,79.95,66.28,77.4,230.7,17,1,5.33,0.693,0
27.03,11.5,64.37,43.6,314.3,2,2,1.39,0.941,1
77.59,67.16,59.28,55.3,234.1,11,2,1.84,0.915,1
30.56,53.06,22.08,55.3,211.1,6,5,0.99,0.888,1
81.5,39.12,73.36,55.8,212.2,19,5,3.27,0.957,1
44.41,35.62,63.16,64.1,188.9,14,0,2.87,0.817,1
67.08,60.87,67.92,53.6,288.4,0,2,2.88,0.837,1
13.88,85.19,86.9,61.3,46.1,18,3,2.86,0.947,0
63.02,49.66,77.72,57.7,313.2,9,1,0.69,0.965,1
47.01,79.23,77.47,75.3,217.6,13,6,0.44,0.853,1
59.55,41.19,89.17,69.0,301.6,14,1,0.94,0.91,1
20.63,14.22,94.19,71.4,33.3,1,0,1.91,0.995,1
73.53,10.54,61.5,50.1,308.2,16,5,1.22,0.946,0
85.24,9.62,23.71,55.6,68.4,9,5,0.77,0.924,1
25.16,39.21,51.73,41.0,260.8,4,0,0.25,0.942,1
13.9,35.35,78.01,45.2,163.3,5,1,0.46,0.949,0
7.2,69.61,17.22,52.7,247.9,5,0,0.42,0.879,1
64.7,71.85,19.55,43.1,231.0,5,2,6.48,0.662,1
61.46,9.58,20.37,68.9,82.3,13,6,3.22,0.914,1
55.84,24.9,73.48,87.9,194.7,12,2,0.46,0.991,0
26.57,29.68,55.09,44.8,118.7,12,3,1.46,0.655,1
41.35,54.29,44.51,79.4,209.3,9,5,2.33,0.971,0
60.29,18.01,23.45,45.7,266.2,15,0,6.69,0.934,1
51.2,17.05,73.58,72.2,56.0,6,1,0.83,0.962,0
96.86,89.94,40.68,70.9,195.0,2,5,0.81,0.902,1
17.69,77.38,36.23,83.3,227.6,14,5,1.88,0.921,1
69.65,21.26,67.19,45.5,124.5,22,4,4.1,0.986,1
42.6,41.59,59.72,55.1,335.0,4,1,0.86,0.827,0
44.82,37.01,43.99,44.4,196.5,7,5,0.47,0.848,1
71.74,76.19,66.32,59.6,88.4,21,4,0.82,0.879,1
69.4,50.92,36.7,83.8,64.5,4,4,1.39,0.97,0
97.19,16.51,78.59,77.5,203.3,1,6,1.09,0.973,1
16.94,71.51,33.35,74.7,150.1,18,3,4.15,0.959,0
14.68,40.72,27.71,65.6,91.6,10,4,5.93,0.83,1
72.36,28.66,77.6,82.4,39.8,10,2,1.15,0.979,1
58.79,38.79,71.63,61.6,211.3,2,2,3.67,0.858,1
30.5,49.8,29.61,47.2,221.6,12,5,0.34,0.859,1
12.39,35.88,24.3,80.2,75.4,19,3,1.81,0.937,0
12.97,26.77,82.07,53.4,222.6,18,1,3.76,0.762,1
88.16,40.87,77.13,42.6,334.6,22,1,1.28,0.885,1
22.84,6.73,41.18,46.0,343.1,14,5,0.51,0.962,1
35.07,74.52,67.66,69.2,314.3,5,5,0.87,0.787,1
26.08,20.39,24.93,69.1,288.3,12,1,1.55,0.938,1
38.01,8.95,55.56,52.5,97.0,23,1,3.91,0.7,1
11.46,63.83,16.5,74.9,80.1,17,2,2.96,0.739,0
53.27,74.65,46.33,77.1,172.4,17,2,0.37,0.91,1
11.29,78.24,20.99,84.2,228.3,0,3,1.78,0.839,1
79.43,49.42,53.01,68.1,302.2,20,3,4.32,0.874,1
26.74,23.48,48.73,77.4,104.2,22,3,1.92,0.74,1
55.22,71.35,50.55,76.1,183.5,20,1,0.33,0.989,1
86.85,67.97,18.63,52.4,237.2,10,1,3.66,0.853,1
65.53,27.16,43.93,54.9,172.6,15,2,4.95,0.999,1
54.57,86.31,75.52,63.0,175.3,0,2,1.19,0.755,1
35.16,14.39,44.51,40.9,102.0,18,0,0.94,0.931,1
35.97,93.44,72.21,54.3,345.7,7,0,1.77,0.917,1
67.26,82.42,44.56,62.7,182.1,18,5,8.48,0.725,1
97.45,66.91,48.86,45.2,200.5,22,1,3.83,0.641,1
66.55,89.49,60.11,46.1,99.9,15,5,3.53,0.923,1
56.87,70.01,91.05,62.2,194.5,2,2,0.63,0.935,1
72.95,22.14,23.71,75.1,111.7,1,1,4.71,0.998,1
48.26,44.79,17.63,80.0,94.7,11,5,1.82,0.873,1
10.59,11.44,63.64,66.2,118.2,9,5,5.17,0.676,1
57.29,40.07,90.93,62.8,30.9,21,4,2.31,0.946,1
94.06,71.74,94.18,58.4,212.4,1,0,3.79,0.918,1
21.3,39.78,53.73,49.3,154.0,20,3,0.56,0.723,1
69.17,34.73,52.45,47.0,317.6,4,1,2.65,0.841,1
23.69,58.58,66.6,78.0,43.0,4,6,0.79,0.76,1
54.83,83.5,59.45,62.3,43.8,5,4,0.57,0.992,1
13.99,9.28,65.73,77.9,313.5,2,3,1.91,0.835,1
46.88,39.69,84.92,73.8,70.5,9,5,2.05,0.758,0
75.32,19.24,74.7,49.3,30.7,4,4,1.55,0.881,1
37.32,67.58,54.75,64.5,87.3,23,6,0.39,0.952,1
66.84,14.52,51.95,61.3,293.6,19,2,0.76,0.958,1
78.98,64.83,66.17,60.3,286.9,4,2,0.74,0.949,1
91.23,30.76,51.46,66.0,138.8,14,2,0.95,0.844,1
26.82,22.9,51.62,87.1,243.8,16,5,2.18,0.989,1
42.14,89.27,16.3,79.0,192.3,16,3,1.35,0.93,1
19.17,6.67,28.93,83.4,319.5,23,3,7.11,0.999,1
97.3,44.4,54.08,41.4,48.1,17,2,0.23,0.959,1
91.21,6.95,80.81,46.7,290.2,9,5,0.69,0.844,1
55.22,48.52,37.3,44.1,84.6,22,3,1.9,0.962,1
83.31,50.09,56.81,52.6,155.3,6,2,4.43,0.829,1
53.45,33.95,42.6,61.2,91.4,10,1,0.27,0.998,1
62.99,16.89,23.38,70.8,254.8,13,2,4.5,0.988,1
13.29,38.87,91.66,64.0,247.1,8,5,1.62,0.711,1
75.24,65.5,83.37,83.4,205.3,16,0,3.28,0.936,1
16.88,75.42,21.28,85.1,253.4,1,1,6.14,0.761,0
81.82,52.77,72.58,47.8,234.7,16,5,0.69,0.929,1
77.73,58.09,42.81,80.9,278.5,16,6,1.97,0.932,1
70.91,23.06,94.59,63.1,106.6,19,2,4.5,0.936,1
8.36,30.86,39.19,61.8,167.3,23,0,3.92,0.945,1
33.19,19.57,34.1,77.7,78.5,9,2,1.67,0.954,1
29.47,27.44,60.43,44.5,167.5,23,1,6.17,0.986,1
38.49,25.24,81.81,82.4,254.5,11,2,2.67,0.825,1
13.15,51.75,30.4,72.2,251.2,11,3,1.69,0.986,1
92.14,55.64,71.75,82.0,257.0,14,2,0.32,0.953,1
56.5,90.05,19.91,87.7,128.8,8,1,1.54,0.898,1
33.41,22.6,88.51,64.9,241.9,17,4,1.3,0.931,1
41.92,62.75,21.49,44.5,147.6,15,2,0.93,0.92,1
46.59,78.55,88.14,48.0,332.2,6,3,5.93,0.817,1
60.86,55.42,54.26,55.5,139.9,13,6,5.4,0.81,1
52.96,27.95,50.85,45.0,223.0,3,1,1.02,0.803,1
90.5,28.63,92.86,79.1,270.0,2,0,1.34,0.919,1
51.22,8.53,94.23,54.2,320.1,11,4,2.99,0.985,1
97.27,32.49,67.01,86.8,170.1,15,6,3.8,0.934,1
84.18,72.01,25.17,73.7,145.4,3,5,0.43,0.978,1
24.39,9.28,55.49,48.3,167.6,3,2,1.55,0.902,0
91.55,24.74,57.33,62.9,133.6,2,1,5.12,0.945,1
15.82,68.56,56.16,62.4,239.3,8,3,2.38,0.994,1
81.02,75.44,60.56,63.6,328.5,23,3,1.77,0.987,1
40.4,45.98,16.5,65.7,70.3,13,1,2.73,1.0,1
86.65,67.83,71.9,41.5,209.5,11,6,2.37,0.956,1
85.73,39.92,71.99,72.9,317.2,9,3,5.9,0.712,1
79.95,19.39,24.24,63.4,62.0,13,5,5.08,0.838,0
78.47,40.83,60.62,78.0,188.0,11,6,1.21,0.825,1
33.34,57.2,60.47,79.1,306.9,11,4,0.27,0.982,1
12.53,90.32,69.6,51.1,318.1,1,0,1.01,0.794,1
42.48,11.19,21.83,42.3,194.6,18,6,0.65,0.735,0
21.14,50.67,65.12,73.8,38.0,12,3,0.48,0.97,1
69.63,34.6,37.46,86.9,63.8,9,3,4.58,0.94,1
37.19,50.75,55.56,61.4,217.7,22,0,2.68,0.848,1
95.73,7.16,76.87,52.5,69.6,20,4,0.27,0.931,0
64.61,33.17,71.45,47.5,77.8,0,4,5.25,0.957,1
81.49,78.79,24.51,53.8,277.1,0,4,4.87,0.927,1
17.32,54.85,62.29,55.7,270.2,7,5,6.17,0.893,1
85.17,45.55,92.53,60.3,299.7,5,6,3.74,0.982,1
90.82,30.7,27.54,71.5,63.8,19,3,0.36,0.902,1
50.3,31.82,83.23,53.1,93.4,2,6,2.15,0.862,1
61.38,39.48,71.2,42.4,296.5,12,3,0.37,0.803,1
76.13,80.2,76.92,57.9,260.7,11,4,2.7,0.945,0
21.26,92.05,37.56,81.1,287.9,19,3,0.64,0.826,1
51.74,44.48,38.03,63.9,346.7,15,6,5.69,0.885,0
42.08,40.4,87.48,86.3,306.6,10,2,5.64,0.778,1
18.61,81.19,43.79,64.2,196.5,23,6,2.01,0.96,1
39.18,43.42,20.04,53.2,129.4,3,3,2.99,0.962,1
11.34,54.68,63.05,49.3,212.3,7,5,4.11,0.895,0
7.4,25.78,24.99,73.3,234.3,6,4,1.19,0.874,1
17.57,71.92,78.73,65.7,137.3,15,6,1.93,0.825,1
94.57,52.88,66.34,69.0,276.7,11,1,0.59,0.964,1
56.11,77.81,84.98,76.2,59.7,5,4,8.67,0.638,1
94.82,75.27,77.79,74.8,279.4,22,1,5.5,0.928,1
45.22,24.35,23.97,42.1,40.2,5,3,1.52,0.934,1
34.0,69.41,45.49,78.5,189.3,10,3,1.81,0.899,1
52.07,77.0,76.96,65.6,305.7,11,5,1.35,0.981,1
45.87,36.15,48.39,58.8,57.7,15,1,0.2,0.996,1
14.83,20.53,92.79,65.8,195.7,21,6,0.72,0.928,1
64.6,5.24,73.86,69.4,81.0,15,4,0.41,0.949,1
25.09,45.58,16.24,47.2,316.3,22,0,0.98,0.996,1
62.62,36.72,85.4,60.0,296.4,15,6,0.74,0.997,1
65.47,54.94,23.06,56.1,328.9,3,0,3.07,0.837,1
19.14,21.92,26.24,56.8,310.0,11,4,1.61,0.589,0
10.71,82.37,73.76,44.4,265.7,4,3,3.6,0.926,1
77.61,28.2,84.2,47.7,89.2,8,1,2.22,0.819,0
47.76,25.38,57.91,47.8,126.8,17,6,2.34,0.984,1
10.41,48.26,38.12,57.9,189.0,8,1,4.38,0.914,1
97.52,49.9,43.11,82.9,218.4,15,4,3.96,0.73,0
10.37,24.36,42.43,49.9,280.3,20,4,0.33,0.93,1
69.64,29.47,41.13,60.0,102.6,0,2,1.93,0.818,0
96.48,20.27,34.43,55.0,71.0,22,5,1.27,0.836,1
27.24,69.66,63.71,77.8,184.4,4,1,2.03,0.962,1
18.23,74.31,87.03,42.4,80.5,18,5,4.17,0.947,1
16.29,46.61,39.57,49.4,252.0,2,2,0.22,0.819,1
33.2,69.27,29.94,50.1,214.2,0,3,0.22,0.803,1
14.4,71.23,82.09,87.7,267.2,22,1,0.33,0.981,1
69.37,17.44,74.34,67.4,50.3,13,5,4.36,0.938,0
10.79,91.96,89.47,46.7,338.7,17,4,1.07,0.881,1
52.38,78.89,28.24,53.1,30.0,7,4,1.13,0.942,1
97.69,23.4,26.54,48.1,134.1,13,3,1.05,0.925,1
80.7,21.75,58.31,46.0,247.5,19,5,0.73,0.851,1
62.22,16.31,64.15,78.3,44.4,19,5,0.28,0.965,1
33.48,17.45,53.41,63.8,56.7,12,0,4.94,0.876,1
63.02,72.33,62.92,70.3,54.5,20,2,0.73,0.944,1
54.01,47.27,29.43,55.9,216.1,15,4,4.69,0.945,1
44.63,75.46,53.37,66.6,316.7,8,5,6.43,0.928,1
17.16,72.16,67.65,52.4,207.7,6,6,1.92,0.882,1
87.45,59.42,49.62,54.8,223.1,2,1,1.13,0.863,1
46.83,66.77,69.36,71.3,140.7,19,5,3.1,0.922,1
23.1,6.65,51.1,47.2,36.0,0,1,0.25,0.959,1
39.2,33.06,41.69,69.6,36.9,23,6,5.49,0.97,1
43.51,62.4,39.29,80.9,314.3,7,1,1.25,0.98,0
81.96,5.84,47.87,45.8,62.8,13,3,0.94,0.953,0
73.23,7.97,16.85,83.1,349.9,12,6,0.47,0.986,1
76.55,81.67,68.48,43.8,82.6,6,0,6.41,0.975,1
6.03,66.56,82.61,56.7,245.9,12,2,3.53,0.963,1
43.7,28.88,43.37,69.3,333.7,21,1,2.77,0.479,0
49.77,66.92,18.68,66.9,145.9,6,1,5.55,0.831,1
6.78,76.32,93.94,44.6,265.0,19,4,6.63,0.943,1
29.16,32.61,36.1,78.3,142.3,19,0,0.83,0.801,1
75.71,8.24,25.13,86.7,127.6,4,4,3.29,0.941,1
17.75,88.95,44.58,48.7,94.6,3,3,3.11,0.797,1
54.78,36.07,74.08,83.0,292.7,3,3,1.83,0.764,0
25.01,14.58,38.51,66.7,112.4,5,2,0.53,0.96,1
6.13,49.27,60.98,84.9,120.6,13,6,5.84,0.834,1
27.43,74.16,48.24,48.5,349.7,2,3,0.96,0.985,1
95.76,24.95,24.42,78.0,134.7,2,6,1.93,0.876,1
79.54,29.25,41.42,42.9,165.3,23,2,0.24,0.989,1
94.24,26.84,72.99,82.4,346.8,2,4,1.32,0.771,1
50.37,94.25,63.96,72.4,148.2,3,1,2.12,0.947,1
15.21,22.77,24.58,57.8,147.2,21,1,1.16,0.831,0
55.96,56.8,28.07,49.1,294.9,8,6,1.5,0.963,1
47.26,88.27,66.26,79.2,129.8,21,0,0.63,0.855,1
83.53,18.22,80.07,69.0,104.8,15,3,1.06,0.971,1
14.12,92.38,42.96,57.3,165.4,18,0,2.77,0.91,1
50.41,90.27,62.62,61.3,254.2,15,0,7.19,0.974,1
18.95,84.61,28.65,79.7,43.8,11,1,1.47,0.962,0
35.19,24.31,39.91,56.3,149.7,5,3,2.52,0.872,1
73.57,62.06,16.62,44.3,140.8,19,1,7.68,0.92,1
49.27,73.48,76.46,83.7,108.3,20,6,3.18,0.994,0
39.96,93.74,47.08,58.6,239.4,20,5,0.22,0.82,1
41.69,21.24,80.29,56.7,122.8,2,0,5.68,0.995,1
47.73,73.94,71.67,49.8,224.2,20,3,4.23,0.927,1
78.01,35.49,81.3,83.1,191.4,4,5,0.83,0.642,1
87.96,20.81,37.85,50.4,99.5,6,5,0.6,0.471,0
93.85,42.92,29.81,70.6,115.3,4,5,4.79,0.849,1
78.18,76.45,92.75,82.3,84.6,8,6,2.53,0.987,1
34.33,46.84,72.39,41.7,48.1,14,1,0.74,0.934,1
69.0,53.38,81.72,79.8,228.1,20,2,2.7,0.966,1
45.7,94.56,16.05,59.7,245.3,19,5,2.03,0.923,1
28.68,40.92,43.36,71.6,83.1,5,2,0.94,0.795,1
83.2,60.39,74.43,57.9,226.9,7,4,1.83,0.908,1
8.57,37.87,21.24,73.4,344.3,19,4,1.7,0.969,1
88.86,40.35,60.39,52.2,53.8,4,3,1.63,0.861,1
47.92,67.61,49.33,41.1,186.9,16,4,1.66,0.975,1
64.26,89.41,16.41,85.5,264.6,9,6,0.2,0.899,1
66.32,53.81,33.88,40.8,44.7,0,3,0.83,0.954,1
88.25,74.16,37.78,79.6,279.0,15,0,1.33,0.988,1
64.21,13.03,23.95,48.1,343.4,23,2,0.47,0.982,1
62.1,24.0,65.52,58.8,58.3,22,3,2.97,0.924,1
11.2,50.19,34.39,79.5,293.1,20,6,3.95,0.893,0
53.21,6.8,37.21,49.9,151.1,0,6,3.6,0.996,0
18.97,27.76,86.86,81.6,76.1,2,0,1.43,0.991,1
73.58,51.57,52.37,63.9,187.8,5,2,2.55,0.955,1
52.64,6.35,46.37,57.6,52.9,16,1,0.36,0.912,1
68.26,28.81,72.91,71.8,197.1,21,0,0.64,0.868,1
8.88,51.26,87.77,56.4,36.2,1,1,0.3,0.927,1
12.89,56.58,17.0,56.7,263.2,4,4,6.93,0.886,0
71.62,88.32,50.86,75.2,186.2,10,6,1.91,0.787,1
11.7,63.08,63.86,54.9,176.9,9,3,0.59,0.967,1
11.63,42.33,40.49,49.6,92.8,14,2,2.66,0.971,1
6.13,88.73,76.79,78.8,145.6,17,6,1.54,0.846,1
93.95,75.64,92.72,78.7,88.2,16,4,1.34,0.868,0
73.59,23.0,90.47,63.9,265.3,13,0,5.09,0.978,1
37.85,16.78,36.28,65.3,93.7,12,6,2.66,0.96,1
32.58,65.82,33.11,73.4,227.4,19,4,2.55,1.0,1
37.52,55.39,91.6,64.4,119.5,1,1,0.4,0.991,1
77.04,76.07,51.69,60.0,240.2,11,6,0.39,0.813,1
66.51,71.49,31.66,87.8,202.9,10,1,2.38,0.991,1
22.22,61.27,71.56,47.1,165.5,18,5,0.54,0.709,1
21.19,93.77,37.75,68.5,245.4,11,3,1.41,0.898,1
14.15,53.02,36.38,82.5,163.0,3,4,1.89,0.85,1
66.41,15.18,85.34,73.0,292.8,9,5,1.18,0.969,1
76.09,79.54,28.0,82.3,263.5,11,2,0.38,0.972,1
29.65,27.67,20.15,56.1,203.0,6,1,2.92,0.939,1
6.95,74.96,36.53,53.1,310.7,22,0,4.53,0.98,0
12.64,91.14,63.56,80.9,295.2,5,4,0.55,0.962,1
95.01,67.71,24.85,58.9,200.2,7,2,4.05,0.978,1
32.48,58.64,52.73,74.1,51.9,10,2,3.31,0.974,1
76.54,46.43,65.19,47.1,211.1,5,6,1.86,0.838,1
63.09,37.8,82.9,76.3,143.7,20,2,2.01,0.856,1
40.52,36.77,33.39,66.4,202.8,2,2,2.31,0.881,1
24.13,62.27,80.39,52.9,237.1,20,5,1.69,0.976,1
16.29,72.61,33.79,63.7,236.3,19,1,3.92,0.986,0
62.2,66.07,69.14,73.5,245.5,18,3,1.49,0.921,1
77.04,22.86,49.45,40.6,247.4,0,4,1.78,0.585,1
64.88,49.46,24.17,70.6,65.0,23,1,0.27,0.931,1
54.32,76.25,72.14,66.0,91.3,3,6,0.6,0.987,1
8.9,47.81,32.42,50.6,231.8,18,3,4.88,0.893,0
95.07,53.3,29.13,76.1,160.6,19,2,0.46,0.834,1
79.28,74.4,43.67,54.6,274.1,16,0,4.89,0.928,1
32.23,64.51,67.26,53.3,70.0,21,2,2.22,0.929,1
96.14,41.84,33.72,62.6,91.3,18,3,5.25,0.941,1
60.97,85.59,29.69,72.5,208.7,23,3,3.57,0.81,1
59.17,19.63,15.8,84.6,190.2,13,0,4.21,0.983,1
74.57,94.6,52.73,46.8,115.2,9,5,1.69,0.903,1
80.49,15.7,49.29,59.0,160.7,20,1,3.69,0.943,1
66.05,6.35,33.71,43.2,41.2,8,5,1.43,0.903,1
16.91,85.1,19.29,76.4,41.9,15,0,0.29,0.917,1
36.46,27.05,49.34,61.5,60.4,14,2,2.31,0.967,1
91.31,70.67,78.06,73.9,214.6,15,4,2.81,0.819,1
25.89,77.99,72.22,55.5,306.4,17,1,0.41,0.849,1
39.61,82.31,83.86,80.5,113.3,20,4,3.58,0.867,1
45.18,94.24,15.77,65.7,40.9,22,6,0.36,0.966,1
45.86,31.46,92.31,85.3,256.8,22,4,1.37,0.831,0
62.0,68.92,42.31,43.8,303.7,9,1,1.54,0.945,1
92.71,15.39,94.23,64.7,74.2,2,2,0.27,0.958,1
27.38,41.61,35.21,76.8,153.4,6,5,0.34,0.721,1
16.3,81.32,52.72,68.8,80.8,6,6,1.4,0.862,0
23.36,38.09,43.31,41.1,64.0,19,3,0.95,0.978,1
87.48,58.2,43.46,86.7,237.4,10,2,3.58,0.818,0
65.06,50.34,82.38,54.3,339.6,22,5,1.27,0.845,1
31.59,63.14,74.71,52.0,247.0,23,3,0.42,0.937,1
80.88,92.56,94.37,63.3,345.1,2,3,0.54,0.995,1
85.11,10.02,64.08,66.0,169.0,17,1,2.44,0.934,1
83.73,56.66,52.06,76.8,317.3,11,1,6.19,0.89,1
90.46,82.67,22.21,58.9,95.6,22,0,4.27,0.496,1
28.46,48.32,94.72,61.1,67.7,16,5,0.48,0.915,1
75.22,12.07,59.12,65.7,254.8,8,6,0.23,0.917,1
47.83,55.45,71.04,58.9,148.9,4,4,0.25,0.99,1
83.31,34.89,47.54,83.9,131.7,17,4,1.82,0.931,0
72.75,18.94,58.82,80.9,244.8,22,4,1.53,0.963,1
77.21,81.41,90.41,61.8,136.7,8,4,0.23,0.928,1
66.02,51.94,28.31,40.0,213.2,12,0,0.32,0.999,1
21.5,88.99,38.39,83.2,125.8,2,3,12.0,0.945,1
55.69,77.54,27.16,46.0,280.8,3,0,6.9,0.952,1
96.57,67.37,78.38,51.7,130.0,17,5,0.47,0.983,1
92.18,5.45,19.96,47.3,201.2,19,6,0.56,0.966,1
9.02,43.5,21.53,48.6,37.4,20,1,4.81,0.921,1
20.33,22.77,38.88,78.5,283.4,14,2,1.62,0.923,0
17.25,86.97,56.14,67.8,228.5,19,3,6.54,0.982,0
72.52,20.71,47.5,85.9,91.5,22,3,1.67,0.981,1
81.05,30.75,18.59,51.1,98.9,5,0,1.92,0.85,0
24.86,51.52,91.6,63.3,114.0,8,1,0.7,0.909,1
52.04,28.7,91.23,86.9,214.5,10,1,4.38,0.942,1
83.19,23.89,37.35,79.7,205.5,12,5,3.69,0.949,1
73.15,58.92,73.52,75.0,117.6,3,6,1.02,0.946,1
55.43,13.0,61.29,49.1,252.1,14,3,2.1,0.949,1
59.9,10.24,34.0,76.9,314.5,16,0,1.04,0.786,1
52.28,38.5,35.97,56.7,43.9,11,4,1.45,0.861,0
32.67,69.86,54.29,65.5,163.5,5,3,4.04,0.971,0
57.55,54.93,48.54,69.2,219.9,6,4,1.27,0.889,1
69.07,43.06,38.3,69.2,217.7,16,2,3.87,0.805,1
86.22,55.92,79.6,74.9,36.3,10,1,6.64,0.794,1
64.18,37.89,53.52,71.8,97.4,11,3,1.28,0.945,1
75.78,89.25,67.39,43.3,49.8,12,2,4.4,0.945,1
19.89,9.94,30.14,62.0,212.1,0,4,0.92,0.662,1
47.92,65.61,57.68,71.9,236.5,17,3,0.21,0.867,1
5.87,85.22,40.44,54.2,81.1,21,2,0.38,0.839,1
27.94,77.35,57.11,55.0,136.6,18,3,2.87,0.737,0
72.56,21.56,77.47,46.0,135.5,10,2,0.41,0.706,0
97.24,31.63,76.51,60.1,292.3,21,2,5.8,1.0,1
14.22,69.53,43.34,87.4,92.3,17,4,4.23,0.883,0
42.34,12.58,70.54,53.7,205.5,9,1,1.65,0.967,1
79.41,78.07,90.3,65.5,280.5,5,0,1.94,0.605,0
23.98,69.7,65.05,75.7,295.5,22,2,2.57,0.754,1
56.62,70.66,26.87,40.6,243.3,21,1,2.83,0.887,0
73.18,14.02,69.38,83.2,125.8,1,5,1.55,0.954,1
62.29,69.6,23.39,58.6,293.4,4,0,0.95,0.997,1
22.49,66.18,84.77,81.7,267.5,9,4,5.02,0.779,1
38.05,79.78,56.33,41.9,255.4,14,3,0.3,0.777,1
77.89,8.74,45.81,47.0,51.5,13,1,1.08,0.8,1
56.54,7.08,19.56,55.5,43.8,5,6,2.4,0.832,0
5.49,38.57,45.46,56.6,252.5,13,3,4.63,0.889,1
75.77,18.39,87.26,80.7,332.3,23,3,0.35,0.678,1
8.28,55.25,16.68,40.5,277.6,20,0,2.35,0.96,0
74.35,87.56,52.97,70.8,296.1,13,5,1.54,0.931,0
23.83,40.23,89.49,46.3,204.4,11,1,2.52,0.954,1
94.1,81.05,46.59,79.5,127.5,22,2,0.96,0.98,1
39.22,5.02,49.25,77.4,246.9,3,5,2.68,0.838,1
35.4,20.17,61.28,64.0,257.8,11,0,0.6,0.905,1
18.85,7.74,52.03,50.2,246.1,20,1,3.19,0.984,1
33.42,34.53,28.49,70.5,332.9,16,2,2.97,0.935,1
86.53,86.74,16.48,47.5,147.5,18,6,6.07,0.995,1
97.66,13.73,63.78,49.1,42.7,15,6,0.58,0.997,1
39.25,59.58,88.66,70.1,320.7,17,3,2.76,0.953,1
46.72,45.63,23.51,87.6,81.4,5,4,0.98,0.989,0
72.15,89.46,31.88,82.8,253.1,8,4,0.86,0.948,1
87.42,16.03,44.62,68.5,309.4,18,0,1.23,0.983,0
60.15,24.08,79.7,65.8,129.2,11,5,0.87,0.815,1
41.41,7.66,36.54,87.9,295.7,10,6,0.77,0.992,1
43.37,44.05,85.56,66.3,136.3,15,2,3.13,0.584,0
69.69,30.0,19.4,60.2,284.2,1,2,2.6,0.995,1
5.3,83.29,90.28,83.7,52.3,17,4,0.43,0.866,0
62.62,59.44,59.86,51.2,239.7,5,2,1.84,0.94,1
38.06,60.27,67.7,44.7,246.7,21,1,1.0,0.745,1
78.86,52.87,44.42,70.4,187.3,4,1,7.28,0.987,1
13.65,13.27,77.56,44.6,249.9,8,4,1.31,0.927,1
59.7,45.05,28.33,57.9,325.4,12,3,0.28,0.7,1
49.73,94.96,18.91,60.3,264.8,6,3,1.01,0.958,1
64.74,80.17,46.64,66.3,337.6,22,3,0.95,0.986,1
11.03,85.41,83.3,87.6,173.6,0,4,0.21,0.954,1
58.94,79.09,75.39,50.6,199.1,9,0,1.54,0.811,1
57.22,14.27,56.37,58.0,114.4,17,6,4.92,0.974,1
57.14,25.47,60.77,46.3,345.4,11,6,3.44,0.8,0
61.12,5.28,25.39,69.2,47.6,2,2,2.51,0.898,1
67.91,32.32,82.25,74.9,144.8,4,1,1.04,0.952,1
79.86,14.77,77.96,63.1,125.3,13,5,0.73,0.66,1
30.09,47.55,67.52,51.8,153.7,14,6,1.04,0.736,1
81.73,65.94,52.3,69.8,323.7,11,1,0.46,0.907,1
51.34,83.71,92.16,65.9,147.8,3,5,0.41,0.963,1
12.17,72.43,85.32,48.2,323.4,23,0,1.91,0.912,1
10.45,89.47,66.55,59.5,165.5,15,2,3.56,0.929,1
36.08,9.85,44.74,60.9,303.5,10,3,0.41,0.917,1
78.0,6.1,64.44,87.2,197.0,3,5,1.02,0.949,0
70.81,64.52,61.04,80.8,129.6,5,1,0.46,0.731,1
78.34,31.04,46.54,75.2,173.8,15,6,0.94,0.857,1
53.11,27.82,39.53,82.7,165.8,1,6,3.75,0.98,1
45.94,34.78,47.56,75.3,113.2,12,3,0.27,0.492,0
18.71,29.28,60.91,83.4,122.7,7,3,2.28,0.88,1
35.52,51.03,49.25,42.6,89.7,11,4,0.32,0.784,0
45.36,44.61,36.09,61.9,137.5,20,4,1.31,0.958,1
13.24,51.12,75.88,75.9,229.8,5,2,1.49,0.973,1
25.52,65.54,57.52,68.0,153.7,2,1,1.23,0.997,1
60.63,39.84,20.41,48.4,257.9,14,4,2.23,0.956,0
73.42,27.62,44.47,56.3,345.8,7,2,7.47,0.9,1
97.85,19.96,85.79,55.3,150.7,1,0,0.82,0.891,1
91.78,36.45,75.42,52.5,178.0,15,3,2.08,0.852,1
64.76,71.76,40.86,56.5,82.5,12,1,1.08,0.923,1
44.18,73.1,90.05,64.7,155.5,0,1,12.0,0.953,1
64.16,65.02,21.13,81.0,262.6,10,2,6.23,0.98,1
78.07,26.06,91.9,75.6,99.6,0,4,0.4,0.856,0
16.01,57.93,34.66,80.1,88.3,7,3,7.47,0.856,1
43.12,56.36,15.73,82.4,150.4,1,3,2.88,0.896,1
83.1,48.58,49.7,60.0,292.0,12,1,9.94,0.846,1
40.7,54.5,43.72,56.6,229.6,20,1,3.15,0.857,1
58.18,49.26,58.13,42.8,336.4,1,3,0.48,0.892,1
59.66,55.89,78.74,84.7,319.5,3,0,2.98,0.957,1
22.16,69.4,82.39,43.2,78.4,1,2,2.79,0.862,1
38.69,14.87,47.1,75.6,43.6,12,0,0.56,0.978,1
36.11,72.47,49.39,58.1,157.7,3,4,3.0,0.962,1
7.44,17.23,26.85,85.5,197.1,20,0,2.45,0.974,1
7.25,11.0,18.8,60.1,195.0,14,0,10.59,0.8,0
82.35,92.85,66.3,79.2,72.9,20,4,2.13,0.945,0
30.4,91.13,20.16,53.6,69.9,11,5,1.27,0.942,1
53.18,10.44,73.71,54.4,45.0,11,6,6.35,0.906,1
32.78,44.89,58.13,68.6,302.3,4,6,2.18,0.94,1
92.48,21.76,30.89,87.9,333.3,9,5,1.06,0.978,0
29.11,48.68,58.16,64.8,67.0,1,2,0.24,0.869,1
44.96,79.72,29.64,84.9,98.2,7,6,3.03,0.958,0
86.16,90.56,50.1,77.7,58.8,4,3,0.45,0.902,1
83.3,62.08,78.96,78.2,310.8,21,0,5.35,0.993,0
22.31,36.85,51.95,60.9,336.8,7,2,6.71,0.672,1
79.65,59.3,26.9,58.6,113.8,23,4,0.74,0.976,1
47.61,33.08,72.91,49.2,127.1,12,6,0.44,0.982,1
49.92,86.88,29.94,86.3,146.1,12,5,2.01,0.831,1
17.41,83.34,74.08,86.1,190.8,22,2,0.68,0.748,0
12.5,55.24,53.35,75.9,248.4,14,5,1.76,0.995,1
72.7,34.23,51.3,54.2,191.4,14,0,1.27,0.891,1
51.17,31.41,83.11,51.8,334.3,23,3,3.34,0.825,1
45.63,8.01,71.69,87.5,62.0,10,4,12.0,0.759,0
72.84,78.42,17.63,43.2,285.6,22,4,1.42,0.797,0
76.19,45.53,38.69,80.5,137.0,9,0,2.51,0.996,1
19.78,34.26,84.67,57.1,150.8,5,5,1.04,0.967,1
61.75,47.4,16.47,60.1,256.8,4,2,4.17,0.963,1
17.59,78.69,58.62,79.9,327.4,4,3,0.28,0.967,1
74.88,16.22,73.23,44.3,259.2,7,4,1.56,0.98,1
66.1,82.19,64.75,57.0,278.3,0,0,0.59,0.671,0
93.97,85.78,75.84,85.7,270.2,1,0,0.59,0.926,0
11.41,90.2,73.06,73.6,132.7,16,1,1.72,0.897,1
10.31,40.77,70.36,76.2,272.2,6,5,0.94,0.748,1
31.24,24.54,80.72,76.4,281.0,22,1,1.43,0.95,1
29.34,38.63,66.66,42.9,200.7,8,2,0.93,0.926,1
27.97,34.96,47.19,49.8,201.8,3,6,1.41,0.905,1
89.28,20.85,52.75,63.6,273.1,6,0,0.87,0.672,1
28.21,59.65,72.34,57.7,291.4,9,5,3.45,0.738,1
30.29,47.9,85.1,59.7,137.9,15,2,1.83,0.837,1
75.62,82.91,36.78,77.5,286.5,9,2,0.55,0.811,0
46.83,7.89,42.37,40.7,290.5,6,3,0.22,0.999,1
77.23,62.95,89.46,71.7,104.9,1,1,0.24,0.886,1
11.08,73.67,61.28,40.0,259.4,1,2,1.3,0.951,1
50.34,73.35,29.32,43.0,89.7,7,3,0.95,0.86,1
8.13,84.75,68.1,59.6,59.8,13,3,0.81,0.681,1
10.83,70.61,94.26,80.4,213.9,17,5,2.15,0.989,1
89.3,88.5,80.88,47.0,320.8,0,1,3.56,0.937,0
17.95,34.94,74.66,66.6,41.3,16,1,0.33,0.809,1
54.52,50.29,31.64,72.6,294.5,16,0,0.43,0.979,1
43.23,6.27,85.09,51.0,192.1,21,2,1.12,0.884,1
37.3,5.63,57.06,64.6,305.5,4,3,1.36,0.978,1
88.68,26.61,86.14,83.7,299.9,15,0,1.21,0.891,0
7.03,14.07,41.39,64.6,310.1,6,5,2.24,0.503,1
66.73,28.42,19.96,47.6,276.0,14,2,0.38,0.918,1
94.6,20.93,53.08,70.1,299.8,18,2,1.57,0.95,1
57.1,7.57,36.59,68.4,86.3,20,0,3.54,0.994,1
92.12,86.84,72.22,41.3,127.2,1,3,5.47,0.988,0
9.86,5.74,91.57,44.3,107.6,15,0,1.84,0.89,1
43.95,71.25,70.28,47.5,267.6,8,2,0.5,0.989,1
29.19,18.69,85.95,46.5,79.2,19,0,2.8,0.988,1
72.97,87.1,51.24,52.5,88.3,17,0,3.38,0.93,1
96.26,85.35,76.73,61.8,311.3,9,5,0.64,0.998,1
28.86,63.85,82.44,57.8,255.9,23,2,2.46,0.834,1
65.84,65.5,71.87,82.8,310.1,19,1,5.53,0.66,0
23.42,5.48,55.62,69.4,74.6,20,5,2.74,0.994,1
57.58,93.64,65.07,82.1,157.7,3,6,1.27,0.986,1
48.15,84.0,71.04,65.3,120.6,1,3,1.37,0.938,1
95.4,85.56,35.25,44.3,33.1,13,2,0.37,0.982,0
61.59,64.33,79.77,62.2,121.0,21,5,1.69,0.99,1
37.5,36.03,91.03,79.5,151.5,0,6,3.45,0.889,0
15.61,85.43,52.22,49.3,59.5,7,5,7.88,0.912,1
19.07,31.24,71.09,44.4,211.3,10,1,1.22,0.991,1
25.95,55.64,73.96,55.8,152.6,0,0,1.34,0.874,1
28.34,13.98,67.98,58.7,44.9,4,1,0.31,0.945,1
84.11,87.98,58.77,54.7,255.3,12,2,3.18,0.922,1
57.19,17.67,85.53,46.5,263.4,16,5,2.72,0.936,1
53.68,25.24,50.91,52.0,297.0,9,5,1.23,0.958,1
15.67,55.23,19.89,72.7,185.4,22,2,2.67,0.943,1
84.99,73.77,82.56,58.5,340.0,6,6,2.15,0.997,1
72.22,60.74,68.92,70.4,322.5,12,0,3.13,0.948,1
11.29,25.89,82.94,65.7,206.4,20,6,0.95,0.889,1
70.83,5.08,26.08,66.4,172.4,3,5,2.3,0.961,0
55.55,73.14,17.46,51.9,31.0,20,2,2.16,0.886,1
12.6,93.67,89.75,65.0,257.5,12,6,0.39,0.95,1
47.62,77.89,26.82,41.1,210.8,0,4,0.86,0.996,1
50.08,46.42,79.77,60.7,330.0,10,1,4.14,0.922,1
20.42,86.34,80.86,67.5,220.2,20,4,0.54,0.946,1
92.95,41.89,71.7,48.7,347.7,8,4,1.15,0.976,1
84.05,52.24,25.5,52.3,303.2,12,1,0.71,0.795,1
67.22,47.94,68.39,50.5,335.2,10,2,0.5,0.733,0
47.99,45.29,86.13,43.4,134.9,7,1,0.49,0.948,1
43.29,74.77,49.04,56.7,77.8,6,0,1.06,0.99,1
65.54,52.41,48.08,87.0,285.0,21,4,3.45,0.753,0
55.73,33.5,50.43,57.0,281.6,19,5,6.98,0.734,1
10.79,28.23,21.58,62.1,97.7,14,4,1.9,0.818,1
52.66,8.4,86.36,71.3,274.7,14,6,2.22,0.755,1
80.0,57.49,84.53,71.1,216.2,20,2,3.22,0.941,1
47.71,25.7,94.83,85.6,65.0,11,1,2.37,0.974,1
9.83,18.33,61.81,81.2,190.6,16,5,3.97,0.793,1
78.12,63.84,75.1,78.1,328.0,22,6,4.51,0.969,0
23.73,66.31,31.21,85.7,192.1,5,3,2.18,0.645,0
29.05,72.69,68.4,51.1,282.4,12,5,1.72,0.873,1
20.32,50.32,66.98,69.6,39.3,15,2,1.19,0.929,1
35.71,85.46,87.1,82.6,263.0,22,2,1.44,0.854,0
75.38,89.27,81.46,70.0,333.0,0,2,1.05,0.93,0
53.3,77.66,90.08,86.9,189.8,12,6,1.31,0.945,1
24.05,62.2,84.51,44.8,138.1,6,1,4.8,0.944,0
86.64,32.33,84.5,61.1,236.9,12,2,7.38,0.92,0
86.8,93.47,20.1,86.9,323.2,6,6,1.1,0.791,0
85.96,29.67,82.68,58.2,86.6,7,0,0.7,0.991,1
27.21,23.24,63.6,75.5,159.2,17,0,0.36,0.926,1
46.97,44.79,45.44,41.5,80.0,16,4,3.83,0.706,0
96.6,10.12,19.52,73.4,188.9,15,4,4.29,0.973,1
76.8,93.06,69.21,84.9,202.9,16,1,1.4,0.809,1
7.53,57.96,41.26,58.4,332.1,7,3,1.76,0.977,1
11.06,55.13,52.42,41.0,162.0,6,4,2.89,0.961,1
48.15,64.02,69.54,41.3,211.4,17,4,1.14,0.936,1
89.56,49.73,87.94,82.8,313.3,3,4,0.65,0.663,1
55.1,7.89,81.03,74.7,132.8,23,5,0.44,0.838,0
51.3,60.11,51.05,45.1,245.7,21,6,0.74,0.994,1
14.81,69.46,46.02,42.6,272.3,1,4,2.27,0.837,1
66.08,42.51,34.18,78.6,135.8,15,2,1.05,0.738,1
81.46,73.16,44.79,78.9,82.6,17,4,4.25,0.862,1
40.38,25.43,23.88,45.8,190.9,22,5,0.38,0.99,1
77.13,24.91,92.69,54.5,144.2,7,1,1.28,0.977,1
94.7,19.53,60.91,77.4,115.3,13,5,0.79,0.936,1
23.95,38.48,25.22,65.2,341.5,17,2,4.57,0.96,1
53.67,81.23,43.22,85.9,190.7,18,5,3.48,0.894,1
31.7,79.51,58.76,63.1,304.1,23,2,8.51,0.894,1
78.74,39.45,57.63,72.5,92.5,3,1,0.45,0.993,1
58.72,58.02,17.84,64.5,330.6,21,3,3.25,0.998,1
64.02,69.87,91.07,85.3,284.2,13,4,0.47,0.803,1
79.21,26.71,37.03,59.1,288.8,1,0,0.54,0.947,1
41.83,20.13,16.29,51.0,154.7,16,3,0.28,0.957,1
90.1,92.49,21.12,55.7,185.4,5,4,1.45,0.877,0
54.57,60.58,61.42,80.9,219.9,7,0,0.47,0.784,0
19.69,93.33,26.02,63.9,282.7,15,2,1.06,0.818,1
69.72,35.4,18.34,57.0,301.7,20,5,0.85,0.798,1
78.77,68.27,45.37,66.1,55.0,0,2,7.69,0.99,1
34.46,25.03,64.82,46.4,319.3,17,2,2.35,0.944,1
84.72,28.51,23.95,40.3,330.0,2,4,1.26,0.932,1
89.27,51.07,40.07,53.5,219.7,17,1,4.41,0.864,1
30.75,33.77,48.42,69.0,89.8,9,2,0.33,0.999,1
96.47,20.09,27.76,74.2,291.9,1,6,1.01,0.946,1
18.09,28.66,55.49,79.7,205.5,18,2,1.65,0.958,1
23.79,8.22,21.82,84.5,291.5,10,2,0.31,0.912,1
22.13,68.4,18.72,59.8,290.7,18,5,0.52,0.964,1
88.14,49.29,56.59,75.5,57.8,23,4,4.71,0.911,0
65.85,13.48,34.83,43.6,224.2,23,0,0.6,0.8,0
19.15,20.45,22.63,42.8,184.6,2,3,5.29,0.921,1
45.95,14.23,48.91,46.0,332.8,9,2,0.4,0.998,1
62.22,60.13,88.21,61.5,124.9,15,3,4.58,0.971,1
12.76,13.48,72.94,50.1,95.9,2,1,1.41,0.987,1
87.06,72.89,80.25,53.8,317.1,23,1,1.9,0.878,1
79.74,6.85,84.75,71.1,77.6,18,6,0.86,0.94,1
51.98,27.44,92.81,57.2,249.7,19,1,0.84,0.959,1
94.94,85.16,76.06,66.8,126.0,20,2,1.56,0.916,1
43.85,69.67,63.67,59.8,211.7,6,3,1.08,0.847,1
96.52,11.57,44.23,48.1,227.2,16,0,0.36,0.92,0
67.12,78.9,29.53,43.6,163.6,7,4,1.07,0.974,1
64.02,49.37,69.93,51.3,342.0,2,3,0.79,0.936,1
20.43,81.21,94.6,42.8,72.2,6,4,3.99,0.986,1
87.02,59.07,52.39,69.7,155.2,9,6,3.85,0.836,0
44.76,66.36,72.89,78.2,167.7,18,3,0.51,0.98,1
20.09,94.42,54.61,56.3,231.9,14,2,2.82,0.961,1
6.17,25.91,49.55,58.6,160.3,14,0,1.4,0.971,1
57.06,61.16,47.82,79.2,61.1,4,2,4.26,0.875,0
54.05,46.43,55.37,50.7,333.2,2,1,0.84,0.962,1
71.9,8.55,44.35,45.7,163.1,2,0,0.38,0.954,1
87.79,6.3,74.9,64.1,139.7,3,5,3.42,0.999,1
12.38,15.73,84.94,71.0,173.0,14,5,4.26,0.81,1
73.03,63.42,85.63,68.8,99.3,15,3,3.87,0.827,1
22.43,56.04,33.22,74.3,62.1,4,6,1.0,0.783,1
84.81,54.81,86.67,42.7,77.5,20,2,0.26,0.981,1
81.17,7.87,42.32,60.6,83.3,7,4,0.5,0.97,1
55.29,47.24,39.74,51.5,93.3,9,2,5.24,0.952,0
71.05,88.22,73.14,76.4,164.4,21,2,1.11,0.967,1
34.23,40.78,39.38,81.9,229.6,20,3,4.44,0.801,1
48.82,61.24,19.24,53.5,231.2,1,3,8.11,0.981,1
81.41,75.18,44.89,44.6,30.0,13,1,1.21,0.891,1
47.71,75.55,72.72,52.2,324.7,4,6,3.2,0.87,1
38.28,51.74,41.16,45.0,293.3,6,0,0.57,0.83,1
50.96,82.22,65.36,55.5,338.5,10,2,1.17,0.957,1
82.03,40.22,67.81,65.8,145.2,2,4,2.64,0.877,1
36.17,84.98,73.7,86.7,242.7,11,5,0.66,0.961,1
21.16,26.62,86.77,59.2,83.8,13,5,0.97,0.942,1
71.22,30.22,49.61,50.6,291.5,22,3,1.86,0.986,1
81.82,9.78,28.31,48.0,81.6,0,3,2.55,0.812,1
14.36,76.6,40.51,48.3,134.3,21,1,1.08,0.979,1
27.31,42.53,49.57,49.2,187.1,15,0,1.15,0.734,1
18.2,25.62,72.11,76.6,220.3,14,5,0.43,0.997,1
37.36,25.86,16.05,42.9,209.1,0,1,8.48,0.907,1
46.88,86.13,40.26,87.9,62.7,22,3,2.09,0.923,1
74.64,80.05,77.39,65.1,164.9,21,6,1.71,0.931,1
65.56,54.82,68.67,66.1,325.3,12,4,0.67,0.987,1
62.75,60.45,73.54,57.2,309.2,14,1,1.54,0.961,1
37.77,47.69,79.94,73.1,219.1,16,6,1.39,0.796,0
83.25,40.25,77.66,62.6,213.1,8,2,0.8,0.948,1
48.83,87.39,69.57,55.8,65.7,4,3,1.38,0.984,1
96.06,16.31,50.17,52.7,94.1,22,3,0.66,0.75,0
63.98,42.66,93.69,84.4,110.8,11,1,2.68,0.958,1
16.74,36.01,60.53,54.0,186.2,16,4,4.99,0.788,1
67.88,49.83,31.22,60.9,264.0,10,1,0.21,0.886,1
35.23,46.19,38.43,56.8,177.4,10,6,1.83,0.962,1
68.83,51.7,70.48,44.1,70.3,23,4,2.84,0.883,1
11.48,17.59,88.98,48.9,170.6,7,3,4.95,0.901,1
21.26,51.18,29.3,49.1,82.0,14,6,1.09,0.758,0
84.58,26.82,21.59,73.3,270.4,1,1,4.95,0.964,1
26.13,21.59,85.52,59.5,83.3,21,0,3.69,0.77,1
82.84,10.84,88.22,77.5,184.4,9,5,1.69,0.825,1
30.97,73.64,37.11,74.0,251.9,20,1,0.79,0.92,1
64.79,43.47,45.18,49.2,103.0,21,1,2.32,0.828,1
69.56,61.4,67.82,67.0,54.3,13,6,0.8,0.933,1
52.68,70.48,41.39,75.7,210.3,4,0,1.06,0.874,1
33.39,66.14,85.17,70.4,47.3,16,0,1.46,0.969,1
24.78,47.35,23.61,68.8,218.1,17,2,1.58,0.834,1
8.09,39.91,18.04,75.5,271.1,18,0,0.62,0.922,1
33.27,38.84,31.68,42.7,135.4,6,4,2.57,0.865,1
65.74,62.6,37.89,75.1,186.3,17,5,9.84,0.834,1
92.26,49.53,24.03,53.1,327.2,11,5,0.76,0.699,1
86.02,81.42,20.26,67.4,180.8,14,2,1.82,0.985,1
76.24,83.72,75.45,51.6,348.9,13,4,1.41,0.76,1
78.33,20.35,28.14,80.3,80.2,9,6,0.94,0.903,1
66.84,17.26,88.11,63.1,256.9,16,2,1.29,0.94,1
29.21,61.74,44.44,70.9,238.8,0,6,2.84,0.998,1
89.37,32.11,68.65,78.1,309.1,3,2,1.27,0.876,1
67.38,6.67,33.03,83.0,59.6,8,5,1.61,0.923,0
57.12,84.98,34.23,75.1,119.7,3,6,1.5,0.862,1
15.32,25.42,60.98,47.1,72.3,18,4,1.82,0.991,1
46.58,88.64,59.85,81.0,328.6,23,3,0.89,0.942,1
47.81,69.57,76.5,69.7,166.5,4,5,1.63,0.973,0
85.4,73.64,75.63,69.3,321.2,17,3,0.49,0.916,1
55.84,23.13,68.66,84.2,124.2,14,1,2.9,0.998,1
40.38,26.08,50.93,51.9,70.4,19,6,0.44,0.943,1
95.84,51.91,86.25,51.5,124.9,7,3,3.27,0.966,1
15.3,20.49,64.81,64.6,221.1,1,5,3.69,0.768,0
44.3,32.49,94.22,76.0,300.5,12,1,0.24,0.582,0
8.91,33.93,80.55,61.5,153.3,12,3,3.75,0.909,0
73.81,19.37,18.54,70.4,322.7,13,1,2.29,0.71,1
90.38,23.47,40.65,61.7,108.2,14,5,0.4,0.902,1
31.04,75.97,60.75,69.3,251.9,20,1,12.0,0.99,0
84.83,20.05,72.72,79.5,265.4,11,5,2.11,0.967,1
32.18,7.56,59.03,48.7,117.7,22,0,1.22,0.941,1
89.7,61.64,77.89,73.4,38.6,4,5,4.53,0.978,1
75.12,92.84,37.61,77.8,146.9,2,1,0.29,0.909,1
79.86,34.81,29.71,61.5,44.5,17,6,2.73,0.955,1
6.67,15.68,19.31,55.5,318.2,2,5,0.51,0.881,1
94.54,56.33,60.87,40.7,335.1,13,5,1.81,0.798,1
72.58,86.57,70.09,78.3,265.3,1,6,0.4,0.954,1
33.34,75.57,41.09,55.7,262.5,17,4,2.47,0.726,0
82.13,61.03,64.09,57.2,107.1,12,4,1.45,0.865,1
31.18,33.36,19.17,56.1,53.7,1,1,0.21,0.884,1
86.17,53.77,22.94,63.9,286.7,11,4,0.35,0.936,1
15.47,13.21,71.14,73.7,208.9,1,3,2.63,0.922,1
70.44,66.11,44.45,77.0,248.1,7,4,1.22,0.963,1
55.28,70.26,68.71,58.8,279.5,4,0,2.43,0.943,1
13.98,91.85,81.54,71.8,161.0,10,4,1.19,0.94,1
27.5,28.44,83.21,74.6,76.3,12,3,1.1,0.899,1
6.15,6.66,28.77,54.3,284.4,20,5,4.06,0.943,0
48.6,54.1,53.9,44.6,175.2,16,3,4.06,0.727,0
33.02,68.61,73.71,82.9,294.6,23,1,5.25,0.814,1
60.65,76.14,76.92,72.5,170.1,15,2,3.66,0.993,1
32.64,22.44,77.77,71.1,99.4,18,3,0.47,0.883,1
32.89,28.56,33.25,42.8,84.7,14,1,0.34,0.99,1
74.12,51.13,30.4,79.3,268.1,17,1,0.32,0.915,1
9.48,34.75,62.2,67.2,214.0,5,4,8.04,0.828,0
88.97,82.45,74.29,80.7,159.5,3,4,1.59,0.868,1
84.26,47.64,40.53,86.8,187.5,3,1,0.44,0.915,1
67.11,76.96,23.38,85.9,205.9,12,5,1.77,0.911,1
60.17,57.26,72.34,81.1,106.6,8,0,2.68,0.835,1
87.98,74.58,38.98,40.5,151.0,9,5,0.4,0.949,1
22.24,34.94,28.31,82.5,123.6,13,1,1.05,0.761,0
12.34,79.83,26.82,43.6,154.3,7,4,0.62,0.875,1
27.27,29.71,40.19,80.9,190.2,2,3,7.61,0.884,0
78.9,54.15,62.41,53.4,85.5,8,0,0.97,0.964,1
8.22,24.26,43.67,69.3,155.9,0,2,2.55,0.892,1
59.2,47.8,16.65,41.8,153.4,14,5,5.21,0.977,1
97.58,33.64,22.75,77.0,121.5,14,3,4.18,0.919,0
84.58,29.0,38.24,45.4,349.5,6,4,1.2,0.947,1
53.49,92.03,67.78,59.7,53.6,14,3,0.94,0.815,0
10.92,19.41,22.88,79.2,235.7,6,3,3.51,0.863,1
82.32,75.86,59.85,73.4,85.8,12,4,0.66,0.994,1
60.71,93.57,24.59,40.3,298.6,11,3,2.73,0.729,1
15.69,6.79,31.93,59.3,322.5,17,1,3.81,0.933,1
13.73,67.91,28.78,42.0,158.5,6,5,3.98,0.853,1
89.6,27.76,20.38,72.3,293.5,6,0,0.22,0.892,1
67.24,8.64,68.71,86.5,110.0,14,5,1.59,0.958,0
82.12,41.26,52.07,71.5,74.8,8,6,1.09,0.858,0
86.75,89.17,81.48,50.8,131.1,5,4,7.91,0.962,1
58.17,6.06,22.91,57.1,139.3,8,0,1.77,0.952,1
53.12,57.91,26.58,86.9,157.2,18,1,1.32,0.688,0
45.03,50.13,39.52,50.8,149.3,23,4,0.76,0.955,1
34.48,83.6,76.27,67.0,161.6,19,1,3.94,0.975,1
45.42,12.56,39.46,59.2,257.2,15,2,0.97,0.999,1
76.97,66.34,47.67,76.9,108.6,15,2,3.71,0.791,1
60.98,66.21,39.13,81.6,35.9,0,2,4.64,0.925,1
88.0,65.22,21.42,56.4,186.7,22,0,0.32,0.945,1
46.23,89.81,90.15,71.7,173.5,12,6,1.63,0.715,1
61.46,79.08,58.88,66.4,49.2,18,5,1.29,0.874,1
63.71,8.78,78.03,53.4,72.8,3,5,1.2,0.965,1
60.03,47.4,67.67,53.1,193.2,18,2,1.13,0.888,1
70.34,40.82,56.14,65.9,105.1,21,2,1.72,0.896,1
27.08,32.91,22.17,47.4,310.8,9,1,0.48,0.972,1
52.65,45.62,66.42,78.9,85.5,12,6,4.3,0.65,0
14.69,39.58,27.43,43.3,36.4,0,3,1.83,0.74,1
40.76,43.91,48.15,44.5,173.2,12,6,1.05,0.885,1
50.35,93.13,65.33,56.4,345.6,9,6,0.76,0.961,1
65.66,12.98,77.58,45.7,232.8,14,3,2.12,0.918,1
93.4,88.0,69.8,62.8,143.3,14,5,3.29,0.966,0
60.86,48.22,68.72,59.2,35.4,6,5,1.36,0.935,1
74.15,61.14,26.92,74.6,185.2,13,2,8.54,0.876,0
52.08,79.72,42.69,85.7,96.1,7,5,1.73,0.946,1
63.97,37.44,18.43,76.2,237.3,18,3,7.92,0.888,1
11.6,43.74,72.56,48.6,216.6,17,6,6.77,0.924,0
28.66,41.86,91.21,84.9,114.9,14,2,2.03,0.911,0
38.65,38.73,36.13,58.8,52.0,8,2,1.94,0.941,1
48.94,88.3,22.02,62.8,271.6,11,0,0.42,0.958,1
9.25,79.6,53.05,60.2,217.3,20,4,5.5,0.94,1
18.02,14.81,83.54,53.5,299.5,21,3,3.45,0.997,1
30.74,14.73,59.16,83.0,113.1,13,2,1.59,0.871,0
95.35,43.51,18.74,55.9,238.9,1,3,0.93,0.907,1
35.82,13.88,92.94,67.8,68.0,4,0,3.85,0.955,0
49.83,60.72,81.29,51.5,123.4,21,6,0.89,0.866,1
23.24,17.93,25.53,78.3,240.1,4,0,1.76,0.944,1
61.8,52.01,88.74,77.2,294.2,13,2,0.64,0.876,1
31.1,5.65,51.06,54.2,132.7,3,3,3.46,0.989,1
24.25,33.49,44.75,72.7,285.6,23,3,3.0,0.928,1
53.04,65.95,51.88,73.8,246.9,1,3,0.89,0.678,0
5.51,48.56,81.77,67.0,141.6,0,0,0.45,0.695,1
5.71,93.04,67.76,68.8,310.4,1,1,0.59,0.993,1
25.37,83.67,19.74,67.6,193.0,12,1,2.12,0.754,0
8.42,37.32,91.61,43.9,237.4,19,3,0.53,0.926,1
15.05,9.09,26.82,72.2,188.6,16,3,0.97,0.803,0
36.51,81.11,74.65,62.5,174.9,12,4,3.86,0.919,1
79.64,87.01,65.89,61.0,301.4,16,2,0.37,0.971,1
58.2,78.86,30.0,81.3,124.3,4,0,1.94,0.987,0
52.68,16.52,28.66,41.1,41.7,23,4,1.22,0.896,0
32.29,94.81,84.63,52.1,311.5,7,3,0.46,0.945,1
91.65,28.27,48.58,45.8,294.0,21,5,1.62,0.947,1
41.92,70.18,67.37,41.7,147.3,21,1,1.65,0.934,1
13.1,86.72,55.33,53.2,89.3,11,1,1.15,0.957,1
62.39,26.21,73.19,87.4,246.2,8,4,0.31,0.855,1
15.59,86.74,53.34,53.0,55.2,17,1,0.66,0.823,1
37.11,32.85,37.99,71.9,165.6,15,1,1.24,0.758,1
52.19,92.88,44.07,45.7,57.5,18,5,0.85,0.916,1
86.3,30.31,83.73,68.9,221.3,21,2,0.55,0.921,1
50.9,90.81,52.44,87.3,38.7,7,3,1.53,0.928,0
70.31,9.82,32.08,54.0,231.4,6,6,1.21,0.991,1
97.33,68.83,89.77,80.7,245.4,23,4,2.39,0.709,0
17.23,52.89,78.73,87.9,185.9,20,5,1.84,0.796,1
30.55,48.01,19.45,68.3,86.0,8,0,0.57,0.95,1
41.7,25.11,94.92,54.9,62.4,21,0,2.53,0.983,1
44.23,68.5,70.59,72.3,130.3,11,5,1.45,0.87,1
43.22,22.17,27.82,80.6,178.9,13,3,0.44,0.928,1
89.41,54.76,33.97,48.2,235.5,9,0,0.24,0.935,1
71.41,27.79,70.4,61.7,30.4,15,5,2.17,0.838,1
61.54,91.01,77.38,55.3,257.5,1,1,2.13,0.997,1
33.77,7.58,34.12,53.6,258.1,5,2,3.63,0.959,1
81.61,22.98,35.56,81.3,172.3,10,4,3.07,0.961,1
93.82,26.81,39.57,60.2,139.9,3,4,4.4,0.872,1
81.37,42.27,62.84,56.3,299.5,4,1,0.89,0.903,1
5.15,25.95,28.75,69.0,281.1,4,6,1.27,0.971,1
64.19,49.22,23.34,50.5,344.6,16,3,0.33,0.956,1
9.76,83.52,69.31,51.0,149.0,4,2,1.26,0.955,1
28.96,69.09,77.33,65.0,320.2,10,0,0.7,0.988,1
10.54,57.2,55.07,59.6,58.0,8,6,3.47,0.979,1
61.15,13.01,44.11,54.2,161.7,14,4,2.34,0.872,1
68.85,67.46,49.56,42.6,178.9,23,4,3.24,0.991,1
15.65,19.98,46.07,65.0,171.1,23,3,2.0,0.683,1
40.7,75.77,91.8,79.2,230.0,2,2,2.02,0.885,1
47.43,27.51,76.45,80.9,84.5,15,5,0.74,0.86,1
39.32,42.53,31.65,51.3,307.3,8,0,2.42,0.975,1
16.26,36.54,45.74,68.8,206.6,22,4,0.51,0.979,1
43.96,82.29,58.52,81.1,319.3,5,4,0.85,0.749,1
74.86,16.39,64.04,59.6,30.8,8,0,0.6,0.792,1
11.6,55.91,52.45,84.7,231.6,21,6,6.17,0.996,1
12.46,17.79,79.81,83.3,162.0,18,2,4.77,0.78,1
37.99,68.43,76.41,50.0,191.6,5,2,4.36,0.971,1
92.58,86.46,55.41,52.4,268.0,10,2,6.65,0.976,1
67.18,44.11,83.35,48.7,102.7,1,4,2.1,0.935,0
68.12,48.93,75.09,49.4,95.6,17,5,4.7,0.923,1
38.66,88.47,77.29,83.6,255.0,6,1,0.89,0.984,1
60.21,51.89,91.51,84.7,196.8,23,6,1.17,0.984,1
5.94,48.88,36.32,42.5,104.8,22,4,1.46,0.924,1
64.16,57.05,36.41,68.5,184.9,20,3,0.39,0.673,0
89.94,67.03,86.12,67.1,177.1,3,6,3.68,0.932,1
61.97,14.62,76.78,58.7,251.3,23,3,0.45,0.816,0
86.25,78.9,89.12,70.3,30.9,6,5,3.42,0.951,1
72.33,44.2,20.05,85.5,217.8,16,6,5.31,0.992,1
16.21,11.51,65.22,48.2,223.8,3,4,1.88,0.876,1
88.93,75.76,26.57,45.8,268.6,12,4,0.56,0.799,0
11.18,38.93,55.31,41.6,314.6,19,0,1.35,0.877,1
54.66,14.03,27.46,57.5,170.9,18,2,0.5,0.933,1
18.22,62.04,25.25,56.2,139.6,3,5,0.45,0.789,1
6.09,84.21,15.97,60.7,62.7,12,0,3.02,0.926,1
44.25,84.9,65.42,64.2,137.8,0,5,1.2,0.925,1
32.44,91.19,43.72,76.4,51.9,1,3,0.2,0.808,1
50.2,83.09,23.42,58.8,286.9,6,3,0.3,0.989,1
58.68,5.19,40.83,55.9,288.2,22,1,3.6,0.806,1
9.07,39.22,28.52,79.7,163.5,16,2,2.13,0.685,1
16.44,78.67,90.34,80.8,113.1,6,2,3.92,0.84,1
56.95,37.96,40.6,51.2,67.8,21,5,0.84,0.975,1
36.91,59.14,41.72,55.1,302.4,12,3,0.95,0.937,1
72.81,59.57,82.19,79.6,310.8,16,0,2.12,0.935,1
65.66,37.85,66.82,43.8,115.2,0,4,2.39,0.887,1
83.64,86.4,71.81,55.6,229.0,1,2,0.25,0.833,1
69.4,50.29,65.88,61.5,112.8,5,4,4.95,0.714,1
44.98,46.83,90.7,49.0,102.0,11,3,3.41,0.974,0
67.59,94.78,31.56,48.6,36.8,12,1,0.48,0.842,1
30.61,49.42,94.12,60.4,214.7,19,3,0.22,0.851,0
33.49,21.06,81.48,76.2,78.0,19,4,3.13,0.953,1
78.38,51.18,62.12,80.3,34.0,21,3,4.86,0.995,1
46.52,78.26,67.99,87.0,63.6,8,2,0.98,0.941,1
79.25,74.92,66.91,43.6,130.4,16,5,0.97,0.934,0
81.49,75.97,19.67,50.4,244.1,17,5,1.65,0.977,1
84.75,68.72,32.44,76.3,94.8,7,4,2.45,0.982,1
90.25,27.88,91.92,65.9,314.0,7,4,2.29,0.939,1
45.08,82.59,57.75,55.7,122.3,10,1,2.99,0.834,1
34.65,85.41,45.27,49.9,136.0,21,6,0.44,0.839,0
59.14,22.47,75.96,53.5,99.8,21,2,1.67,0.952,1
39.52,16.74,56.96,60.6,111.2,7,0,1.61,0.827,0
60.9,92.8,16.05,48.5,53.7,17,6,6.19,0.951,1
70.62,83.15,73.9,86.3,124.3,17,1,5.21,0.923,0
69.02,85.39,73.58,45.2,305.1,12,2,2.98,0.923,1
39.83,84.77,28.21,87.3,250.3,0,5,4.39,0.621,0
20.52,53.75,91.53,80.4,310.1,14,0,2.94,0.896,1
45.04,63.18,32.91,60.3,63.6,21,6,2.75,0.872,1
18.26,54.08,51.62,75.5,175.8,5,5,0.69,0.787,1
87.78,9.61,24.18,72.2,103.4,5,4,2.12,0.984,1
37.17,72.1,63.26,50.2,260.8,12,5,5.16,0.904,1
19.36,50.48,45.04,56.3,340.5,1,6,2.97,0.82,0
7.37,63.29,43.25,64.6,290.9,22,1,2.06,0.848,1
65.06,50.24,81.16,70.6,41.3,18,4,0.8,0.938,1
64.23,49.26,15.76,66.1,131.3,16,4,2.47,0.969,1
36.68,20.46,78.84,62.7,39.1,0,6,1.05,0.875,1
11.67,30.08,60.72,61.3,42.9,13,4,0.33,0.988,1
43.1,19.3,93.89,63.9,55.4,15,2,0.75,0.772,1
33.94,22.61,62.16,60.8,118.4,14,0,1.19,0.812,1
67.97,92.57,19.43,66.0,127.3,8,2,11.61,0.963,0
61.34,18.78,19.05,82.6,158.1,18,4,3.06,0.796,0
38.91,29.23,85.65,70.4,159.6,7,6,0.86,0.754,1
25.26,58.15,82.3,74.7,276.9,14,1,3.07,0.997,1
96.89,59.92,42.67,68.7,75.2,9,5,1.09,0.933,1
47.22,18.86,64.44,70.9,80.5,22,6,2.07,0.992,1
69.01,76.43,54.17,67.8,230.5,1,4,3.09,0.811,1
18.07,75.67,92.37,41.3,213.0,17,0,2.9,0.944,1
50.16,26.36,91.0,88.0,79.3,19,2,0.5,0.876,1
7.56,30.98,93.71,41.6,302.7,1,0,3.69,0.665,0
52.01,89.42,84.32,59.0,135.3,20,2,5.33,0.987,1
94.65,79.31,87.76,45.0,147.4,11,5,0.73,0.97,1
40.73,67.8,32.38,44.7,164.5,9,6,1.0,0.805,0
8.63,12.4,81.48,78.1,133.3,11,0,5.77,0.878,0
7.88,42.64,71.71,60.4,208.4,6,0,8.43,0.862,0
41.08,55.34,92.02,78.5,154.4,1,2,1.41,0.99,1
19.88,21.87,60.7,53.1,113.0,0,6,0.27,0.828,1
7.17,45.34,21.81,52.3,319.4,1,2,5.6,0.985,1
75.33,59.09,62.79,52.1,128.7,22,2,0.25,0.972,1
47.64,34.46,69.93,69.6,253.5,20,3,1.0,0.978,1
31.9,75.29,32.63,79.1,141.1,16,5,0.39,0.984,1
88.71,80.64,46.53,61.7,169.3,19,0,1.63,0.981,1
15.8,34.12,62.88,58.2,105.5,7,3,0.28,0.849,1
93.9,80.48,44.93,86.7,270.7,20,3,0.71,0.998,0
34.2,14.32,45.0,45.6,265.9,11,4,1.43,0.869,1
87.62,80.4,25.65,63.4,37.1,1,6,0.35,0.984,1
61.07,18.75,90.26,59.6,49.3,8,3,1.51,0.993,1
81.88,12.46,75.04,44.7,325.2,16,3,0.82,0.943,1
96.51,62.76,15.1,52.9,314.4,16,2,0.82,0.981,1
31.82,47.47,76.25,41.4,191.9,9,2,5.73,0.981,1
94.39,86.71,74.18,82.1,187.9,12,1,2.54,0.934,0
41.22,37.69,15.78,69.2,290.0,4,5,5.5,0.978,1
40.85,30.84,44.57,79.1,74.3,13,6,1.91,0.803,1
36.66,50.07,63.54,65.0,239.2,13,0,4.95,0.908,1
55.35,46.04,51.22,68.8,182.3,14,5,3.83,0.927,1
19.34,36.0,77.24,73.6,267.9,21,3,12.0,0.976,1
56.5,67.44,49.04,83.6,39.6,4,3,1.6,0.917,1
55.38,73.36,27.31,44.4,219.7,21,0,2.58,0.998,1
75.86,81.77,93.11,55.9,208.2,5,5,0.55,0.88,0
82.53,92.56,34.36,74.0,299.1,8,2,5.81,0.948,1
45.96,29.0,72.42,86.0,246.6,8,2,1.22,0.948,0
33.12,69.45,26.45,87.1,311.7,20,0,5.17,0.974,0
29.12,40.48,41.32,70.6,313.9,3,6,0.41,0.897,0
23.1,65.94,50.36,49.3,160.6,0,0,1.65,0.958,1
10.36,47.84,30.38,45.7,74.0,21,2,0.2,0.942,1
36.85,94.44,51.0,85.4,231.7,22,6,1.28,0.927,1
30.13,70.6,27.57,60.8,309.6,22,0,0.37,0.818,1
94.88,90.72,59.72,49.4,54.0,14,6,1.39,0.709,0
56.87,80.15,68.1,84.8,208.5,13,5,1.82,0.986,0
37.3,86.26,19.99,45.0,66.8,0,2,4.02,0.816,1
58.98,78.3,84.69,75.0,38.6,5,0,0.9,0.958,1
17.95,46.32,29.81,70.0,247.5,7,2,1.87,0.871,1
46.3,27.66,33.03,44.2,248.2,2,1,0.34,0.999,1
63.24,38.33,67.91,56.3,222.2,16,2,5.1,0.793,1
50.47,6.82,52.5,47.2,305.0,22,2,1.4,0.98,1
42.37,52.16,54.95,69.0,55.9,19,3,0.78,0.958,0
97.43,50.46,25.25,62.9,63.7,4,5,1.44,0.988,0
86.87,52.27,79.46,40.2,306.7,17,6,1.51,0.876,1
62.98,92.66,64.36,86.8,191.0,6,2,2.92,0.857,1
57.95,87.03,25.83,56.8,117.4,16,0,7.54,0.934,0
62.72,19.55,44.92,52.4,266.2,14,4,0.61,0.736,1
23.72,38.2,79.83,50.7,316.2,19,0,0.31,0.995,1
41.75,43.16,60.47,47.6,250.7,23,3,2.33,0.71,0
8.67,37.45,23.69,88.0,283.4,15,0,4.52,0.929,0
49.23,76.86,44.82,54.2,120.4,12,1,1.87,0.918,1
55.5,52.16,34.42,59.5,122.4,6,4,0.37,0.968,1
26.18,56.49,56.4,81.8,306.5,14,4,1.3,0.826,1
94.65,81.77,82.47,70.8,226.8,22,6,2.33,0.751,0
89.58,77.53,49.9,57.7,104.9,22,5,1.0,0.925,1
72.16,16.9,49.67,83.1,197.7,4,3,3.93,0.8,1
54.6,69.25,87.43,76.0,249.5,11,5,0.71,0.977,1
85.91,44.19,61.09,50.9,99.9,9,4,1.11,0.977,1
17.15,31.52,60.3,70.9,239.6,18,2,5.16,0.73,0
78.52,9.5,35.95,84.3,43.5,9,3,1.9,0.764,1
16.61,48.85,63.62,63.8,127.2,6,5,0.21,0.971,1
78.86,36.99,61.07,75.2,245.7,23,1,0.76,0.742,0
30.65,27.64,46.75,86.6,77.8,22,4,3.0,0.815,1
86.57,67.52,94.26,73.1,101.1,21,4,0.31,0.992,1
92.8,74.25,85.55,44.9,311.3,14,3,10.14,0.994,1
18.84,27.03,74.97,51.7,245.8,8,4,4.76,0.874,1
48.03,9.45,57.99,68.6,189.7,5,6,0.71,0.877,1
96.23,81.39,51.96,53.2,97.5,20,4,4.72,0.986,0
49.96,5.9,29.79,86.0,139.3,10,1,2.6,0.963,1
85.31,89.34,39.46,59.5,213.8,5,1,1.31,0.806,0
59.75,61.49,76.92,61.9,79.7,19,3,0.64,0.909,1
39.91,33.97,51.3,73.7,184.2,14,4,0.65,0.993,1
31.58,27.18,85.58,65.2,160.9,12,5,2.0,0.986,1
23.9,5.81,26.83,58.3,182.5,5,6,1.28,0.978,1
75.85,26.19,55.67,43.7,63.8,19,0,2.01,0.995,1
40.95,17.4,66.76,68.6,64.1,20,3,1.0,0.866,1
52.55,60.09,56.35,81.6,338.5,14,5,0.72,0.715,1
50.79,19.99,86.14,72.9,343.4,5,1,3.82,0.744,0
58.69,52.58,94.17,58.3,166.4,15,0,5.25,0.925,1
85.5,58.11,24.27,46.1,282.5,0,5,2.64,0.888,1
96.21,31.82,25.4,79.2,239.9,5,5,0.55,0.687,0
42.91,8.16,25.43,85.2,67.4,15,4,0.39,0.692,1
81.96,8.35,69.49,58.6,124.9,21,6,1.75,0.98,1
76.1,7.37,44.81,75.0,130.4,0,3,1.8,0.869,1
58.34,71.52,73.67,59.7,220.6,6,3,2.24,0.968,1
93.91,33.62,47.44,64.1,215.6,9,1,4.93,0.975,1
23.64,76.67,65.21,80.2,325.5,20,2,2.28,0.872,1
15.16,43.86,76.59,44.0,282.8,7,2,5.16,0.858,1
84.42,45.77,58.86,65.5,304.2,20,2,0.45,0.989,1
45.84,51.16,58.16,50.3,315.2,4,3,2.67,0.92,1
83.77,69.17,22.06,56.3,286.4,17,6,5.45,0.978,1
88.06,29.62,47.86,70.9,136.5,3,6,1.44,0.783,1
10.81,15.94,58.66,41.3,98.8,19,1,7.05,0.752,1
87.16,55.05,51.96,68.5,213.0,15,1,1.81,0.781,1
46.69,34.43,87.06,53.6,250.7,9,2,5.93,0.807,1
52.47,44.82,87.52,72.1,153.7,15,0,2.96,0.96,1
63.27,63.23,80.75,46.8,301.5,7,2,1.42,0.973,1
91.15,49.47,45.02,75.3,337.4,18,3,0.27,0.722,0
6.78,60.83,72.38,71.0,212.2,0,0,2.34,0.932,1
49.35,53.98,46.62,86.6,176.1,22,1,0.79,0.989,1
68.96,71.58,33.61,83.7,299.7,8,4,0.88,0.826,1
72.21,68.53,42.43,53.6,37.8,5,5,0.24,0.97,1
69.41,53.08,20.68,41.3,71.3,12,0,1.83,0.813,0
17.5,66.1,41.54,71.5,300.6,12,6,0.88,0.985,1
32.84,83.62,51.86,68.9,264.2,17,1,8.28,0.999,1
38.36,43.9,91.44,41.3,163.2,13,0,2.96,0.744,0
79.81,42.15,40.07,45.9,314.4,1,2,1.08,0.975,1
30.92,73.78,87.2,68.1,142.5,15,0,0.9,0.942,1
24.6,57.43,33.31,83.8,232.8,16,0,2.71,0.887,1
94.04,11.39,30.28,83.5,233.0,21,0,0.79,0.668,1
5.82,85.29,56.52,47.3,89.0,15,3,1.39,0.985,1
97.8,7.77,68.8,58.5,121.2,13,5,0.55,0.984,1
67.94,72.36,18.55,42.1,323.1,12,3,0.79,0.714,1
82.05,73.29,32.69,62.5,88.7,15,5,0.41,0.827,1
32.4,90.78,51.45,76.1,85.5,23,2,1.31,0.933,1
6.33,9.87,41.48,77.9,183.5,0,4,5.43,0.964,1
73.62,58.72,72.01,64.0,59.5,16,3,0.41,0.981,1
82.58,43.51,55.89,44.6,316.3,0,4,1.35,0.899,0
73.86,34.76,27.83,58.3,62.0,9,3,0.91,0.906,1
18.29,13.13,86.56,84.7,227.3,4,1,1.1,0.998,1
75.07,55.64,38.43,51.0,138.7,6,1,3.15,0.879,1
76.51,48.11,73.49,55.3,287.4,3,0,1.34,0.87,0
66.24,14.41,77.39,75.8,218.7,0,4,2.3,0.996,1
76.25,60.12,92.05,75.2,154.3,0,0,7.37,0.928,1
83.67,71.42,54.88,83.8,344.8,9,5,2.12,0.662,1
62.07,74.06,64.27,58.6,51.2,2,0,1.02,0.985,1
13.24,86.48,41.79,64.7,214.9,4,3,1.21,0.882,1
50.35,41.85,69.25,62.4,346.7,12,3,2.58,0.905,0
12.22,90.78,52.07,84.5,251.1,20,0,2.57,0.762,1
42.9,82.89,50.01,76.9,266.7,8,5,1.12,0.988,1
42.86,31.69,83.44,79.9,40.3,7,3,2.78,0.83,1
11.14,19.34,19.01,46.4,36.8,10,5,1.8,0.823,1
37.44,44.19,85.56,78.0,41.6,23,1,8.07,0.848,1
15.32,41.17,83.17,60.8,347.4,13,1,4.97,0.951,1
80.17,56.81,55.51,41.1,343.4,7,4,3.67,0.861,1
93.13,57.5,54.22,42.9,137.0,23,1,0.27,0.742,0
11.73,72.5,43.94,72.5,123.1,23,5,1.16,0.978,1
93.83,50.89,94.53,57.9,76.7,20,0,1.9,0.941,1
53.6,14.43,23.89,81.7,135.3,9,2,1.67,0.857,1
32.86,82.25,62.22,75.2,148.4,2,3,3.08,0.653,1
12.15,32.88,69.53,41.0,269.5,3,0,5.0,0.926,1
51.56,92.42,89.75,73.0,307.2,22,3,3.29,0.968,1
78.89,15.61,77.42,49.2,269.0,11,4,0.7,0.872,1
70.76,91.24,66.51,60.3,236.9,8,0,1.53,0.981,1
9.67,13.19,24.34,70.0,275.1,10,0,1.2,0.855,1
11.78,25.79,44.9,81.9,266.3,10,0,3.11,0.914,1
42.47,9.19,26.11,61.9,182.2,15,4,4.71,0.977,1
32.46,68.46,85.5,78.8,137.5,12,0,0.88,0.819,0
26.61,81.53,74.97,77.6,120.5,13,3,1.54,0.898,1
31.13,44.07,75.6,59.9,247.4,6,2,2.83,0.997,1
79.72,88.57,67.18,64.0,337.0,11,0,0.3,0.897,1
91.42,58.13,55.56,73.6,215.9,23,4,6.8,0.927,1
42.67,61.7,27.0,41.5,322.0,18,4,3.42,0.971,1
89.27,81.09,41.38,82.8,34.6,7,0,1.77,0.797,1
34.9,31.71,25.95,77.0,284.2,3,4,3.22,0.97,1
49.31,36.88,72.99,52.0,303.2,21,6,3.82,0.878,0
26.02,86.54,27.82,87.1,231.9,16,1,1.56,0.925,0
64.56,86.09,71.17,48.6,328.9,1,5,1.36,0.981,1
96.05,92.88,70.38,83.9,218.8,22,4,3.84,0.836,0
61.12,86.17,51.74,55.6,107.0,21,6,4.13,0.874,1
38.28,16.46,25.82,76.6,99.0,12,6,0.46,0.781,1
65.25,79.14,40.18,61.9,207.9,20,2,4.97,0.773,0
16.43,41.89,40.61,75.4,320.1,6,1,0.85,0.788,1
87.65,94.17,71.03,47.5,53.2,17,3,2.4,0.813,0
51.79,47.51,24.1,52.9,223.4,9,1,2.67,0.874,1
46.79,54.85,81.33,44.8,276.3,3,2,0.86,0.841,0
59.49,52.68,75.88,81.5,66.9,20,5,0.93,0.9,0
63.1,33.96,29.9,54.2,67.4,7,1,2.65,0.974,1
11.68,11.75,72.53,73.3,147.2,21,0,0.58,0.921,1
68.48,85.61,68.48,79.4,117.6,21,4,4.11,0.999,1
27.5,77.24,74.85,83.3,93.5,20,0,0.7,0.986,1
71.4,17.56,30.11,45.1,93.6,12,6,1.07,0.989,1
81.5,74.91,27.61,82.9,71.8,13,0,0.82,0.874,1
79.77,61.33,33.92,49.5,225.5,20,6,0.76,0.91,0
56.38,41.82,44.27,75.4,250.2,16,0,7.91,0.951,1
53.38,27.86,78.49,75.0,254.9,11,6,0.78,0.921,0
18.29,82.38,74.03,40.4,200.4,3,1,1.93,0.946,1
77.11,68.02,89.04,50.6,334.9,8,3,2.94,0.943,1
30.24,54.3,19.69,63.6,311.8,14,6,0.29,0.937,1
51.19,59.86,15.92,60.2,336.4,14,5,4.47,0.958,1
31.44,13.2,70.93,84.1,154.4,17,4,0.53,0.95,1
17.45,47.65,37.34,57.3,310.9,5,1,1.97,0.845,0
63.55,22.43,41.73,85.0,274.1,1,5,2.25,0.918,1
10.05,23.75,58.74,62.1,138.8,8,0,2.19,0.935,1
74.62,64.52,23.19,86.3,64.1,4,2,2.84,0.962,1
34.54,87.01,66.42,75.4,248.4,11,2,5.55,0.966,1
5.01,41.34,41.01,79.8,73.7,4,6,5.43,0.919,1
52.54,23.7,65.62,45.0,124.0,11,0,1.93,0.975,1
9.36,63.39,81.72,68.1,190.1,14,6,1.12,0.978,1
30.68,83.41,28.69,46.8,247.6,1,3,0.98,0.702,1
70.75,72.35,89.47,54.3,326.4,10,5,4.56,0.756,1
10.83,83.19,57.46,69.9,219.8,22,4,4.04,0.988,1
83.06,53.29,88.83,74.9,244.9,23,6,0.9,0.86,1
5.36,72.67,31.62,41.9,129.2,18,5,0.53,0.931,1
27.95,17.61,63.37,65.5,249.9,16,1,4.15,0.914,0
73.9,36.34,47.31,67.1,170.1,17,3,2.07,0.662,1
34.41,40.06,76.94,43.8,304.2,9,2,0.95,0.997,1
14.48,51.02,63.47,64.0,155.6,4,0,2.09,0.758,1
38.5,88.62,54.56,74.3,179.8,20,1,0.34,0.961,1
30.15,83.69,88.04,42.6,168.4,16,3,0.62,0.898,1
83.37,17.11,45.17,76.5,289.6,0,5,1.78,0.903,1
34.14,20.55,32.6,67.7,335.2,12,3,1.75,0.994,1
78.37,37.19,63.65,80.0,134.7,1,3,0.77,0.964,1
87.94,31.17,64.92,50.5,182.0,16,5,8.24,0.977,1
45.35,60.33,50.13,80.0,255.9,14,1,1.26,0.989,1
89.62,86.25,53.93,44.5,316.5,7,6,2.67,0.933,0
40.09,91.61,91.76,59.4,188.0,1,4,0.8,0.931,1
94.66,63.82,73.61,49.6,64.8,7,5,1.3,0.853,1
13.3,80.43,23.85,82.0,148.0,4,1,3.76,0.996,0
68.89,52.27,31.97,73.8,206.1,16,5,3.98,0.989,0
50.92,23.75,93.05,41.2,163.6,3,0,0.49,0.817,1
41.05,52.22,73.12,40.5,89.7,11,1,1.08,0.899,1
63.84,54.96,88.2,54.0,41.8,17,3,0.65,0.847,1
70.46,71.82,39.31,46.9,250.0,5,4,4.62,0.979,1
5.41,24.79,74.35,70.3,347.7,4,4,3.0,0.867,1
20.53,38.15,72.12,71.9,324.1,18,0,1.86,0.989,1
71.31,37.76,38.58,85.2,248.6,4,0,2.3,0.655,0
66.97,91.35,59.07,85.7,299.3,9,2,5.11,0.915,1
94.84,44.96,65.19,71.6,111.8,22,2,0.92,0.796,1
75.78,72.96,53.49,40.3,229.2,18,2,0.23,0.997,1
93.42,72.57,81.17,57.2,49.4,3,1,0.25,0.982,1
70.34,28.9,81.63,64.6,256.3,12,4,0.3,0.985,1
32.72,56.47,83.05,64.0,340.4,12,0,0.48,0.985,1
14.8,85.49,79.27,69.0,305.5,16,6,1.89,0.957,1
77.71,47.77,54.05,86.1,201.0,17,2,8.14,0.828,1
64.91,90.06,45.52,82.5,282.4,18,0,1.29,0.845,1
9.48,24.3,81.51,45.2,332.0,22,2,2.69,0.766,1
38.48,11.67,54.22,52.8,99.1,22,1,3.34,0.944,1
93.98,85.23,34.71,80.0,283.8,16,5,3.43,0.804,1
51.54,81.29,55.59,79.6,116.4,2,1,1.37,0.899,0
45.24,94.33,26.35,53.2,310.6,12,3,1.8,0.983,1
47.57,66.15,70.33,75.1,61.5,12,0,1.0,0.941,0
24.43,89.3,41.87,72.3,87.0,2,6,2.53,0.985,0
39.29,79.43,35.85,62.7,260.6,1,5,1.17,0.933,1
39.39,81.0,91.52,49.7,85.9,14,5,0.95,0.93,1
9.87,56.22,77.15,82.7,80.6,2,3,2.17,0.987,1
76.38,39.41,77.97,72.5,207.7,21,5,1.03,0.955,0
43.73,89.11,64.9,48.1,297.2,15,1,1.25,0.99,1
81.46,43.89,82.13,73.8,115.9,9,5,2.68,0.919,1
84.08,53.49,75.73,75.6,299.2,19,6,4.04,0.461,0
24.72,45.15,62.9,82.6,288.5,1,1,1.34,0.944,1
66.13,55.83,91.89,50.7,215.3,14,5,1.68,0.807,0
48.92,47.35,30.33,87.5,236.9,7,5,2.94,0.973,1
86.85,9.32,90.47,47.4,42.9,12,0,0.71,0.938,1
25.06,84.38,47.12,68.8,147.5,0,6,1.27,0.9,1
68.04,45.0,57.27,71.5,114.3,23,3,3.54,0.936,1
61.52,58.0,24.82,60.1,78.0,1,5,4.7,0.927,1
32.46,17.53,58.21,62.8,154.7,8,6,2.27,0.944,1
17.7,5.3,63.9,82.8,143.6,19,5,1.2,0.91,1
65.6,27.08,94.82,71.0,263.2,19,3,2.06,0.804,1
73.69,68.41,93.02,63.9,221.4,22,3,0.59,0.966,1
34.35,13.93,92.31,46.2,322.2,18,0,0.26,0.728,1
64.97,86.8,42.87,40.4,76.5,11,0,0.36,0.84,1
41.75,24.35,94.3,46.0,49.1,11,0,0.43,0.844,1
71.33,23.41,51.44,85.9,201.1,9,4,0.71,0.83,0
23.53,21.34,83.15,76.7,30.3,18,5,1.44,0.883,1
87.79,6.26,32.31,86.4,282.1,19,6,0.73,0.99,1
31.73,74.46,55.47,41.7,191.9,9,1,1.96,0.813,1
39.2,83.75,92.28,72.7,186.2,18,4,12.0,0.764,1
10.4,60.27,90.76,42.1,146.0,23,4,1.58,0.955,1
15.37,21.94,69.7,77.5,150.0,8,1,3.03,0.893,1
52.98,30.68,78.83,58.3,168.0,4,5,0.89,0.981,0
29.89,47.83,29.11,44.6,35.1,2,2,6.79,0.986,1
82.7,90.89,72.73,67.3,56.7,22,2,0.77,0.941,1
6.37,27.26,64.44,53.4,191.6,18,2,2.02,0.983,0
40.26,70.85,22.32,71.7,78.0,21,6,8.39,1.0,0
36.37,44.55,24.05,71.6,279.2,3,0,3.5,0.972,1
6.8,31.81,23.68,73.8,117.8,22,0,9.86,0.938,1
16.57,46.03,72.95,87.6,61.3,13,3,1.16,0.904,1
43.47,11.41,26.34,58.6,105.3,5,6,0.36,0.764,1
50.84,76.88,52.42,62.3,144.3,12,6,0.76,0.941,1
42.6,26.9,43.56,78.6,41.3,6,3,6.52,0.99,1
54.38,70.29,59.04,67.8,75.3,11,4,1.13,0.968,1
60.35,11.15,71.52,41.8,133.6,19,3,0.47,0.874,1
5.92,90.96,69.78,80.5,129.4,13,0,2.0,0.895,1
48.16,22.37,56.24,42.5,286.1,12,4,1.59,0.822,1
94.61,84.45,52.15,48.2,299.8,10,3,0.33,0.96,1
53.27,77.85,46.83,44.9,91.9,5,3,1.41,0.871,1
68.01,92.11,83.95,43.7,69.7,6,6,2.2,0.997,1
34.0,48.01,41.47,41.2,232.9,9,2,0.73,0.989,1
76.98,70.47,35.75,42.6,287.5,23,0,0.47,0.982,1
76.88,38.36,74.47,61.2,338.4,14,4,4.2,0.919,0
53.48,21.59,43.78,52.1,32.2,8,1,2.16,0.851,0
95.77,44.88,82.76,46.1,162.4,2,5,0.54,0.944,1
16.68,19.92,41.23,71.6,264.9,4,3,2.18,0.988,1
6.58,93.38,71.16,50.9,295.1,9,0,2.86,0.919,0
76.62,13.66,18.61,40.9,49.9,14,4,2.02,0.815,1
80.07,58.03,45.85,60.1,247.8,2,5,0.45,0.976,0
16.18,61.38,42.46,54.9,122.5,20,6,0.47,0.977,1
29.7,53.43,80.33,55.3,53.9,17,0,0.29,0.827,0
6.63,64.6,92.36,61.4,186.5,2,0,0.73,0.757,1
32.28,15.46,51.87,72.1,80.6,6,4,0.32,0.928,1
76.9,54.95,80.99,69.6,265.8,23,2,3.47,0.784,0
53.17,30.85,70.98,85.0,267.2,20,5,0.23,0.873,1
37.37,89.62,92.39,64.9,299.5,13,2,1.94,0.66,0
39.57,73.59,79.89,62.7,150.8,15,3,3.52,0.997,1
5.13,92.53,21.2,50.2,34.3,18,2,4.7,0.984,1
32.88,8.38,72.06,76.3,113.1,3,3,1.25,0.897,1
65.12,30.66,57.84,46.8,179.7,2,3,2.14,0.948,1
95.6,22.59,16.31,63.6,252.1,2,4,6.24,0.945,1
83.78,6.0,35.11,60.2,152.3,8,0,2.43,0.877,0
7.19,26.81,88.74,71.6,201.5,3,1,4.83,0.918,1
88.57,66.09,89.08,84.0,197.8,21,6,2.51,0.815,0
77.84,25.8,78.91,85.4,82.8,18,1,0.34,0.834,0
77.57,50.81,93.54,48.1,229.4,23,2,0.64,0.761,1
47.59,84.9,79.52,52.6,170.6,10,4,5.84,0.994,1
42.01,67.44,15.82,79.0,288.5,14,1,3.92,0.842,1
33.17,40.52,38.03,64.9,251.0,3,6,1.3,0.815,1
11.11,38.52,17.45,61.7,65.7,7,0,0.55,0.986,1
26.23,46.02,22.53,74.1,186.4,1,3,0.54,0.979,1
27.93,20.93,32.51,68.9,254.8,17,3,4.9,0.998,1
50.02,62.06,55.28,86.6,57.8,2,4,0.56,0.765,0
74.51,37.77,82.8,68.0,283.6,2,2,1.18,0.936,1
49.06,81.71,83.96,62.4,101.0,20,0,4.82,0.687,1
10.38,73.09,64.3,66.1,191.0,18,6,0.27,0.878,0
94.07,59.95,89.25,78.8,331.0,11,2,2.19,0.893,1
92.67,37.78,55.0,69.4,212.8,23,6,1.06,0.914,1
78.02,23.89,86.12,71.1,165.7,13,2,0.43,0.949,1
97.19,74.85,51.33,86.6,32.2,22,4,1.88,0.99,1
55.64,48.78,37.18,69.7,72.7,12,3,1.53,0.85,1
94.54,25.23,88.31,58.3,215.2,15,2,0.41,0.999,1
12.03,22.57,46.03,73.2,188.0,16,6,0.82,0.953,1
39.01,19.89,55.27,71.7,146.4,21,2,2.9,0.912,1
25.96,74.94,41.31,40.7,325.4,17,0,3.02,0.914,1
23.21,25.61,68.03,62.4,136.4,12,5,2.03,0.924,1
18.09,52.4,94.6,75.7,201.9,23,3,0.43,0.995,1
62.88,45.64,17.04,64.0,212.0,12,2,4.04,0.844,1
77.66,57.16,86.99,77.4,198.8,7,5,0.58,0.865,1
58.78,83.94,15.31,61.6,182.8,6,1,2.75,0.919,1
18.67,83.1,44.14,87.2,137.9,7,6,0.29,0.928,1
80.43,45.6,28.49,54.1,320.8,16,5,1.01,0.896,1
64.14,6.38,75.59,44.4,174.3,23,1,1.5,0.977,1
41.1,43.38,19.05,60.6,199.1,0,6,0.26,0.921,1
67.69,59.56,59.28,66.0,240.1,2,3,0.58,0.924,1
29.17,55.2,38.59,56.8,51.6,3,3,0.97,0.947,1
37.1,63.62,25.69,51.6,280.0,18,4,8.29,0.807,1
90.33,18.87,76.75,72.3,194.0,1,5,3.22,0.989,0
32.02,63.19,32.39,58.1,240.3,10,6,3.87,0.998,1
48.71,21.44,32.89,70.3,277.0,10,2,2.4,0.645,0
87.78,72.55,37.01,77.4,309.7,18,1,0.89,0.943,1
70.82,35.52,61.94,76.5,155.5,1,5,2.67,0.825,0
10.78,68.89,67.77,58.0,289.7,4,1,2.44,0.684,0
18.7,9.31,16.41,67.3,112.8,18,6,2.08,0.961,1
5.73,41.71,34.35,61.6,241.3,8,3,0.91,0.886,1
63.68,68.45,49.48,81.8,62.9,6,6,0.81,0.927,1
46.63,25.42,41.56,82.2,36.4,11,3,1.02,0.917,1
17.49,76.58,85.73,56.5,60.6,18,0,0.95,0.562,1
94.09,61.77,78.02,44.4,132.2,17,0,0.36,0.999,1
54.26,57.88,65.07,48.0,40.0,17,6,3.44,0.979,1
27.5,36.82,42.04,57.6,231.8,20,3,1.12,0.896,1
51.56,48.42,71.05,67.1,131.3,8,0,2.65,0.931,1
68.2,58.76,82.49,71.5,265.6,1,3,0.86,0.643,1
12.09,47.52,62.59,55.9,44.7,1,5,2.04,0.94,1
30.55,67.85,77.76,72.0,99.3,14,3,0.27,0.904,1
80.05,44.03,74.93,85.0,160.6,23,4,0.42,0.832,1
47.75,23.2,60.74,71.3,152.4,15,0,1.11,0.902,1
55.83,24.25,39.97,47.6,71.9,13,2,0.83,0.941,1
45.25,5.52,74.66,67.8,348.1,18,2,1.07,0.98,1
9.08,32.09,31.54,66.0,121.0,14,5,5.54,0.896,0
20.41,72.4,77.36,81.8,260.7,2,4,0.35,0.872,1
46.44,76.47,79.36,56.8,100.4,5,6,1.44,0.679,1
24.45,23.22,80.77,60.3,310.9,5,2,0.64,0.946,1
9.65,91.31,52.83,68.7,154.1,21,2,1.08,0.917,1
83.46,50.22,30.4,65.2,318.3,20,5,2.46,0.953,1
96.25,87.53,22.98,74.5,139.4,19,5,7.42,0.969,0
78.76,68.61,74.47,41.9,32.8,8,4,2.57,0.802,0
84.4,70.02,85.9,67.0,195.4,10,1,4.52,0.939,1
27.5,12.65,67.07,45.8,197.9,3,4,0.52,0.91,1
94.34,24.8,26.53,55.1,68.3,13,4,0.6,0.932,1
23.31,5.79,89.79,71.8,105.2,12,0,4.39,0.868,1
93.48,69.45,94.13,47.6,280.7,14,2,2.07,0.868,1
97.52,36.0,49.67,54.8,41.8,16,6,3.34,0.817,1
71.19,75.8,62.59,73.7,186.6,7,2,0.7,0.606,1
96.25,35.5,77.18,71.2,199.7,10,1,1.06,0.845,0
57.97,78.74,73.91,44.4,250.4,23,6,0.37,0.876,1
29.14,16.76,92.42,67.7,42.0,10,4,4.72,0.911,1
45.64,20.6,24.19,47.1,217.4,15,3,6.46,0.933,1
60.2,35.68,61.46,52.1,31.0,2,1,4.1,0.911,1
11.8,41.76,70.35,62.0,114.9,22,1,1.35,0.98,1
62.88,36.38,86.21,45.2,189.9,14,2,1.03,0.95,1
96.25,73.73,84.93,87.7,321.6,12,2,1.44,0.857,0
22.68,13.73,93.24,47.9,70.5,6,2,2.23,0.845,0
78.71,36.61,55.97,77.5,84.2,4,2,1.33,0.808,1
89.43,80.35,81.46,79.8,244.2,11,1,1.3,0.812,0
92.76,11.01,49.18,87.7,150.0,2,5,1.33,0.954,0
94.29,89.81,48.79,60.6,229.5,11,4,2.93,0.89,0
53.5,93.77,35.27,82.0,349.2,4,5,3.29,0.821,1
95.89,12.97,80.46,86.0,345.8,18,5,4.29,0.903,1
75.43,31.21,93.87,48.3,143.2,18,2,0.76,0.974,1
20.04,38.52,35.51,63.0,191.3,0,0,0.54,0.466,0
49.35,74.88,19.49,42.9,319.5,19,1,1.05,0.915,1
71.8,58.63,80.24,69.8,59.5,11,6,1.29,0.972,1
28.0,62.99,64.62,67.9,174.7,21,6,2.62,0.937,1
64.58,73.18,91.78,49.8,150.8,21,3,3.04,0.919,1
66.99,15.62,35.18,78.3,124.4,5,3,8.49,0.982,1
20.13,79.99,20.68,41.8,348.1,20,4,1.15,0.794,0
57.55,68.51,54.4,78.7,264.7,17,1,1.23,0.994,1
76.76,56.96,21.84,41.3,154.4,20,1,1.76,0.913,1
51.4,85.08,35.94,71.5,295.3,15,1,3.63,0.923,1
6.13,68.03,25.08,43.8,186.7,10,5,2.36,0.917,1
5.84,23.15,32.93,52.1,309.3,9,0,1.9,0.906,1
38.2,43.68,23.49,74.7,115.2,2,6,2.29,0.853,0
91.14,49.46,91.31,53.5,101.6,17,6,1.45,0.941,1
26.27,9.97,37.29,64.5,109.1,11,0,3.05,0.765,1
64.0,90.92,50.51,83.9,202.3,13,5,0.36,0.96,0
25.65,16.57,86.89,42.4,123.2,3,2,1.62,0.926,1
34.92,67.77,69.19,78.9,77.1,9,5,3.49,0.907,1
83.87,50.56,64.44,43.1,348.3,6,3,0.92,0.77,0
72.78,7.31,71.45,46.1,318.1,15,6,3.91,0.82,1
13.87,88.23,81.31,45.7,233.2,8,5,3.25,0.906,1
44.87,81.67,85.21,87.7,315.3,2,0,1.94,0.909,0
7.71,52.18,66.41,48.6,329.3,1,3,0.78,0.953,1
49.72,25.6,86.2,83.0,246.4,5,5,4.15,0.997,0
66.61,15.95,57.83,87.6,196.0,9,1,0.26,0.986,1
16.02,37.71,37.18,58.4,312.2,3,0,2.0,0.915,1
31.87,27.99,85.41,70.3,211.7,3,3,3.25,0.93,1
42.0,50.6,58.32,77.4,70.6,9,0,1.53,0.96,0
90.52,91.98,87.49,58.8,147.4,9,1,0.42,0.933,1
97.37,56.75,18.21,47.8,172.7,12,1,3.79,0.884,1
9.18,85.09,46.8,60.8,329.3,5,1,5.0,0.911,0
75.77,63.58,90.82,77.1,240.9,6,2,1.86,0.8,0
39.57,47.77,34.97,77.5,310.1,4,5,3.29,0.774,1
41.5,81.91,90.32,51.1,272.4,14,3,2.09,0.818,1
75.15,47.42,91.31,48.4,129.2,7,6,1.9,0.981,1
90.41,83.18,85.57,84.2,260.0,9,2,0.48,0.979,1
93.44,31.24,60.09,42.1,92.5,11,6,1.35,0.783,1
58.67,16.59,66.76,75.3,160.6,16,4,2.47,0.998,1
38.21,81.98,84.57,42.2,287.9,15,4,1.41,0.936,1
78.24,57.87,77.07,80.2,225.8,0,6,2.12,0.994,1
28.34,85.02,65.41,83.5,294.1,3,6,4.7,0.941,1
57.46,89.4,93.58,54.3,111.5,7,6,1.11,0.869,1
38.35,9.83,69.85,43.5,269.9,23,0,3.73,0.99,1
66.07,50.09,93.04,63.1,94.7,5,0,0.26,0.711,0
27.36,38.75,19.59,54.3,204.5,20,0,4.03,0.897,1
22.82,61.33,26.12,60.0,168.7,9,6,0.43,0.976,1
90.4,76.42,51.12,71.9,208.1,17,2,0.98,0.882,1
14.47,30.25,45.79,50.1,73.4,12,5,1.64,0.785,0
52.05,55.11,77.62,57.1,145.6,4,1,2.3,0.829,1
25.54,68.79,27.85,77.6,243.4,11,0,6.32,0.929,1
8.62,17.1,93.09,70.9,208.7,20,0,0.93,0.97,1
8.35,78.27,40.21,55.7,205.7,17,5,0.38,0.936,0
21.3,59.55,49.31,71.9,193.5,7,4,1.43,0.991,1
85.61,90.46,36.98,76.7,332.0,13,6,1.05,0.988,1
31.27,35.56,61.35,68.4,329.1,14,1,2.03,0.691,0
93.39,14.73,19.69,51.5,145.2,4,2,5.32,0.936,0
59.09,50.59,26.97,40.0,142.6,4,5,2.26,0.824,1
45.61,12.72,74.66,78.5,207.6,16,1,1.93,0.968,1
58.95,92.26,29.92,79.5,60.6,12,4,0.76,0.971,1
53.05,8.48,33.84,73.5,127.0,16,2,0.82,0.892,1
75.57,72.82,78.44,43.7,103.9,10,6,1.35,0.87,1
31.27,52.26,22.46,68.1,101.5,0,3,4.64,0.994,1
37.83,38.18,50.0,79.4,234.3,23,6,1.93,0.946,1
88.15,10.93,16.85,58.7,153.0,12,6,1.56,0.951,1
93.02,61.0,42.74,49.5,84.8,17,0,1.76,0.752,1
88.01,57.67,70.92,68.2,314.0,23,2,3.79,0.999,1
44.01,30.28,22.21,79.7,309.7,5,4,2.47,0.97,0
77.57,86.92,86.07,42.3,306.0,12,1,5.45,0.98,1
49.3,32.37,87.76,68.7,155.0,20,2,1.94,0.909,1
51.27,45.48,23.4,70.9,48.2,21,4,0.64,0.912,1
24.04,53.94,94.26,68.9,64.2,19,5,0.24,0.783,1
59.98,14.02,38.8,71.2,118.3,10,6,0.96,0.875,1
22.31,88.89,21.73,70.3,100.4,18,2,0.33,0.894,1
35.84,38.71,15.41,46.3,309.7,19,0,1.25,0.737,1
84.52,12.27,47.68,51.3,345.6,8,5,0.62,0.904,1
24.26,39.86,65.38,69.7,291.3,12,1,1.24,0.999,1
11.62,59.02,41.57,40.8,263.6,14,5,1.22,0.814,1
11.42,51.23,81.94,70.5,218.4,23,1,0.85,0.899,0
92.49,67.51,72.33,71.9,276.4,10,2,2.32,0.823,1
52.14,9.99,43.01,51.5,333.1,23,5,1.34,0.979,1
43.08,30.61,73.74,68.7,222.4,15,4,4.68,0.907,0
80.41,78.73,90.24,65.6,79.5,16,0,0.36,0.957,1
82.73,12.19,22.45,52.5,82.4,4,6,1.26,0.873,1
35.89,81.99,39.49,62.2,216.8,21,0,3.19,0.936,0
69.51,13.27,52.07,83.7,136.7,13,2,1.56,0.548,0
76.71,80.1,54.84,60.5,321.3,14,3,6.97,0.812,1
65.88,37.47,58.38,70.2,225.7,8,5,0.58,0.865,1
19.1,60.1,39.05,41.7,246.5,13,2,0.96,0.934,1
86.46,18.76,68.38,43.7,31.9,9,5,0.45,0.898,1
55.14,10.96,66.61,43.9,189.6,21,0,0.77,0.586,1
31.27,24.43,61.23,77.4,168.0,12,6,2.43,0.986,1
44.55,16.51,24.1,56.8,255.9,16,5,1.53,0.838,1
8.49,33.12,53.16,50.9,152.4,0,6,0.55,0.914,1
16.89,51.29,43.5,75.9,342.5,13,1,1.49,0.983,0
76.2,57.99,54.28,48.2,244.5,11,2,3.96,0.904,1
5.0,76.09,88.75,51.8,241.2,6,6,1.36,0.951,0
43.74,64.06,53.44,60.7,324.2,2,6,0.23,0.834,1
53.59,59.79,16.12,55.9,348.5,22,2,0.31,0.977,1
10.08,42.06,50.11,68.1,93.3,20,1,1.35,0.943,1
95.5,47.64,80.65,56.2,289.4,0,5,2.0,0.965,1
26.03,42.31,77.4,58.9,81.9,23,6,4.55,0.871,1
33.29,80.79,56.07,81.4,176.3,12,2,8.23,0.997,1
33.27,25.7,34.98,82.5,62.1,21,4,8.06,0.995,1
26.43,5.51,52.21,79.7,229.5,1,1,1.83,0.983,1
5.14,63.62,60.1,81.5,179.9,8,1,0.27,0.781,1
72.83,23.22,94.99,67.3,231.2,17,5,0.68,0.963,0
94.92,85.11,66.53,71.0,246.9,21,1,1.34,0.963,1
25.86,82.31,70.54,66.7,228.2,3,0,4.44,0.903,1
66.66,11.91,54.32,77.7,124.1,15,2,0.24,0.936,1
74.0,14.57,43.36,66.4,297.8,5,3,1.62,0.984,1
83.9,49.57,80.04,45.3,206.5,19,2,2.32,0.989,1
44.3,59.83,54.59,78.9,186.8,2,2,0.88,0.898,1
33.17,29.74,94.58,76.5,345.9,10,0,0.96,0.758,1
35.25,69.51,51.57,79.4,120.7,23,4,1.18,0.826,1
71.27,58.54,20.44,49.1,199.0,4,6,0.84,0.799,1
80.96,34.23,69.61,53.0,248.3,0,4,1.35,0.749,1
21.89,7.28,18.73,54.2,70.1,7,0,0.54,0.96,1
39.5,72.51,35.04,64.4,143.4,18,0,0.64,0.914,1
88.88,24.33,43.3,46.4,286.5,3,0,0.28,0.902,1
80.02,80.1,74.16,58.5,105.8,8,2,1.26,0.88,1
96.59,42.83,54.54,48.7,187.9,2,0,2.66,0.843,1
75.15,56.94,17.29,52.7,231.8,4,3,1.61,0.932,1
41.57,83.57,64.35,73.9,244.8,15,6,1.71,0.933,1
59.93,82.73,47.91,81.0,263.1,7,1,1.4,0.984,1
66.47,38.44,88.75,41.1,307.1,5,4,1.96,0.963,1
12.3,23.8,54.96,67.2,155.7,2,5,0.72,0.813,1
55.64,74.76,71.72,41.7,256.1,15,3,0.67,0.905,1
70.97,43.98,32.51,44.1,264.3,7,5,5.89,0.996,1
20.56,22.28,75.88,73.8,126.1,12,4,1.4,0.873,1
77.6,86.4,72.68,75.3,339.8,4,6,3.71,0.975,1
59.29,22.83,87.33,79.1,306.9,5,2,5.17,0.99,1
93.56,7.32,17.71,62.8,122.8,2,2,2.11,0.994,1
8.95,6.83,50.8,81.3,246.0,7,0,0.91,0.78,1
29.68,61.01,69.33,48.0,259.7,3,4,2.48,0.833,0
60.94,64.55,22.61,52.0,168.1,20,2,1.33,0.997,1
32.58,32.99,47.85,46.5,306.4,16,2,7.43,0.978,1
71.44,33.8,90.37,78.3,250.9,7,5,3.54,0.956,1
75.59,35.55,49.87,51.0,240.6,20,5,3.57,0.965,1
14.53,66.21,93.83,47.5,100.7,18,4,1.98,0.965,1
52.79,10.23,19.55,69.9,160.5,13,2,0.22,0.854,1
52.33,88.62,72.43,43.7,168.9,8,6,3.77,0.88,1
39.34,25.03,61.48,42.2,264.8,11,0,0.25,0.804,0
91.76,94.97,55.04,45.1,227.9,12,2,0.46,0.985,1
81.96,20.44,92.67,40.0,57.5,22,3,3.85,0.879,1
69.84,74.44,25.37,73.5,128.5,7,3,0.69,0.858,1
71.43,25.11,86.68,67.0,181.4,2,0,3.88,0.872,0
47.94,12.28,70.3,50.1,265.8,21,3,0.74,0.908,1
90.65,83.74,35.72,51.2,267.9,14,5,3.15,0.999,1
69.6,82.29,87.13,78.9,187.0,19,2,1.76,0.961,1
72.8,41.32,49.34,64.1,67.4,18,3,2.42,0.835,1
85.14,68.22,80.14,73.5,123.7,3,3,3.84,0.947,1
30.49,55.14,46.11,61.7,111.5,1,2,8.47,0.814,1
80.06,81.77,83.07,51.4,279.9,4,4,0.38,0.842,1
23.16,33.36,65.93,86.6,87.6,23,0,2.51,0.915,1
37.12,52.13,26.28,67.2,178.8,20,4,6.58,0.945,1
36.21,48.68,66.97,46.3,244.6,1,4,1.14,0.929,1
96.0,36.85,30.31,59.5,338.7,6,3,1.01,0.919,1
84.66,85.23,47.95,55.8,349.8,23,1,2.48,0.841,0
70.21,19.93,28.62,50.3,334.9,10,4,1.23,0.766,1
72.62,18.46,16.76,84.8,259.8,11,6,0.68,0.447,0
57.27,56.92,31.95,82.3,268.9,3,2,0.55,0.886,1
93.08,64.17,57.91,49.6,272.9,2,2,0.63,0.836,0
51.15,22.52,53.52,56.9,306.0,7,2,2.64,0.977,1
40.39,40.16,55.12,76.6,334.6,17,1,5.22,0.76,0
20.16,90.19,34.81,50.0,172.6,22,1,3.48,0.981,1
78.12,27.2,69.81,68.4,163.3,23,5,1.39,0.909,1
73.3,65.15,71.34,73.6,177.3,4,0,1.7,0.845,1
40.75,71.61,43.64,71.4,241.1,15,6,2.14,0.992,1
7.34,45.33,85.49,73.9,278.1,22,6,1.93,0.907,1
83.03,89.38,66.52,73.9,308.6,11,1,7.11,0.966,1
6.06,71.3,72.04,86.3,176.0,8,0,4.56,0.95,1
70.44,46.21,37.19,56.6,146.3,7,5,0.29,0.937,1
95.23,56.24,15.05,82.2,344.7,4,2,3.81,0.998,1
45.7,67.34,84.23,41.0,104.2,19,6,0.44,0.861,1
26.85,58.3,80.79,53.8,101.0,18,1,2.54,0.966,1
70.55,84.08,24.86,42.3,258.9,14,6,0.87,0.864,1
80.99,37.12,44.93,71.3,87.5,21,3,3.17,0.793,0
55.82,31.99,67.91,44.8,157.8,19,5,0.22,0.961,1
94.93,24.25,67.17,80.6,123.6,10,3,1.16,0.972,1
9.81,8.4,83.83,71.0,84.0,19,3,0.24,0.98,1
51.95,8.87,26.22,41.4,215.5,12,1,6.34,0.886,1
71.82,83.3,49.4,74.3,149.5,22,1,0.23,0.859,1
85.23,66.06,22.78,81.4,177.9,12,1,0.54,0.878,1
21.67,64.45,46.17,71.7,92.7,20,3,1.75,0.883,1
79.4,60.32,16.21,41.5,275.7,16,2,2.28,0.896,1
56.4,81.43,86.86,81.2,130.7,20,4,2.81,0.984,1
41.88,48.22,57.16,75.2,139.7,15,2,0.77,0.881,1
17.25,83.34,82.98,58.2,110.7,21,1,0.92,0.875,1
85.47,37.35,19.79,55.8,169.0,16,6,0.75,0.99,1
19.63,88.4,33.2,63.0,178.3,18,4,0.76,0.808,1
33.81,67.88,35.75,81.6,199.5,21,6,3.24,0.971,1
31.97,28.15,45.94,52.1,339.6,13,5,6.11,0.91,1
86.04,55.77,79.23,44.8,319.5,22,4,2.01,0.976,1
67.56,52.97,45.92,81.5,225.0,6,2,0.54,0.947,0
79.09,17.41,31.37,41.3,42.4,22,3,0.34,0.641,1
28.29,58.21,20.2,83.7,225.9,8,0,0.75,0.867,1
63.11,33.33,21.36,54.7,58.7,1,3,0.59,0.991,1
58.17,9.71,75.8,64.4,257.3,18,3,1.93,0.913,1
82.45,90.38,50.58,46.4,154.8,22,6,2.59,0.859,1
89.27,62.73,73.09,83.3,298.1,5,4,0.21,0.759,1
6.13,83.92,69.58,76.0,331.6,0,1,1.36,0.955,1
67.68,65.85,25.83,84.4,163.5,6,1,2.15,0.999,1
9.82,37.13,26.43,72.8,177.4,15,4,0.63,0.685,0
56.04,51.14,75.43,48.9,218.8,1,3,4.82,0.683,1
31.75,65.82,72.7,54.8,93.1,3,2,1.79,0.896,1
33.53,91.42,45.24,63.4,326.7,22,5,1.05,0.99,1
37.83,27.83,21.19,69.1,168.6,19,6,0.24,0.974,1
62.78,83.75,15.97,84.5,83.4,21,0,1.52,0.981,1
36.07,88.17,38.05,58.4,274.1,13,3,1.02,0.973,1
73.14,65.34,15.74,73.7,100.1,10,6,7.18,0.97,1
42.62,88.81,33.41,86.1,75.9,8,3,1.15,0.896,0
11.36,40.81,48.56,47.3,210.1,4,0,5.28,0.959,1
77.89,90.77,24.71,81.4,244.9,2,2,2.52,0.975,0
31.58,68.25,23.34,60.2,212.3,21,0,0.35,0.935,1
45.25,8.78,86.71,75.2,240.1,19,4,5.6,0.933,0
68.75,86.62,61.84,54.1,67.0,1,0,0.57,0.887,1
35.92,48.6,89.76,56.0,182.3,9,0,1.39,0.894,1
10.26,46.43,42.67,41.3,144.2,20,3,5.33,0.695,1
39.77,55.98,69.17,86.6,341.5,9,6,3.73,0.9,1
92.83,18.44,31.38,79.0,45.9,6,3,1.54,0.995,1
64.68,47.22,64.47,44.5,125.5,14,1,0.66,0.993,1
67.45,79.8,25.37,88.0,331.4,4,0,1.62,0.866,1
63.8,6.39,15.17,69.0,344.7,7,4,1.79,0.951,1
23.51,29.56,89.52,81.0,294.0,17,1,11.78,0.987,1
43.91,5.22,59.39,43.2,54.3,19,5,3.67,0.587,1
74.84,42.41,89.16,58.7,209.6,5,0,4.15,0.628,0
14.43,70.55,41.71,72.1,158.0,22,3,8.76,0.87,1
30.84,76.89,41.22,45.1,288.1,10,4,1.68,0.744,1
30.7,90.07,47.05,63.5,47.6,7,2,1.96,0.972,1
45.18,59.77,71.48,61.2,93.1,3,1,1.41,0.873,1
96.17,27.92,60.26,50.4,186.5,6,3,0.47,0.954,1
11.28,88.17,89.03,54.4,80.4,1,2,1.69,0.907,1
53.24,74.78,17.04,86.4,251.7,14,0,1.95,0.768,1
21.68,56.7,71.66,53.9,292.6,8,4,0.74,0.882,1
95.27,67.61,41.43,50.2,255.4,22,3,3.25,0.994,1
15.54,88.19,29.42,65.7,170.9,20,3,0.47,0.997,1
42.53,69.12,55.83,72.2,311.1,18,4,1.59,0.928,1
73.62,38.15,55.41,74.8,74.1,22,3,2.37,0.758,0
70.52,69.17,25.96,76.2,113.3,18,3,0.31,0.987,1
44.31,8.63,31.15,41.8,186.7,4,0,3.46,0.896,1
37.23,39.78,47.65,58.9,49.6,18,1,0.93,0.676,1
41.98,41.57,47.7,77.1,60.6,2,2,2.73,0.976,1
29.58,20.02,40.4,83.4,157.2,11,5,0.43,0.845,1
24.1,7.08,26.88,68.9,332.0,6,4,2.14,0.534,1
49.92,17.0,15.35,42.5,320.7,4,2,1.83,0.98,1
29.97,63.92,92.62,59.0,179.1,11,4,0.53,0.682,0
31.73,77.21,90.48,43.6,75.5,3,5,2.16,0.873,1
66.08,93.94,53.69,75.9,87.0,19,4,2.55,0.799,0
95.07,36.17,94.6,43.0,150.8,18,3,1.58,0.941,1
61.14,58.94,68.89,48.9,97.2,12,5,1.93,0.876,1
12.16,89.34,20.51,60.0,56.6,14,5,4.57,0.986,1
12.03,20.03,24.42,62.2,245.6,23,0,2.59,0.953,1
93.48,69.59,88.29,59.5,216.1,9,4,4.93,0.979,0
32.65,72.95,65.4,62.2,123.2,0,5,1.81,0.829,1
13.56,13.01,82.45,74.2,279.3,2,2,0.58,0.985,1
60.71,82.51,86.86,57.7,278.3,17,1,0.77,0.846,1
63.0,78.18,50.84,66.3,187.1,15,2,0.59,0.997,1
65.31,8.01,18.88,54.6,60.9,11,5,1.02,0.819,0
29.87,13.2,30.06,57.0,323.9,15,0,1.5,0.644,1
6.41,9.42,20.33,69.5,244.0,10,1,0.79,0.996,1
94.75,35.13,30.1,63.5,109.1,10,6,1.49,0.985,1
28.33,50.84,47.84,74.7,225.3,22,3,1.11,0.94,1
67.87,52.91,24.46,66.9,159.6,21,6,1.82,0.957,0
70.72,29.09,28.34,78.6,233.3,13,6,1.32,0.993,1
61.73,87.04,50.67,61.3,181.6,16,2,1.34,0.981,1
34.1,38.14,42.21,63.6,185.4,18,2,1.55,0.965,1
30.21,9.1,52.41,72.2,265.5,10,5,9.03,0.988,1
60.58,32.02,49.33,50.6,226.4,3,4,1.83,0.952,0
85.55,52.8,66.56,58.5,55.6,9,4,2.77,0.999,1
93.05,41.74,89.98,70.0,50.9,22,1,1.28,0.818,1
14.85,29.65,23.63,41.4,127.6,18,3,0.99,0.895,1
19.4,16.82,22.94,61.0,167.7,3,4,5.17,0.844,1
92.86,78.72,83.22,68.7,118.1,10,5,2.91,0.962,1
73.5,94.65,55.51,86.4,238.5,6,2,1.95,0.991,1
87.12,34.66,76.31,82.1,92.4,19,1,1.02,0.852,1
23.84,39.35,32.23,53.5,255.3,8,4,0.8,0.676,0
59.65,60.62,81.31,64.3,277.4,21,4,0.78,0.693,0
70.21,69.66,88.91,42.7,69.8,1,0,1.6,0.847,1
68.25,40.28,65.84,51.6,238.3,0,1,4.36,0.913,1
42.96,86.44,23.47,77.2,337.7,7,1,4.46,0.991,1
6.43,55.4,86.62,45.9,91.7,18,5,2.93,0.652,0
59.21,45.54,78.4,52.4,321.0,22,3,1.76,0.832,0
28.54,63.2,75.07,85.3,223.9,15,4,0.74,0.838,1
46.87,90.75,17.94,79.5,219.1,13,1,1.5,0.653,1
94.06,76.51,78.92,77.5,46.6,3,5,2.57,0.976,1
42.11,8.6,26.04,81.5,269.5,18,3,2.01,0.996,1
83.1,34.91,32.79,76.0,183.0,21,4,1.64,0.996,1
22.53,47.35,61.17,45.8,260.8,21,6,1.32,0.673,1
67.54,33.31,36.2,64.8,288.9,5,2,2.99,0.807,1
95.86,68.02,67.91,61.3,197.6,14,0,3.89,0.996,1
14.48,79.36,63.65,54.9,114.4,12,3,2.77,0.94,1
5.77,70.82,23.65,80.0,75.3,18,0,5.76,0.906,0
45.32,94.04,67.48,62.3,81.4,21,2,3.23,0.86,0
13.61,29.53,88.92,42.9,307.4,3,1,1.4,0.986,1
74.6,83.75,27.89,53.2,69.5,1,4,2.12,0.948,1
90.05,74.0,62.76,51.0,153.1,2,6,1.6,0.993,1
45.36,37.6,42.35,82.6,137.0,13,1,1.78,0.978,1
29.06,71.07,51.77,71.1,306.9,3,0,4.72,0.815,1
45.4,14.37,37.96,66.9,182.9,15,6,0.92,0.895,1
72.28,76.04,43.33,64.3,348.9,10,1,0.23,0.925,0
5.84,52.91,17.31,71.2,265.9,12,1,2.58,0.82,1
59.82,31.31,93.52,76.2,302.3,0,3,0.6,0.924,1
62.04,64.02,64.98,66.6,61.6,12,6,0.54,0.963,1
64.31,62.75,55.06,85.0,111.0,14,5,9.98,0.978,1
27.51,23.85,45.7,86.9,73.3,6,3,0.82,0.706,0
71.41,7.74,58.15,87.8,178.4,4,2,0.66,0.957,1
13.5,44.03,45.41,72.1,259.9,5,3,0.62,0.77,1
23.53,56.26,43.79,84.8,84.1,23,3,1.26,0.999,1
86.6,83.89,52.12,59.4,71.7,8,3,1.25,0.977,1
73.7,88.54,37.08,81.3,226.7,5,6,2.2,0.744,1
6.28,52.59,29.4,83.6,103.7,22,3,0.42,0.943,1
28.1,72.84,59.53,83.4,183.4,5,5,2.22,0.963,0
24.94,44.54,82.42,79.9,46.4,21,6,1.41,0.749,1
30.18,72.15,27.23,59.5,247.8,1,2,0.67,0.984,1
28.02,23.43,17.62,47.6,203.2,20,3,3.21,0.89,1
10.81,38.4,34.74,56.0,237.2,5,3,1.49,0.745,1
47.68,62.08,93.38,76.8,118.1,9,0,2.73,0.987,1
73.14,6.63,81.3,51.2,119.2,4,3,5.27,0.923,1
61.43,70.02,62.67,63.0,286.4,19,2,1.07,0.895,0
67.58,80.2,89.34,67.1,259.9,11,5,4.76,0.978,1
12.55,40.92,50.62,69.0,215.5,5,2,0.65,0.899,1
93.49,45.31,93.66,84.9,231.0,5,1,0.7,0.865,1
82.98,81.62,38.7,71.8,60.1,7,3,2.38,0.944,0
79.87,74.81,34.22,77.7,304.0,23,4,0.42,0.858,1
81.54,30.93,66.04,67.9,276.4,16,1,1.41,0.888,1
91.74,34.16,45.25,80.0,219.0,17,2,0.68,0.997,1
55.62,66.1,65.11,52.7,324.0,10,1,1.89,0.965,1
23.63,55.69,39.4,50.1,84.0,0,4,3.49,0.987,1
62.36,19.6,64.43,84.5,249.7,6,0,0.29,0.88,1
74.09,32.89,37.06,73.3,338.2,7,4,1.27,0.874,0
73.63,86.0,19.08,72.2,129.2,2,5,2.82,0.984,1
53.49,66.94,87.97,62.4,34.9,18,5,1.04,0.984,1
11.37,93.74,85.66,58.1,265.2,15,1,0.29,0.981,1
39.51,74.03,92.66,66.7,32.2,22,3,1.99,0.962,1
90.63,89.78,72.32,45.8,309.2,7,0,0.46,0.919,1
59.35,24.46,69.62,61.8,48.0,5,5,1.12,0.955,1
55.06,74.43,59.72,61.9,238.9,23,4,9.52,0.577,1
30.0,6.82,25.08,65.8,150.7,1,3,1.22,0.937,1
39.27,65.37,30.14,70.5,95.1,22,4,3.9,0.951,1
88.27,47.24,38.16,86.0,317.4,11,2,4.13,0.987,0
66.98,36.21,86.21,71.3,268.8,20,3,0.81,0.95,1
78.23,82.62,28.84,82.4,138.9,5,2,2.01,0.999,1
47.25,81.88,88.83,66.7,120.9,13,0,6.09,0.994,1
63.61,7.01,56.82,70.1,265.5,6,0,2.06,0.898,0
28.1,59.86,72.25,43.4,297.7,8,0,3.56,0.88,0
70.61,38.1,23.82,46.4,259.1,6,6,1.44,0.916,1
44.77,42.41,36.52,67.8,234.8,14,0,2.74,0.828,1
46.16,79.88,91.68,59.0,102.9,11,2,0.24,0.883,1
65.39,32.89,36.29,78.3,302.9,16,2,3.3,0.979,1
92.07,89.87,38.72,66.1,269.9,14,5,2.43,0.89,0
10.95,21.17,30.81,82.3,195.5,14,1,1.09,0.919,1
81.7,64.65,25.33,86.7,193.7,20,1,1.28,0.923,1
32.19,65.49,33.66,47.1,212.1,13,2,0.99,0.928,1
46.28,27.7,66.39,59.0,295.0,10,0,1.69,0.946,1
7.04,34.23,51.43,71.9,267.5,10,1,0.43,0.899,1
33.0,80.13,59.3,54.7,304.0,19,3,3.93,0.849,0
51.74,73.56,24.79,52.8,192.3,12,2,1.5,0.75,0
10.22,34.62,79.17,79.1,229.9,12,3,0.29,0.933,1
50.67,53.06,77.73,87.1,303.5,7,0,1.81,0.985,1
91.22,10.55,16.73,77.1,104.3,6,5,5.53,0.981,1
14.8,23.79,45.68,65.1,172.1,19,2,0.38,0.974,1
76.09,48.72,20.5,61.2,228.6,12,1,0.46,0.937,1
43.1,12.74,78.37,65.9,322.8,10,5,1.18,0.893,1
65.93,80.9,73.98,62.2,35.1,18,6,2.86,0.973,1
29.2,69.62,87.16,64.1,98.0,5,1,2.06,0.96,1
19.83,89.93,33.91,49.8,105.0,7,3,1.42,0.962,1
19.92,67.41,51.5,83.4,134.5,18,6,10.05,0.91,1
11.56,89.64,29.76,76.2,120.2,4,2,0.61,0.851,1
22.27,54.91,44.7,72.7,218.8,9,5,3.65,0.857,0
66.77,59.02,56.78,85.6,313.4,0,0,0.46,0.566,0
87.0,92.93,19.27,53.7,233.8,11,4,0.6,0.913,1
80.71,62.79,72.19,43.9,107.3,23,4,0.9,0.932,1
68.72,7.77,58.46,79.7,306.4,6,6,4.33,0.993,1
15.27,70.14,81.32,87.9,232.3,7,5,1.37,0.89,0
31.89,86.49,36.74,67.8,100.1,17,0,1.21,0.947,1
33.81,76.6,87.27,42.8,145.7,6,1,1.55,0.818,1
28.25,57.54,94.9,77.5,282.8,13,4,2.19,0.947,1
52.9,65.42,88.54,43.5,266.5,19,0,1.3,0.949,1
54.81,94.12,77.23,65.9,214.5,17,5,6.77,0.911,0
38.19,13.16,79.99,53.3,76.3,20,5,0.49,0.955,1
37.9,65.05,60.9,83.9,287.1,22,5,1.49,0.798,1
82.06,30.51,30.21,61.7,128.4,3,3,1.27,0.826,1
78.4,62.61,69.16,83.1,276.9,9,1,2.56,0.877,0
33.63,59.69,72.02,54.4,237.2,10,0,6.8,0.857,0
89.98,18.81,93.83,58.6,114.5,10,5,0.88,0.906,0
93.61,23.61,58.3,85.5,98.0,19,3,6.42,0.981,1
35.39,60.95,36.71,49.7,71.9,18,2,3.72,0.967,0
37.96,16.54,69.69,67.8,107.4,0,4,3.53,0.977,1
52.02,28.87,93.35,58.6,80.5,1,6,0.35,0.672,1
92.52,80.17,29.18,77.2,227.5,8,4,5.85,0.893,1
86.5,34.44,41.08,46.2,221.6,16,4,3.85,0.815,1
14.54,48.93,58.35,61.0,217.6,4,6,2.51,0.846,1
41.52,89.7,28.62,73.5,235.4,1,0,0.47,0.955,1
56.46,25.44,16.78,59.5,290.7,3,2,1.29,0.953,1
51.79,40.07,41.96,42.8,322.3,6,0,3.87,0.978,1
23.03,59.58,84.23,73.8,103.7,20,5,1.35,0.969,1
84.87,72.98,18.48,64.2,218.1,16,0,1.35,0.903,1
67.96,86.15,49.31,40.5,55.1,2,2,0.83,0.901,1
82.93,87.39,75.98,69.4,68.4,8,5,0.31,0.949,1
84.87,74.9,91.25,84.2,239.4,0,5,1.64,0.926,1
74.6,25.55,93.84,45.3,185.7,19,3,3.18,0.954,1
45.85,7.23,48.76,68.4,272.7,20,5,0.52,0.896,1
61.78,39.54,91.03,75.0,166.2,15,1,4.68,1.0,1
19.91,17.74,17.83,43.4,70.8,2,4,1.82,0.927,1
67.65,68.93,74.67,41.1,309.1,18,2,3.55,0.714,1
21.67,64.5,66.42,62.3,56.5,15,3,2.4,0.992,1
69.54,8.96,34.96,78.0,90.5,0,5,0.49,0.737,0
26.35,80.29,55.59,47.7,118.6,21,2,4.94,0.96,1
15.93,27.39,25.36,80.2,348.5,11,6,2.73,0.956,1
20.37,43.9,84.73,71.5,163.4,19,1,0.27,0.831,1
5.19,65.11,43.63,55.9,190.5,23,2,1.94,0.964,1
71.84,43.65,65.08,64.8,276.3,5,6,1.51,0.924,1
73.11,44.72,27.7,86.3,233.7,2,2,4.12,0.783,1
52.89,10.91,31.49,50.4,299.3,6,3,0.46,0.828,1
20.01,41.13,94.36,64.0,185.7,2,6,1.99,0.892,1
12.77,73.84,75.25,70.0,341.1,12,4,0.94,0.972,1
6.78,87.37,91.96,46.6,285.0,15,4,0.76,0.987,1
20.41,42.21,38.67,42.1,158.4,13,3,0.25,0.99,1
87.85,43.12,28.17,40.6,152.0,8,3,1.01,0.909,1
27.46,68.24,55.25,55.6,327.4,7,0,1.21,0.732,0
37.95,89.85,54.57,43.5,249.0,14,6,1.39,0.868,1
14.8,29.04,29.0,78.6,228.9,18,0,2.85,0.882,1
25.68,44.61,73.66,87.9,272.5,12,1,1.23,0.866,0
53.29,76.64,43.94,42.9,209.5,13,6,0.63,0.839,1
61.52,59.87,29.91,60.8,80.9,10,0,1.22,0.823,1
27.82,14.95,41.56,41.2,132.1,17,0,0.34,0.954,0
10.37,61.5,60.09,46.4,208.5,2,2,7.36,0.987,1
41.37,21.81,73.12,55.5,35.8,3,2,0.34,0.959,1
26.78,50.92,53.55,58.9,170.0,2,6,0.65,0.884,1
25.42,52.62,57.05,85.1,271.9,12,3,1.32,0.974,1
94.27,83.86,26.12,59.0,82.6,15,5,5.62,0.837,0
62.32,46.62,88.18,63.8,50.7,12,4,0.59,0.968,1
56.79,30.15,89.3,51.8,297.5,9,1,1.22,0.988,1
43.67,25.79,69.67,40.0,227.5,17,0,9.28,0.855,1
44.89,83.68,16.41,83.2,86.5,7,2,2.04,0.967,1
55.3,20.39,57.97,43.9,288.0,6,4,2.11,0.802,1
69.77,43.33,65.34,86.3,240.6,16,6,7.51,0.967,0
70.3,21.85,94.57,46.3,136.9,21,0,1.61,0.815,1
20.97,74.6,94.69,69.0,150.4,5,5,0.21,0.984,1
51.51,47.69,83.61,88.0,79.9,14,4,0.26,0.947,0
43.31,36.6,20.11,46.6,297.3,8,2,2.49,0.807,1
85.96,37.5,91.26,60.3,192.9,9,3,0.68,0.987,1
63.72,81.7,64.01,77.5,208.2,7,5,1.5,0.778,1
54.52,54.84,79.07,41.5,312.7,6,5,1.8,0.972,1
15.73,69.61,47.58,73.1,35.1,22,0,2.4,0.869,1
61.32,85.73,40.57,43.9,51.4,4,0,0.37,0.939,1
15.9,86.16,52.06,51.4,81.7,17,1,3.05,0.772,1
36.36,34.57,26.75,47.7,39.6,15,0,5.26,0.917,1
18.28,90.72,43.57,83.6,240.6,14,2,0.79,0.888,1
69.36,7.24,83.61,48.7,232.8,9,6,1.16,0.986,1
24.18,38.92,18.04,41.9,97.5,20,4,2.92,0.833,1
41.44,85.62,27.07,68.2,77.8,0,5,0.77,0.895,1
88.3,29.72,25.01,56.6,76.6,5,4,1.76,0.934,1
24.0,29.58,47.25,59.5,335.0,14,3,2.36,0.969,1
52.23,32.24,94.76,45.7,251.9,1,5,4.43,0.982,1
43.99,60.11,28.87,75.9,217.3,11,5,1.05,0.847,0
6.69,44.45,26.64,68.9,133.2,0,3,1.56,0.86,1
78.73,70.41,88.2,57.5,168.6,14,2,0.61,0.913,1
11.42,85.54,85.56,48.2,58.6,12,4,0.94,0.97,1
49.11,65.68,17.58,68.5,349.4,0,5,0.4,0.807,1
57.14,23.4,75.14,77.4,271.6,0,3,0.64,0.798,1
63.44,88.94,67.44,55.0,228.9,3,5,1.05,0.91,0
69.04,28.8,76.42,41.2,218.1,20,3,1.3,0.922,0
28.55,18.49,54.56,50.3,191.4,13,1,2.65,0.941,1
5.93,13.1,94.31,72.8,112.4,20,1,1.43,0.915,1
72.28,55.7,18.51,87.5,102.4,16,6,0.3,0.972,1
54.82,15.24,33.75,40.6,205.9,12,2,3.02,0.98,1
82.76,17.49,46.72,54.7,52.5,11,2,1.72,0.764,1
81.39,32.0,50.98,43.0,53.8,5,2,5.81,0.921,0
83.43,30.35,88.71,55.2,209.5,18,2,2.22,0.922,1
50.11,59.38,59.8,59.5,324.3,19,4,1.73,0.945,1
36.03,78.51,18.61,84.2,322.6,15,0,0.9,0.976,1
78.61,73.52,47.63,43.9,33.5,20,2,0.74,0.992,1
46.97,28.62,48.32,77.3,64.4,15,1,0.72,0.953,1
22.06,27.08,92.24,59.0,216.6,11,5,1.25,0.957,1
84.51,91.92,62.94,78.9,301.5,19,0,0.58,0.803,0
87.08,5.74,65.85,64.6,335.4,19,0,3.92,0.923,1
48.37,84.17,72.06,41.9,305.4,12,4,3.47,0.959,1
12.04,22.98,76.6,85.4,246.8,0,3,2.81,0.884,1
41.07,90.26,65.8,44.0,94.2,17,6,0.3,0.901,1
79.73,35.81,33.98,68.7,53.2,1,5,0.35,0.938,1
88.86,44.63,84.92,82.1,45.2,1,5,2.22,0.987,1
23.92,68.64,73.57,43.8,225.9,0,0,2.96,0.933,1
11.23,57.89,74.35,66.6,41.6,9,4,0.25,0.965,1
86.59,33.61,94.72,79.6,266.6,23,4,0.89,0.886,1
41.21,54.84,79.2,87.3,258.0,0,4,0.49,0.897,1
55.38,70.76,81.33,74.8,55.5,13,2,0.73,0.999,1
95.03,8.81,91.11,53.4,320.1,7,5,1.66,0.932,1
11.19,6.01,27.09,73.6,197.0,0,3,0.43,0.991,1
65.29,46.23,54.82,73.9,319.4,13,2,0.72,0.873,1
11.89,16.87,61.45,73.6,318.5,9,1,1.86,0.934,0
39.92,64.79,41.34,81.0,93.1,18,3,1.62,0.829,1
79.75,24.26,82.15,44.2,151.8,7,2,4.1,0.916,1
45.31,43.96,75.99,45.2,73.1,1,3,0.53,0.922,0
97.74,22.79,72.67,70.7,278.0,3,1,1.12,0.956,1
56.99,54.36,94.77,85.8,191.3,23,2,5.36,0.982,1
34.87,15.44,35.75,62.4,327.2,11,3,3.38,0.995,1
25.47,7.08,73.84,86.1,96.6,8,1,2.02,0.997,1
37.6,9.6,59.11,85.0,250.3,22,6,3.13,0.989,1
39.65,90.88,40.04,83.3,346.6,0,5,1.39,0.974,0
11.39,17.81,27.85,83.7,242.9,7,4,5.03,0.886,0
39.37,68.76,86.67,83.1,52.0,16,3,2.03,0.887,1
48.17,11.11,62.64,79.4,218.3,15,1,2.58,0.522,1
72.21,14.73,80.99,73.4,87.5,14,5,2.31,0.817,0
66.08,50.8,58.63,41.2,39.8,8,6,2.43,0.94,1
70.92,46.84,32.6,46.3,137.2,7,4,2.25,0.915,1
5.78,90.64,42.0,46.4,115.2,19,6,0.35,0.75,0
25.24,90.04,45.52,41.1,282.4,13,1,2.05,0.935,1
66.54,75.16,92.83,45.6,149.6,11,5,3.26,0.943,1
50.01,59.19,15.45,84.1,264.5,14,5,0.2,0.946,1
5.49,45.95,93.85,71.9,35.2,3,5,4.65,0.761,1
79.82,37.06,93.44,55.0,34.7,3,6,6.28,0.917,1
76.87,90.24,94.69,78.1,39.4,21,0,0.47,0.957,1
56.0,59.26,53.13,63.4,100.2,1,1,1.73,0.7,1
11.18,57.12,92.1,46.8,149.7,3,2,0.43,0.977,1
76.29,25.87,46.65,82.5,224.5,19,2,0.87,0.921,1
59.29,9.2,17.1,56.3,345.5,23,2,2.14,0.939,1
77.72,90.07,32.95,73.5,143.4,17,2,0.92,0.99,1
74.91,33.24,90.62,53.9,47.8,14,6,1.11,0.752,0
79.68,44.83,16.1,64.0,92.4,7,5,2.94,0.949,1
53.17,15.32,58.68,79.2,317.3,9,5,1.91,0.732,1
18.05,80.32,21.05,47.5,253.8,1,0,1.66,0.785,1
67.42,7.49,37.91,86.9,282.9,8,0,0.98,0.961,1
62.7,80.06,22.05,43.4,69.7,15,0,2.64,0.765,1
74.03,17.63,83.76,65.6,73.2,21,4,1.3,0.769,1
20.8,84.79,62.29,84.0,65.9,11,3,4.78,0.963,1
23.13,70.68,87.17,85.4,304.3,4,6,2.04,0.836,1
87.81,19.82,70.07,51.1,97.2,6,2,1.75,0.832,1
74.75,55.92,92.68,46.9,235.8,14,6,3.45,0.905,1
89.47,33.14,55.79,74.8,195.2,12,3,1.53,0.916,1
75.56,21.04,66.1,42.0,204.2,7,2,0.86,0.947,1
60.54,82.33,61.1,63.3,92.5,23,6,0.54,0.822,1
65.83,41.32,53.74,78.2,233.3,18,2,1.85,0.956,1
87.69,40.87,82.68,66.9,43.8,18,2,1.31,0.907,1
58.83,20.29,66.56,49.0,347.9,4,6,1.21,0.649,0
63.81,39.48,79.1,63.4,38.6,20,0,1.06,0.995,1
19.55,83.45,77.91,84.2,46.1,17,5,2.43,0.943,0
49.07,37.68,30.28,69.6,133.9,20,4,1.66,0.9,0
71.62,90.64,67.01,74.6,296.1,16,2,1.74,0.941,1
30.2,90.17,30.97,56.1,112.3,6,2,0.94,0.926,0
23.81,18.04,61.67,49.0,181.0,13,2,2.1,0.881,1
34.19,20.96,69.19,52.3,35.8,14,1,1.23,0.922,1
27.46,82.64,94.78,65.6,55.2,22,6,3.13,0.964,1
24.99,40.35,17.44,53.5,224.5,16,2,1.71,0.971,1
44.51,5.39,22.3,66.0,92.2,2,0,0.88,0.924,1
89.43,29.65,21.16,74.0,252.2,23,0,0.52,0.895,1
52.16,58.79,46.87,75.3,281.3,12,3,2.61,0.999,1
22.48,76.93,80.73,47.9,302.1,10,6,1.13,0.919,1
12.16,17.0,82.52,76.0,72.8,2,5,0.34,0.911,1
69.74,14.95,73.96,72.3,175.8,5,5,5.13,0.915,1
40.6,87.99,86.75,40.6,333.1,5,0,1.18,0.943,1
81.43,72.6,40.83,42.8,277.1,21,3,2.94,0.986,1
66.33,58.08,22.05,71.0,67.4,20,4,1.43,0.963,1
79.05,74.23,19.65,58.4,190.8,5,1,4.63,0.968,1
30.29,43.6,83.17,47.0,325.2,5,0,0.26,0.975,1
69.39,73.26,73.43,42.1,170.8,5,6,0.8,0.983,1
29.56,38.46,70.89,47.7,298.0,23,2,1.78,0.903,1
92.33,26.97,42.17,86.0,188.7,13,6,0.98,0.821,0
64.18,70.61,45.39,74.9,64.2,10,6,2.91,0.952,1
35.18,42.77,91.65,65.3,77.3,15,4,2.53,0.993,1
30.06,93.32,20.1,85.2,44.9,21,2,0.25,0.942,0
22.76,36.45,76.9,69.7,92.5,18,3,2.04,0.895,1
69.6,87.96,39.77,74.8,316.0,6,6,3.81,0.866,0
25.34,88.97,18.12,53.6,238.1,5,6,0.96,0.968,1
60.36,26.77,74.41,68.3,266.4,10,3,0.5,0.806,0
29.61,76.84,41.47,46.9,228.9,3,6,2.88,0.94,1
66.56,43.98,72.77,59.4,153.7,0,1,4.81,0.907,1
80.79,87.58,71.61,41.6,99.4,21,6,2.34,0.992,0
77.36,45.51,57.78,50.4,326.2,8,4,3.94,0.906,1
75.76,71.99,77.19,43.6,194.7,12,3,12.0,0.965,0
22.46,47.03,61.48,58.6,184.0,7,2,1.58,0.858,1
13.22,25.5,37.93,80.5,348.8,1,5,5.68,0.934,1
70.0,22.94,73.73,58.1,152.9,15,6,1.04,0.923,1
39.26,43.29,62.13,79.9,303.3,18,0,2.94,0.862,1
45.21,72.99,16.02,71.5,306.0,7,0,4.83,0.992,1
7.9,59.46,87.13,64.5,104.5,11,5,1.67,0.989,1
29.14,66.98,58.65,51.4,60.3,10,4,2.17,0.834,1
8.13,30.41,84.49,84.3,342.2,8,4,7.25,0.661,1
86.76,48.33,85.62,42.6,166.3,23,3,0.78,0.663,1
27.64,9.0,50.6,73.1,30.7,9,0,1.08,0.988,1
56.83,78.58,55.61,69.8,189.7,0,5,3.16,0.976,1
8.63,94.09,48.26,61.2,228.2,18,1,1.03,0.895,1
67.02,41.62,50.95,51.5,278.3,23,5,1.59,0.971,1
35.04,5.99,86.61,60.7,331.7,16,1,0.3,0.988,1
88.51,20.28,78.05,81.9,322.9,22,5,1.87,0.876,1
87.59,63.73,25.12,80.2,330.8,3,5,2.17,0.903,1
35.25,60.09,63.82,85.2,40.3,11,5,0.37,0.972,0
88.79,75.91,94.67,54.8,257.8,22,5,0.76,0.921,1
97.64,27.85,62.64,58.6,102.3,19,5,1.34,0.925,1
81.76,73.73,77.87,40.9,90.0,7,6,3.24,0.876,1
83.57,66.92,76.52,85.3,286.1,21,5,0.24,0.998,1
28.16,34.05,43.03,55.8,163.5,15,6,1.0,0.986,1
58.63,54.09,44.75,59.4,323.3,23,1,0.21,0.94,1
11.25,18.25,72.93,83.6,43.6,0,1,1.67,0.743,0
13.83,45.73,55.0,65.3,286.7,8,3,1.58,0.776,1
97.9,84.31,60.65,67.2,73.8,10,5,3.02,0.843,1
35.38,42.91,72.03,48.5,86.5,11,2,0.21,0.982,1
74.58,80.56,77.21,63.9,182.8,8,6,3.04,0.705,0
80.02,58.12,36.72,84.1,156.6,5,1,4.64,0.847,1
84.8,22.27,26.74,66.8,185.6,8,3,0.96,0.834,1
97.78,57.3,38.34,52.2,330.8,5,1,1.01,0.96,1
27.46,50.54,55.6,41.5,240.4,5,6,0.2,0.948,1
8.75,40.88,42.37,56.1,122.9,19,1,1.32,0.859,1
43.24,15.77,60.47,67.5,85.3,2,5,2.1,0.987,1
17.1,42.5,19.28,42.0,164.4,2,6,0.46,0.986,1
7.09,11.55,55.78,69.3,174.5,15,2,2.34,0.811,1
38.52,13.89,44.44,65.1,222.4,1,6,1.11,0.913,1
77.89,42.43,57.77,77.6,115.1,3,1,2.44,0.922,1
57.65,32.48,48.8,41.4,275.6,8,3,0.78,0.957,1
34.09,88.3,37.74,77.5,61.5,6,6,3.18,0.982,1
65.85,38.81,87.33,65.0,209.3,2,5,1.79,0.969,1
26.58,73.21,29.78,57.8,229.5,23,3,1.72,0.912,1
6.34,52.72,69.51,86.3,96.2,12,0,1.54,0.983,1
76.08,68.37,88.97,47.7,294.3,13,4,3.89,0.98,1
63.01,28.41,58.09,66.0,226.9,8,1,1.82,0.891,0
75.89,89.77,85.11,55.4,236.6,0,5,0.55,0.938,1
8.62,52.71,24.99,65.3,189.3,11,6,2.17,0.773,0
82.85,79.82,54.5,66.5,321.1,0,1,1.64,0.963,1
62.62,37.85,51.56,44.3,252.1,8,3,0.34,0.89,1
57.4,14.02,15.65,71.7,152.2,6,1,1.94,0.95,1
63.09,65.63,50.46,70.5,106.4,2,6,0.37,0.963,1
85.39,5.7,44.52,76.9,52.7,3,5,2.78,0.85,1
59.59,47.78,68.58,44.4,82.9,6,3,2.33,0.971,1
59.03,22.35,90.07,54.3,347.7,14,0,1.56,0.692,1
97.13,61.46,21.86,71.2,160.2,23,5,2.96,0.905,1
75.38,93.15,41.2,46.6,317.6,23,6,0.86,0.99,1
46.13,46.8,50.53,72.5,84.6,0,1,1.38,0.984,1
70.79,78.57,51.41,42.8,166.1,5,5,0.23,0.899,1
41.2,50.7,76.98,56.1,337.4,21,5,9.1,0.922,1
26.29,49.63,50.47,80.6,59.2,4,0,0.32,0.988,1
60.51,88.74,17.17,77.2,220.1,10,6,0.42,0.986,1
91.32,85.1,71.81,70.9,324.1,16,0,1.57,0.895,1
91.41,75.72,85.79,81.8,333.9,2,4,1.14,0.976,1
36.8,31.66,56.11,74.0,300.7,11,6,1.72,0.942,0
54.07,54.05,61.49,64.9,303.9,19,3,3.8,0.973,1
24.68,25.15,28.03,87.0,238.7,9,6,0.55,0.925,0
97.59,44.95,32.65,73.4,100.5,6,0,2.24,0.653,1
96.24,48.58,33.81,68.9,263.8,14,3,0.24,0.87,0
65.4,79.85,49.46,59.6,343.1,20,4,3.32,0.833,1
79.81,85.64,89.25,83.3,198.3,17,3,3.58,0.946,1
71.5,42.32,56.74,54.2,113.4,18,5,1.15,0.929,1
60.16,6.59,30.37,40.4,213.5,0,6,0.58,0.952,1
9.96,82.56,36.29,49.4,251.0,21,4,3.53,0.665,0
47.29,20.69,45.72,45.3,96.6,12,1,5.0,0.98,1
67.76,60.97,64.86,55.3,260.1,23,4,0.36,0.996,1
68.01,7.25,50.2,79.6,218.0,3,4,1.93,0.971,1
39.7,40.96,46.4,71.3,226.0,17,6,5.77,0.945,1
92.58,93.74,60.18,48.1,127.9,11,4,2.26,0.941,0
20.56,14.06,34.35,77.9,79.7,3,2,3.63,0.994,0
51.53,43.13,21.31,64.2,229.5,3,0,0.72,0.879,1
69.25,32.64,16.95,64.6,217.6,4,3,0.42,0.501,0
69.83,86.46,35.1,57.4,138.2,18,5,1.14,0.938,0
65.32,83.24,22.33,81.5,124.7,8,3,1.21,0.978,1
30.6,26.39,41.91,55.3,141.1,6,6,3.29,0.902,1
19.53,12.31,76.83,44.5,186.8,6,2,1.24,0.951,1
64.14,61.44,72.3,54.5,341.9,11,1,0.74,0.709,1
60.74,35.27,63.87,74.3,274.3,9,6,4.55,0.921,0
21.68,65.49,83.2,71.6,302.6,19,5,3.25,0.936,1
70.58,7.89,37.57,49.0,191.8,20,6,2.4,0.953,1
47.33,17.01,85.8,45.4,198.4,12,6,0.66,0.96,1
67.1,66.77,46.94,71.7,95.4,22,6,0.66,0.907,1
82.88,24.11,47.07,72.5,260.7,5,6,1.55,0.577,1
20.78,82.18,47.43,57.6,164.9,8,0,1.71,0.964,1
6.78,10.27,22.85,80.5,267.6,18,0,0.79,0.798,1
77.46,24.39,93.04,87.0,160.9,23,0,0.46,0.875,1
61.7,94.87,26.08,49.9,64.7,15,6,1.1,0.976,1
70.07,43.98,42.27,67.7,85.4,10,0,1.32,0.817,1
82.95,68.27,40.54,40.3,289.7,3,2,0.31,0.896,1
79.66,21.44,20.97,74.2,112.8,0,3,1.86,0.626,1
94.37,59.89,27.18,59.9,114.6,20,6,0.2,0.93,1
54.84,70.35,18.59,49.3,327.4,11,1,0.53,0.994,1
50.43,33.3,38.39,76.1,240.4,3,5,0.52,0.931,1
42.38,79.6,84.33,78.9,66.6,4,5,2.53,0.976,1
19.29,59.31,42.16,45.3,75.9,5,6,1.53,0.777,0
58.25,40.02,24.9,42.0,117.2,13,1,3.82,0.999,1
30.76,55.19,66.66,56.0,220.1,0,1,0.82,0.904,1
90.68,56.91,94.73,70.0,270.9,7,2,0.67,0.955,1
59.24,19.9,33.59,78.1,117.8,14,2,3.45,0.777,0
60.13,41.25,37.37,66.2,308.6,11,4,1.37,0.96,1
38.01,35.91,92.75,67.9,64.9,18,2,0.84,0.887,1
9.84,41.08,29.3,78.4,96.4,22,0,1.28,0.997,1
7.95,73.5,55.9,65.4,340.5,6,6,1.31,0.983,1
44.37,48.43,34.17,69.3,73.1,8,3,1.9,0.816,1
12.86,89.63,89.59,64.8,314.2,10,1,0.28,0.803,1
61.44,31.43,93.52,82.3,255.3,22,2,0.77,0.742,1
86.93,42.41,80.18,51.3,53.4,7,3,1.46,0.982,1
87.11,75.83,40.18,52.7,184.8,3,0,1.76,0.946,1
66.29,54.14,47.28,46.1,196.1,9,2,0.55,0.997,1
24.64,54.23,34.38,79.3,328.3,19,2,0.63,0.73,1
85.26,9.8,86.26,59.8,164.8,9,3,2.8,0.718,0
87.41,40.87,88.16,56.7,173.0,7,5,3.28,0.952,1
23.29,29.37,48.51,87.1,66.0,13,6,0.36,0.932,1
73.58,94.94,67.52,84.5,234.5,3,5,9.43,0.973,0
31.65,32.75,28.24,86.7,97.5,19,0,1.34,0.831,1
79.65,84.6,49.79,46.8,54.8,2,2,1.96,0.925,1
97.74,65.86,65.52,82.8,349.0,2,3,2.0,0.984,1
7.79,35.68,45.83,55.8,116.3,3,0,1.05,0.944,1
88.46,53.92,43.61,40.6,75.1,11,2,1.77,0.928,1
62.9,80.65,15.08,58.8,253.8,17,5,1.95,0.704,1
95.52,84.5,79.34,64.4,292.9,18,2,3.06,0.888,1
48.25,19.44,86.15,45.2,50.5,10,1,2.37,0.871,1
83.81,35.56,92.56,65.8,63.7,17,4,1.38,0.996,1
10.8,35.17,72.54,79.3,58.9,13,0,0.62,0.997,1
36.18,8.78,58.9,58.1,45.0,10,3,0.25,0.888,1
11.23,58.84,36.54,56.9,241.0,13,1,2.31,0.955,1
95.71,81.93,94.94,56.3,218.3,21,2,1.5,0.844,1
80.98,39.34,62.18,84.3,242.1,2,3,6.94,0.815,1
84.29,71.6,69.49,42.3,191.8,1,1,0.41,0.796,0
92.23,61.49,69.59,61.4,291.6,8,1,0.35,0.945,1
12.91,38.81,82.62,52.7,204.9,7,5,0.6,0.945,1
40.86,17.7,15.77,82.9,324.0,4,5,1.15,0.583,1
11.61,68.84,32.62,44.6,185.4,8,4,0.59,0.89,1
24.6,81.91,68.24,59.7,283.0,4,5,1.45,0.92,1
26.33,66.73,86.61,59.5,160.4,20,1,1.03,0.868,1
48.63,6.61,69.83,82.6,169.3,12,0,12.0,0.743,0
29.98,24.46,48.08,50.3,301.7,10,4,7.0,0.829,1
14.39,11.25,43.92,71.0,64.5,10,4,1.11,0.595,1
20.58,56.33,74.04,46.5,210.8,19,2,3.34,0.867,1
18.7,73.08,74.3,85.8,262.4,11,2,0.75,0.982,0
95.5,14.95,63.56,68.5,270.1,18,0,0.32,0.936,1
75.61,80.45,38.32,70.1,219.3,12,3,0.28,0.747,1
95.0,55.0,89.01,60.8,173.4,8,5,0.26,0.97,1
45.9,67.1,59.15,56.4,113.5,3,5,2.86,0.843,1
30.89,92.43,78.24,50.2,321.0,6,0,1.04,0.834,0
79.24,12.53,32.14,69.0,148.3,4,4,3.67,0.932,1
35.34,86.11,42.52,85.8,285.7,6,2,4.34,0.882,0
32.84,16.35,84.97,57.3,40.1,7,0,0.93,0.79,1
26.62,40.37,19.01,82.4,104.3,13,2,0.88,0.934,1
17.06,81.63,55.99,47.1,140.6,23,0,0.94,0.979,1
28.85,86.56,53.54,84.9,244.9,9,5,1.49,0.83,1
38.04,50.57,75.1,56.8,132.2,5,0,0.23,0.955,1
67.68,58.47,37.55,58.2,43.2,4,1,0.22,0.962,1
10.82,68.73,32.53,62.2,85.6,14,0,2.86,0.707,1
24.58,79.95,89.09,74.5,112.9,15,2,3.5,0.994,0
80.24,15.94,60.74,74.5,86.3,1,0,0.66,0.865,1
18.66,77.91,23.38,63.0,95.2,14,3,2.0,0.96,1
36.87,48.31,30.44,65.1,276.1,7,5,0.69,0.943,1
85.41,45.56,94.91,41.4,161.9,20,5,2.85,0.891,1
19.41,43.15,30.65,54.6,159.7,23,1,1.29,0.957,0
12.69,50.83,63.84,56.6,339.3,21,0,3.66,0.827,0
50.06,90.05,48.61,66.8,172.9,23,3,6.13,0.998,1
33.13,54.34,85.85,66.8,326.9,12,2,1.82,0.978,1
57.4,90.79,75.41,74.1,125.7,16,6,4.82,0.936,1
79.75,21.23,62.76,74.4,158.2,14,6,0.27,0.801,1
17.75,70.17,15.86,51.3,156.8,13,3,1.44,0.789,0
59.01,78.1,85.38,77.0,204.7,18,5,1.6,0.884,1
52.01,66.12,50.57,40.9,217.0,12,1,1.28,0.971,1
18.4,59.62,89.53,74.4,109.4,20,2,0.96,0.992,1
63.03,55.83,54.64,44.9,283.9,6,6,2.77,0.722,1
30.45,82.48,70.54,75.0,188.9,7,0,1.81,0.679,1
50.37,78.95,20.54,65.3,32.3,6,0,0.37,0.822,1
12.65,16.01,74.61,61.0,219.2,18,3,6.22,0.992,1
47.74,81.37,42.04,73.2,285.4,14,0,4.57,0.935,1
33.5,42.27,43.11,41.7,110.1,6,6,1.07,0.92,1
81.48,27.83,24.49,50.7,42.1,16,2,0.77,0.911,1
10.3,83.28,26.75,69.6,288.3,20,6,2.18,0.944,0
43.93,43.88,29.86,80.7,342.4,17,5,0.29,0.689,1
47.63,77.75,41.26,58.3,54.5,18,2,1.57,0.986,1
72.43,28.71,86.36,52.4,330.2,2,0,2.43,0.961,1
58.41,5.35,44.46,64.9,145.0,23,3,1.24,0.736,1
67.05,49.59,72.95,69.9,331.3,21,0,7.37,0.725,0
77.27,14.02,21.62,60.2,237.6,6,5,2.74,0.956,1
85.18,72.89,62.29,82.1,314.9,20,4,5.64,0.983,1
34.19,29.85,53.55,65.1,281.5,9,0,4.97,0.854,1
55.04,44.93,93.24,41.7,39.0,6,1,0.48,0.744,1
83.13,12.83,82.7,50.7,50.9,10,0,2.41,0.981,1
97.02,30.8,51.39,61.6,198.2,2,5,2.02,0.92,1
87.73,75.33,77.01,73.5,71.5,20,4,0.31,0.983,1
39.55,18.64,30.44,50.5,177.5,21,1,0.97,0.972,1
23.15,63.24,59.99,86.9,335.5,8,3,1.73,0.996,0
50.51,87.57,20.97,55.3,124.3,3,1,1.79,0.863,1
73.97,66.19,42.85,65.6,186.5,7,2,3.56,0.923,1
50.81,77.99,33.07,40.9,153.0,23,5,1.97,0.924,1
49.94,14.81,72.51,82.5,231.5,21,4,1.46,0.946,0
82.96,27.57,54.21,77.9,92.0,11,2,2.99,0.938,1
38.61,85.51,75.09,49.4,113.2,7,2,1.89,0.806,1
84.96,69.36,56.22,84.8,304.8,14,6,4.5,0.849,0
42.83,62.56,21.92,55.2,289.6,13,1,4.92,0.981,1
35.53,64.74,73.83,73.2,282.5,4,1,2.05,0.65,1
47.22,42.28,81.66,79.3,276.7,16,2,1.86,0.972,1
75.91,9.01,87.28,75.6,177.0,19,5,2.62,0.852,1
16.72,75.6,60.76,84.0,263.2,10,3,2.79,0.722,1
23.27,66.08,75.29,81.5,153.9,21,0,2.8,0.881,0
93.48,47.55,75.16,87.7,62.2,14,0,2.14,0.68,0
21.32,85.98,27.46,48.8,155.9,12,4,3.08,0.953,1
57.8,35.25,28.14,54.6,80.8,3,1,0.51,0.936,1
58.88,31.49,20.67,70.5,155.1,21,0,3.65,0.939,1
50.54,83.55,40.59,75.2,125.2,12,3,0.94,0.992,1
64.96,76.73,52.88,65.7,221.7,12,4,4.54,0.939,1
26.37,51.35,94.83,43.5,145.7,10,5,0.48,0.858,1
56.4,16.77,49.48,80.4,255.8,4,1,0.21,0.598,1
39.61,24.36,73.1,86.1,193.9,13,0,0.23,0.991,0
66.54,64.06,70.47,59.5,324.2,21,2,0.67,0.647,0
18.13,39.65,31.36,50.8,59.1,2,3,0.44,0.976,1
58.09,80.28,19.68,40.9,250.1,17,6,1.81,0.969,1
22.23,90.5,58.68,51.4,245.2,2,3,1.39,0.965,1
30.91,77.51,71.02,73.6,334.2,5,1,2.06,0.945,1
25.34,38.98,94.86,83.8,148.9,7,5,0.63,0.846,1
22.0,75.98,43.69,44.5,127.7,23,3,3.0,0.64,0
81.79,36.63,86.71,66.6,85.2,20,1,2.09,0.944,1
31.57,20.04,45.55,73.4,114.9,16,3,0.7,0.948,1
91.22,8.01,70.15,53.3,190.6,0,6,1.22,0.919,1
95.2,39.71,62.86,67.4,298.1,6,0,2.73,0.881,1
58.13,86.32,19.24,74.3,121.0,17,6,2.48,0.858,0
18.3,26.51,21.27,80.2,80.5,3,5,1.85,0.889,1
39.83,23.59,16.66,61.7,117.1,9,6,7.93,0.983,0
79.19,92.28,44.67,75.9,62.3,4,1,0.48,0.859,1
39.17,7.25,74.66,54.5,326.5,7,3,1.54,0.931,1
13.09,75.72,28.82,50.2,309.2,12,0,2.16,0.955,1
56.78,33.92,63.47,49.0,128.7,16,5,10.44,0.993,0
83.6,8.37,38.11,57.2,109.0,20,0,1.76,0.886,1
79.02,87.6,78.76,41.7,319.7,3,0,1.37,0.999,1
21.29,17.57,78.87,53.6,30.6,9,6,5.31,0.792,1
67.57,54.66,77.03,71.3,222.2,20,5,1.61,0.862,1
25.51,29.66,56.99,71.1,323.1,7,6,5.8,0.769,0
25.29,10.87,37.77,43.5,192.7,9,1,2.98,0.83,1
86.29,9.49,79.76,53.8,30.9,12,1,0.57,0.98,1
28.22,15.4,29.89,67.3,100.0,11,3,0.57,0.832,1
29.48,11.42,38.18,55.3,325.2,20,5,0.97,0.899,1
5.06,73.45,29.72,60.1,35.4,12,6,0.34,0.956,1
85.97,48.7,68.94,74.2,156.3,9,6,1.76,0.889,1
78.71,35.86,69.9,40.4,282.7,20,5,4.13,0.994,1
63.34,42.65,67.2,53.3,298.2,0,6,1.22,0.933,1
74.77,88.61,48.25,46.8,182.8,8,5,2.29,0.912,1
19.14,86.97,23.01,46.1,104.4,2,2,8.18,0.919,1
47.62,69.41,87.89,86.0,221.9,16,2,0.63,0.977,1
37.66,84.62,55.62,58.1,114.4,20,4,1.09,0.934,1
13.72,33.77,47.56,65.3,111.7,9,2,0.25,0.715,0
50.21,39.3,62.11,75.2,288.4,18,5,0.73,0.977,1
90.63,60.23,30.42,42.3,79.4,5,6,3.22,0.98,1
8.73,61.13,25.6,51.6,31.8,6,2,2.34,0.938,1
32.11,48.35,47.44,79.9,137.8,10,3,3.26,0.917,1
24.3,41.06,33.18,81.4,187.1,15,1,1.31,0.801,1
27.15,93.76,34.54,57.9,255.6,3,2,2.86,0.845,1
89.48,78.9,86.4,58.0,280.0,3,4,2.03,0.784,1
48.53,44.15,57.46,76.3,242.3,17,3,1.0,0.995,1
48.37,70.46,53.68,54.2,230.5,17,0,1.26,0.872,1
75.73,29.26,70.16,45.6,243.0,6,0,1.76,0.913,1
19.37,14.02,91.12,52.4,116.9,10,4,6.47,0.871,0
50.32,36.72,23.98,58.6,152.4,4,1,5.56,0.789,1
44.99,41.27,81.68,42.5,227.3,20,5,8.81,0.991,1
60.51,6.49,61.72,63.0,51.0,17,0,0.23,0.949,0
97.96,78.33,26.69,75.5,124.5,6,1,2.73,0.893,1
76.56,37.33,38.77,64.7,160.1,1,2,4.7,0.763,1
42.0,57.24,53.59,43.5,200.7,4,2,2.89,0.805,1
81.96,11.66,70.29,61.1,185.7,4,2,1.28,0.867,1
20.88,20.75,34.41,74.0,259.8,18,0,2.78,0.943,0
7.83,85.07,57.79,42.8,181.5,1,0,1.37,0.922,1
24.01,59.78,69.77,42.9,319.3,18,1,2.7,0.99,1
36.66,90.53,50.9,57.8,151.7,4,1,3.23,0.957,1
52.48,94.89,84.04,49.4,198.1,11,5,3.91,0.809,1
62.21,38.47,84.56,84.9,31.0,12,4,2.8,0.863,1
89.69,31.89,52.66,67.9,129.4,21,5,0.55,0.887,1
52.42,82.25,92.83,53.8,307.3,19,6,5.71,0.815,0
51.62,94.88,21.05,73.8,136.7,6,2,0.68,0.883,1
9.67,61.67,15.27,58.0,111.0,1,3,1.08,0.936,1
8.25,76.56,45.45,46.3,203.9,21,3,1.32,0.975,1
56.26,75.36,63.09,51.4,55.2,13,2,2.69,0.933,1
45.75,36.98,65.34,70.9,200.1,4,4,2.62,0.968,0
83.04,56.68,53.12,42.5,127.2,19,5,6.73,0.964,1
19.94,79.98,24.99,53.1,152.6,21,1,0.62,0.879,1
7.32,66.93,28.64,50.0,283.2,11,0,1.4,0.952,1
46.76,6.9,83.17,49.7,241.8,3,4,0.66,0.976,1
27.09,35.3,84.43,72.8,172.8,16,6,2.43,0.761,0
9.61,18.0,68.91,79.6,214.8,15,4,0.68,0.943,1
72.39,25.97,68.14,74.4,275.4,9,6,4.25,0.814,1
15.38,86.49,62.81,71.0,268.7,2,2,8.32,0.891,1
61.57,8.32,31.23,84.0,89.3,21,1,0.96,0.839,0
31.14,24.78,49.26,42.8,126.3,0,3,2.89,0.939,1
21.14,32.86,70.67,48.0,141.4,5,6,1.72,0.9,1
40.32,60.52,57.98,59.9,90.0,2,3,1.09,0.842,1
79.53,53.07,16.49,57.9,33.9,18,5,0.62,0.973,1
41.46,24.64,91.28,60.1,85.7,6,6,2.74,0.898,1
74.82,19.78,82.59,49.9,288.6,8,5,0.55,0.902,1
16.67,26.31,35.84,47.2,204.7,21,3,0.86,0.853,1
76.87,50.23,64.32,64.4,139.3,11,4,5.24,0.79,1
27.03,29.41,88.86,84.5,224.7,13,5,1.62,0.957,1
68.0,90.28,22.68,58.8,266.7,0,0,4.05,0.975,1
57.62,46.75,55.24,42.1,143.4,12,1,3.12,0.912,1
91.41,10.29,51.5,73.9,179.1,20,0,1.14,0.906,1
41.02,70.63,47.82,54.0,50.5,1,3,0.69,0.781,1
11.15,34.6,81.85,51.8,221.1,2,0,0.41,0.784,1
6.78,63.81,45.45,55.6,144.1,10,4,6.67,0.925,1
81.9,30.16,20.09,74.7,168.7,4,2,0.99,0.842,1
53.8,56.37,20.27,79.3,165.2,1,0,2.44,0.91,1
77.1,74.49,18.42,68.2,232.4,13,5,2.82,0.807,1
26.8,88.52,47.73,55.5,213.2,12,0,0.64,0.919,1
37.09,28.5,72.47,54.9,165.1,13,0,2.57,0.987,1
7.8,35.14,31.3,46.0,35.4,2,5,0.22,0.966,1
94.42,46.78,66.72,84.8,228.7,7,3,1.28,0.796,1
67.11,88.45,69.97,70.6,311.5,12,0,1.06,0.853,1
91.79,86.12,35.42,41.3,276.3,21,1,5.6,0.962,1
29.69,13.09,63.04,71.8,344.1,11,4,8.74,0.826,0
61.87,16.87,69.79,61.5,74.5,17,1,0.88,0.96,1
68.1,49.6,52.33,86.7,101.2,17,1,2.08,0.964,1
34.53,14.6,41.94,79.3,202.6,16,3,2.93,0.972,1
83.87,36.1,64.53,48.2,105.5,6,0,0.62,0.862,1
93.09,18.35,93.23,74.6,41.1,21,4,2.52,0.968,1
87.29,62.24,49.15,63.3,158.7,12,4,0.8,0.829,0
73.73,90.45,46.34,49.0,122.0,12,4,0.57,0.956,1
30.8,94.71,52.14,73.5,114.4,5,0,4.0,0.943,0
31.19,38.77,21.1,66.3,335.0,20,4,1.6,0.82,1
94.59,58.91,59.25,41.5,106.3,18,6,0.9,0.989,1
5.96,82.06,41.3,71.0,71.4,23,4,1.24,0.959,1
71.59,15.57,24.71,70.5,70.1,18,6,1.27,0.837,1
70.68,67.06,52.3,46.9,288.0,20,2,3.14,0.979,1
62.91,41.8,15.27,56.8,258.8,23,2,4.56,0.998,1
97.08,23.55,47.14,68.1,71.4,15,4,1.49,0.997,1
34.0,41.25,23.46,46.7,100.3,2,5,0.98,0.986,1
36.62,11.84,16.94,80.9,269.1,13,1,2.8,0.953,1
12.34,67.59,80.96,41.3,117.9,20,5,4.91,0.75,1
46.18,27.75,88.3,44.9,344.1,5,0,0.44,0.982,1
29.28,33.03,31.61,45.6,203.0,16,1,3.39,0.854,1
36.93,15.9,58.14,65.3,91.4,15,1,1.83,0.837,1
82.62,82.82,37.24,69.8,304.8,1,0,4.24,0.545,1
92.0,49.41,54.49,59.4,132.2,22,0,1.64,0.875,1
22.27,56.49,49.93,53.9,122.4,8,3,4.17,0.972,1
39.64,56.25,36.52,78.8,134.8,12,3,1.82,0.995,1
91.36,41.94,71.03,43.3,275.8,13,6,0.51,0.997,1
10.75,22.33,25.12,53.5,85.4,19,3,0.21,0.905,1
13.59,72.06,19.25,41.9,152.2,20,4,2.14,0.969,1
20.14,16.44,76.41,40.7,39.9,11,5,1.99,0.936,1
60.35,14.35,68.27,57.0,294.5,19,4,0.67,0.963,1
18.99,68.91,54.88,49.4,139.0,10,4,4.0,0.899,1
95.03,23.8,52.42,52.9,109.4,18,5,4.25,0.99,1
46.54,32.61,54.79,79.4,215.6,9,3,3.46,0.976,1
51.64,47.77,49.96,47.8,255.6,17,5,5.72,0.993,1
27.94,45.44,46.43,77.5,290.1,2,0,1.61,0.978,1
48.8,68.77,54.98,72.4,141.3,15,4,2.62,0.83,1
66.56,61.11,57.28,55.7,289.9,17,0,4.9,0.882,1
74.86,63.0,70.35,66.2,178.8,13,5,1.42,0.969,1
75.11,69.26,71.9,61.3,62.4,23,6,2.13,0.933,0
58.74,31.34,45.21,46.2,300.8,16,3,1.64,0.999,1
89.11,34.01,48.08,83.5,205.2,4,0,8.38,0.9,0
81.02,44.42,44.9,67.3,222.8,16,4,1.35,0.973,1
75.41,32.67,57.92,82.3,330.0,20,0,0.96,0.982,1
10.17,93.64,51.27,79.5,208.9,13,6,2.19,0.978,1
5.64,78.26,86.17,43.8,31.8,2,3,0.86,0.98,1
24.76,19.82,70.71,49.9,308.6,14,4,4.1,0.926,1
66.71,5.5,86.89,47.0,121.1,11,6,4.66,0.945,1
43.24,8.85,71.73,79.9,190.6,16,4,1.05,0.991,1
42.42,26.97,92.68,81.4,95.6,16,3,1.09,0.869,1
87.27,15.29,65.86,65.3,125.0,23,1,0.38,0.843,0
88.29,53.0,92.08,45.0,249.7,18,2,0.79,0.774,1
89.55,82.22,27.65,46.5,167.5,6,3,0.34,0.903,1
34.19,71.31,19.2,79.1,230.7,4,5,3.03,0.97,1
69.27,24.4,61.33,84.6,293.5,1,0,0.6,0.964,1
30.26,40.94,93.68,49.6,139.1,15,1,0.36,0.82,1
22.73,50.71,48.41,40.5,211.9,12,3,0.56,0.854,0
22.17,77.92,31.96,55.9,278.8,10,2,1.15,0.947,1
36.82,80.52,56.72,41.5,258.8,6,4,1.3,0.945,1
44.99,86.87,66.9,79.7,202.7,22,5,4.78,0.899,1
82.28,50.83,40.21,63.6,152.7,2,2,0.86,0.919,1
16.15,67.48,72.18,70.8,160.4,5,6,2.73,0.922,1
73.35,15.06,93.01,59.8,168.6,4,2,4.71,0.954,1
54.43,55.88,86.76,56.6,141.6,0,5,4.09,0.584,0
31.78,27.38,38.33,50.7,253.7,0,6,0.64,0.918,1
50.83,43.85,41.14,77.0,70.1,17,3,0.86,0.742,1
32.89,62.06,44.72,73.4,339.6,22,4,0.31,0.997,1
60.44,28.13,46.56,57.3,279.3,2,4,1.52,0.983,1
45.35,9.7,23.03,55.4,125.4,18,2,1.24,0.999,1
20.29,5.92,75.96,40.1,43.6,9,3,1.78,0.968,1
15.84,6.99,44.23,43.1,257.6,19,6,1.42,0.877,1
55.84,5.75,85.39,69.9,265.0,10,4,2.86,0.699,1
88.92,14.93,89.16,64.7,338.4,7,4,2.42,0.891,1
36.99,26.55,16.95,60.9,111.2,19,6,1.32,0.923,0
73.17,24.91,94.08,79.7,56.5,22,0,0.28,0.947,1
66.26,93.81,71.8,64.2,322.8,10,2,1.04,0.883,1
91.63,32.54,56.63,58.5,112.8,4,1,0.98,0.98,1
81.35,16.47,46.16,47.7,260.9,21,2,0.39,0.983,1
57.69,54.1,56.48,79.4,49.4,23,3,0.93,0.983,1
66.1,82.22,40.97,67.7,273.4,3,6,8.94,0.79,1
88.55,66.03,64.82,44.4,70.6,12,5,3.64,0.947,1
42.16,31.65,22.44,71.1,252.6,5,6,3.44,0.919,0
35.39,55.55,64.69,60.4,200.3,1,6,3.91,0.997,1
6.01,69.34,37.03,78.9,335.8,5,5,4.21,0.947,0
81.87,70.53,16.41,84.1,41.8,21,4,0.99,0.84,1
79.49,64.99,59.22,68.8,123.5,9,4,0.98,0.753,0
14.71,83.37,61.28,75.1,52.2,22,0,1.02,0.832,1
58.65,83.31,49.13,42.7,311.3,3,4,3.61,0.967,0
48.15,57.1,20.78,66.9,220.0,15,4,3.39,0.923,1
16.04,43.69,86.47,76.3,201.2,22,5,0.23,0.778,1
96.19,62.74,63.91,63.8,72.1,9,1,6.16,0.813,0
24.97,78.64,24.26,68.5,186.5,0,2,0.87,0.893,1
11.25,5.51,55.87,83.1,157.6,12,4,2.17,0.94,1
60.32,94.28,54.78,49.5,131.0,13,3,2.24,0.808,1
73.71,21.46,19.83,44.7,277.1,22,1,0.44,0.976,1
8.02,47.32,63.55,73.2,49.6,11,1,2.58,0.92,1
66.26,83.48,79.67,79.5,236.9,12,0,1.73,0.98,1
54.5,25.25,74.92,80.8,293.4,0,3,2.09,0.642,1
14.6,47.91,31.24,70.8,320.3,13,1,1.38,0.995,1
21.04,16.93,83.98,80.0,268.7,7,2,3.46,0.917,1
57.82,40.56,42.4,73.6,120.4,21,3,2.22,0.954,0
32.56,20.94,90.72,44.2,222.2,13,2,0.63,0.781,1
92.26,37.73,20.74,76.6,75.2,0,0,2.99,0.917,1
81.14,38.61,53.9,48.6,67.5,16,0,1.6,0.982,1
96.47,94.39,62.77,51.4,234.4,15,4,0.28,0.868,1
29.15,94.53,34.81,58.9,302.4,11,2,1.2,0.992,1
95.18,15.33,76.71,55.1,51.5,19,5,1.23,0.742,1
45.1,70.34,65.15,55.4,63.9,22,2,3.43,0.956,1
37.32,9.66,16.45,48.1,211.0,4,0,0.73,0.852,1
9.68,7.72,63.67,54.1,99.8,20,5,1.4,0.989,1
9.91,14.48,54.32,40.9,225.8,23,2,0.31,0.929,1
69.36,91.89,30.68,62.7,98.7,17,3,4.46,0.968,1
47.59,89.68,94.66,76.9,67.3,3,4,1.37,0.947,1
26.07,22.45,86.77,81.4,204.6,19,4,4.08,0.964,1
62.1,19.55,38.4,79.4,305.9,10,3,2.46,0.996,1
28.52,26.65,58.29,60.0,249.2,7,1,0.97,0.925,1
58.72,51.4,40.32,75.1,292.0,21,6,2.69,0.897,1
38.41,56.27,77.04,53.8,115.2,8,5,1.47,0.999,1
81.59,24.94,89.43,42.7,313.5,19,5,1.03,0.917,1
81.32,73.1,43.71,72.4,150.7,9,2,2.4,0.925,1
49.39,32.86,79.45,71.1,302.8,6,6,3.18,0.991,1
37.63,87.99,54.87,78.5,180.8,18,6,2.53,0.957,1
38.72,64.11,46.73,69.6,115.7,21,1,1.44,0.986,1
79.93,44.27,90.07,47.5,113.3,0,1,0.8,0.997,1
35.52,76.09,55.83,81.0,211.7,4,2,3.53,0.987,1
24.44,78.61,52.39,70.1,55.3,5,6,1.05,0.93,1
12.88,31.14,68.79,78.8,327.6,11,5,2.1,0.903,1
48.4,35.57,35.9,77.2,116.9,11,6,0.45,0.873,1
49.84,89.24,40.98,54.3,137.4,20,0,2.9,0.934,1
83.2,19.83,89.56,43.6,104.7,13,2,6.31,0.855,1
25.58,8.79,69.28,48.5,31.0,6,0,1.39,0.755,1
40.43,45.86,81.13,44.5,251.6,19,3,1.79,0.847,1
80.18,77.11,36.69,51.7,219.0,20,0,4.79,0.825,1
81.6,74.45,58.5,62.1,289.1,19,1,3.37,0.784,1
40.77,87.76,92.71,83.5,43.1,13,1,6.76,0.867,1
47.7,52.99,40.5,81.9,327.2,15,1,0.82,0.845,0
33.21,14.01,27.84,74.5,135.9,8,6,1.47,0.955,1
91.73,57.98,55.87,41.2,322.2,1,5,1.42,0.909,1
16.03,75.06,46.03,56.4,64.3,16,6,1.48,0.939,1
91.84,13.4,27.77,72.8,268.1,3,5,5.09,0.943,1
68.6,20.54,86.08,46.2,215.4,13,0,0.66,0.899,1
54.44,6.11,94.26,78.5,144.6,13,1,4.71,0.94,0
8.04,58.43,60.49,83.9,55.3,14,4,1.89,0.827,0
49.23,84.81,76.97,57.0,223.5,11,2,1.74,0.942,1
42.92,65.36,83.72,73.9,38.5,12,1,1.28,0.928,1
19.99,93.38,71.08,47.1,190.4,21,5,1.75,0.968,1
66.05,10.67,18.53,73.2,223.3,9,0,3.45,0.882,0
95.32,86.27,27.61,41.0,264.4,15,1,1.56,0.947,1
57.28,78.27,20.68,47.2,347.2,14,6,3.19,0.846,1
71.47,33.28,15.79,74.1,113.2,7,0,1.28,0.954,1
11.37,92.62,39.48,74.2,133.2,3,6,0.6,0.904,1
43.84,30.91,46.39,70.8,139.2,0,2,1.27,0.956,1
15.82,85.04,34.28,62.9,264.1,13,0,2.77,0.973,1
61.99,84.27,20.17,72.4,328.2,8,2,4.02,0.756,1
92.28,73.19,57.39,77.1,341.8,18,1,3.15,0.556,0
66.55,55.71,36.87,86.4,332.7,5,6,1.14,0.963,1
12.14,15.8,78.68,82.7,311.4,15,5,1.93,0.842,0
37.98,52.88,15.64,78.1,347.1,23,4,1.09,0.975,1
56.21,37.11,82.4,73.3,150.3,10,1,2.64,0.901,1
42.5,76.3,91.38,67.6,333.5,20,2,1.35,0.602,0
82.53,73.23,72.29,45.8,273.5,22,5,3.09,0.922,0
80.76,86.96,73.69,47.9,83.9,10,3,0.23,0.906,1
61.9,6.33,89.68,79.4,44.5,13,3,1.03,0.837,1
39.73,77.82,31.73,78.6,98.6,10,3,4.41,0.887,1
28.75,89.46,94.57,69.5,279.2,13,6,0.98,0.887,1
14.85,76.04,76.88,61.1,232.1,0,1,1.2,0.936,1
38.01,16.72,73.13,41.2,101.8,10,0,3.33,0.897,1
43.43,12.32,43.89,55.7,267.4,23,4,0.4,0.83,1
67.85,6.88,58.66,60.2,75.2,17,5,0.95,0.938,1
66.21,61.59,67.31,63.3,293.0,16,4,3.18,0.814,1
11.52,61.67,64.63,84.6,284.1,3,5,6.49,0.896,1
41.76,93.82,71.4,45.2,341.2,21,6,3.25,0.877,1
21.91,40.82,21.59,64.9,78.1,13,1,0.58,0.86,1
19.58,34.87,43.45,57.7,320.1,7,2,3.8,0.917,1
81.94,61.2,49.72,87.5,139.2,14,1,1.49,0.96,0
8.9,79.3,35.85,81.4,163.1,15,3,3.26,0.845,1
43.98,89.31,28.81,61.1,179.9,0,2,0.75,0.765,1
20.64,77.28,26.11,88.0,230.6,0,4,1.03,0.972,0
86.78,43.4,44.31,64.7,348.3,9,1,4.84,0.996,1
56.8,62.14,54.48,48.0,222.0,1,0,5.03,0.942,1
26.52,82.07,20.04,66.7,326.5,11,0,0.87,0.893,0
51.73,49.15,90.72,50.9,111.6,3,6,0.37,0.981,1
73.03,24.5,76.22,70.5,157.5,22,4,5.49,0.85,0
94.1,20.28,73.47,85.0,191.4,18,2,0.91,0.951,1
25.5,5.01,28.83,77.7,133.3,0,3,0.46,0.963,1
87.41,69.64,63.3,53.1,342.6,0,0,1.06,0.932,0
91.89,15.0,57.38,54.2,262.2,8,0,0.86,0.875,1
90.23,26.95,93.6,43.3,183.2,19,1,0.37,0.797,0
64.09,31.81,74.81,53.7,270.4,12,5,8.44,0.912,1
63.57,55.43,61.06,44.4,179.6,10,6,0.9,0.921,1
42.5,40.82,83.07,64.0,35.5,18,4,0.84,0.97,1
74.97,65.72,27.41,74.0,203.8,20,0,1.29,0.836,1
54.41,10.01,16.22,76.1,230.1,16,1,1.27,0.724,1
68.0,16.15,70.22,42.9,344.0,2,2,1.34,0.866,1
44.85,49.93,22.86,56.3,43.1,19,5,4.94,0.958,1
73.03,35.33,24.23,53.8,193.9,12,0,0.32,0.991,1
81.68,31.62,74.57,45.0,61.4,21,6,5.88,0.894,1
18.62,11.03,36.64,57.4,77.7,18,4,2.39,0.975,1
82.46,85.61,65.29,54.4,225.3,19,1,2.59,0.928,1
55.25,67.26,88.39,70.5,104.1,20,2,0.54,0.998,1
83.55,15.95,40.32,82.4,269.7,23,1,1.0,0.581,1
45.11,10.85,32.37,61.8,194.5,8,3,0.31,0.936,1
40.25,92.74,23.53,75.8,99.8,18,4,2.32,0.962,1
90.1,66.31,25.44,47.0,188.0,18,4,1.03,0.999,1
28.36,42.57,19.98,83.0,30.3,22,5,1.8,0.944,1
83.51,68.16,22.01,47.3,306.1,0,0,2.99,0.827,0
50.01,73.07,49.56,49.2,34.1,16,5,1.81,0.957,1
52.81,75.2,40.67,45.1,32.2,13,1,0.35,0.928,1
33.69,48.01,71.52,54.9,225.7,11,2,0.33,0.871,1
58.29,43.69,84.62,66.5,341.5,1,0,4.24,0.844,0
35.24,5.99,77.78,87.4,303.9,21,4,0.81,0.627,0
8.65,88.39,57.45,78.1,110.6,2,1,1.1,0.952,1
30.3,59.3,23.2,58.3,92.9,23,2,0.69,0.726,1
5.59,23.28,71.78,67.6,230.4,4,5,2.6,0.771,1
95.99,87.76,44.03,69.9,293.2,2,4,1.18,0.737,0
94.81,87.34,21.85,79.5,145.9,13,6,1.42,0.926,1
41.75,94.03,82.4,75.3,168.4,23,2,2.44,0.995,1
72.74,83.67,42.06,67.3,67.0,23,5,2.15,0.983,0
37.16,94.8,32.46,72.1,78.9,17,1,3.18,0.813,1
67.41,27.02,84.72,75.8,211.9,4,2,2.96,0.841,0
79.9,80.8,87.17,46.4,62.8,2,0,1.36,0.81,1
93.05,79.07,42.12,49.6,94.7,22,0,0.63,0.835,1
42.22,25.78,43.38,73.1,105.1,1,6,0.71,0.995,1
77.85,13.86,61.37,80.8,172.1,8,1,2.65,0.839,1
29.73,93.15,73.68,59.6,44.6,17,5,0.81,0.997,1
97.1,31.64,20.05,87.0,189.9,1,4,1.36,0.958,1
7.4,83.38,62.47,50.4,327.2,21,3,0.43,0.96,1
61.13,5.37,91.23,60.0,37.8,18,3,0.46,0.816,1
66.33,6.89,35.97,58.2,231.9,2,3,0.78,0.871,1
68.99,46.93,87.71,84.7,297.5,17,4,0.38,0.907,0
16.2,26.48,91.01,53.7,130.0,13,6,0.84,0.742,0
92.28,67.09,36.53,62.6,72.1,12,0,1.88,0.912,1
21.85,55.9,75.34,49.0,43.9,15,0,2.93,0.88,1
62.92,11.97,34.1,65.0,236.0,20,5,0.27,0.967,1
25.71,19.64,74.01,81.2,206.7,10,5,2.04,0.965,1
33.57,39.92,78.79,54.6,103.4,20,0,1.1,0.996,1
55.82,21.7,34.78,78.9,296.1,22,5,0.71,0.995,1
43.8,76.3,72.27,83.7,265.4,23,1,0.26,0.88,0
19.9,42.45,79.97,43.5,118.5,23,5,0.99,0.969,1
20.9,13.41,43.69,76.3,271.1,11,0,3.32,0.959,1
43.89,48.59,28.42,52.3,108.4,2,5,1.71,0.922,1
75.43,13.18,22.36,48.4,246.1,5,0,3.19,0.81,1
88.51,16.6,61.03,68.9,67.9,15,0,1.26,0.998,1
12.82,26.56,93.25,73.9,251.5,11,6,3.91,0.751,0
41.56,82.36,80.84,58.9,106.4,20,6,0.53,0.715,1
14.32,88.22,49.87,41.9,213.2,19,3,3.63,0.841,0
6.54,79.36,57.93,83.6,85.2,5,2,1.49,0.965,1
66.54,35.07,37.36,75.1,262.3,19,0,2.94,0.892,1
61.03,29.52,28.05,53.0,49.5,13,2,0.75,0.858,1
20.16,54.42,53.57,63.8,82.9,23,5,1.53,0.763,0
26.74,69.97,52.08,41.3,88.9,8,6,2.84,0.99,0
7.2,94.4,56.75,56.3,43.2,16,0,1.52,0.489,0
82.65,16.84,91.22,65.1,268.4,11,3,1.43,0.987,1
95.65,9.44,63.31,64.8,343.9,0,3,3.53,0.84,1
17.6,67.49,63.46,50.0,279.1,19,5,0.55,0.857,1
26.53,79.9,25.24,77.3,305.4,21,5,1.49,0.798,1
85.76,81.17,94.72,54.3,31.9,7,5,3.66,0.81,0
91.16,66.06,76.83,67.9,67.7,11,2,3.93,0.97,1
44.03,90.86,85.18,53.0,208.9,15,6,0.45,0.963,1
9.71,50.99,48.14,60.4,342.9,0,6,4.0,0.832,1
8.66,87.24,55.17,50.0,241.4,2,3,0.22,0.99,1
58.38,92.1,56.77,70.4,149.7,11,6,4.07,0.844,1
41.54,81.24,30.53,60.4,76.8,3,1,0.82,0.984,1
7.66,32.88,70.16,40.8,78.9,9,4,1.93,0.847,1
59.24,22.66,87.24,41.4,146.1,1,6,0.22,0.963,1
6.05,54.33,28.1,62.6,258.4,8,4,2.83,0.667,0
78.23,45.77,21.91,48.8,40.2,2,5,1.33,0.666,1
33.5,84.0,74.06,68.1,302.7,19,0,3.94,0.835,1
8.74,14.0,36.86,59.6,331.3,19,3,1.82,0.891,1
59.72,28.2,64.91,71.4,314.4,0,4,3.8,0.777,0
41.98,72.66,70.66,85.7,322.2,4,2,2.09,0.966,1
95.56,13.55,40.75,65.4,34.9,4,2,2.94,0.997,1
55.61,33.87,80.21,77.8,342.9,1,5,2.96,0.966,1
30.6,39.84,59.0,76.1,147.2,14,2,0.77,0.997,1
70.98,61.03,84.52,84.2,308.2,0,0,1.92,0.884,1
30.25,19.23,76.06,50.3,89.8,20,4,4.34,0.976,1
89.09,82.45,84.49,79.7,172.9,4,4,4.42,0.976,1
39.85,45.28,16.61,83.5,44.1,6,4,1.17,0.864,1
56.14,87.53,34.48,58.9,42.8,10,2,0.99,0.897,1
9.7,47.11,22.2,55.1,331.8,9,5,2.32,0.997,1
44.63,29.75,50.37,85.7,289.4,1,2,3.21,0.714,1
82.41,17.76,86.2,70.1,199.5,13,0,0.27,0.979,1
79.93,5.34,52.4,58.3,198.1,23,5,0.4,0.905,0
25.86,52.89,82.98,78.0,269.6,20,1,3.22,0.897,0
26.03,14.64,41.17,54.6,139.3,4,4,1.35,0.999,1
81.01,40.26,42.17,48.5,273.8,15,0,2.4,0.987,1
91.53,58.03,86.64,66.1,185.2,1,2,3.63,0.841,1
13.87,29.81,49.07,67.2,234.1,9,1,3.03,0.966,1
46.86,20.77,78.18,79.6,338.7,17,3,3.52,0.755,1
36.38,74.72,33.93,61.9,180.8,4,1,1.64,0.825,1
85.97,90.21,90.9,79.1,163.9,16,6,0.54,0.997,1
12.77,14.04,60.97,54.9,319.8,10,0,1.48,0.956,1
24.63,19.0,75.75,67.6,318.8,4,1,6.81,0.924,0
74.98,91.4,22.16,50.0,347.6,20,2,0.93,0.775,0
9.77,8.4,54.41,58.5,206.3,23,1,1.29,0.965,1
50.81,92.99,87.08,81.2,140.2,5,2,3.1,0.803,0
46.12,5.42,85.16,50.4,106.9,21,1,0.36,0.833,1
36.1,83.63,18.75,78.9,40.9,15,0,3.03,0.999,1
41.7,32.66,39.3,53.6,262.6,4,3,0.84,0.997,1
54.28,89.47,50.47,41.7,104.7,20,4,0.82,0.996,1
20.01,33.53,28.78,45.3,224.1,23,1,1.95,0.957,0
58.2,63.89,73.4,75.8,323.3,15,3,0.79,0.905,1
79.91,12.2,29.76,52.6,334.1,16,1,2.25,0.971,1
75.69,26.81,42.73,71.4,31.4,8,5,4.99,0.777,0
19.31,74.63,68.06,73.6,131.5,21,3,1.24,0.949,1
18.88,52.58,53.57,56.6,298.0,1,2,5.95,0.758,1
29.94,88.52,74.09,62.8,201.7,18,3,5.9,0.981,1
38.58,43.59,91.9,59.4,288.4,16,4,0.67,0.951,1
42.99,83.28,24.32,85.5,303.1,4,3,1.33,0.87,1
68.21,45.41,71.77,55.4,171.6,1,6,9.43,0.99,1
10.27,93.13,33.43,48.8,144.9,10,4,0.48,0.896,1
8.22,91.39,48.16,57.5,175.7,0,4,1.49,0.826,0
41.45,34.62,17.63,72.1,238.9,8,3,1.33,0.927,1
69.84,84.73,25.87,73.5,147.5,5,6,3.52,0.93,1
22.99,81.29,40.58,84.4,278.0,10,4,0.55,0.741,0
64.66,23.96,42.36,82.3,319.3,7,4,0.7,0.97,0
29.16,61.19,86.97,53.8,120.3,12,5,0.59,0.644,1
87.41,11.54,74.35,61.8,338.8,11,2,0.56,0.977,1
88.3,80.3,92.77,75.9,229.3,8,6,0.8,0.954,1
32.65,20.71,62.93,84.0,311.0,14,0,1.7,0.992,0
26.39,11.37,34.34,56.2,63.3,4,2,2.65,0.922,1
43.25,41.02,41.21,61.3,110.5,14,0,1.16,0.999,1
27.37,56.92,40.59,83.2,132.7,1,0,1.38,0.951,1
67.53,81.94,41.12,57.2,126.9,14,2,3.34,0.752,1
81.82,92.68,68.84,63.1,85.0,19,4,1.69,0.909,1
67.6,44.55,57.46,83.4,307.8,2,5,1.98,0.713,0
81.66,10.44,45.83,78.5,164.0,9,6,1.66,0.988,1
41.92,72.42,26.93,51.7,338.2,6,2,3.32,0.906,1
19.54,55.87,16.77,55.6,216.7,9,4,0.61,0.89,1
73.63,45.31,32.51,56.9,74.3,9,2,8.15,0.99,0
38.52,32.83,23.6,83.8,204.7,7,2,4.43,0.99,1
67.43,50.22,77.84,87.9,347.9,12,5,1.22,0.946,1
30.17,35.48,24.0,77.2,210.9,20,1,1.27,1.0,1
12.55,73.13,72.94,63.2,30.6,1,3,3.98,0.72,0
97.31,53.95,45.85,40.5,328.6,11,2,1.38,0.628,1
19.53,83.92,20.87,73.5,105.2,8,3,1.62,0.997,1
96.92,53.92,80.02,58.7,250.3,0,4,2.94,0.98,1
95.89,26.44,61.37,70.4,194.8,20,1,1.18,0.999,1
78.83,81.6,33.86,69.1,134.1,11,5,1.41,0.741,1
66.33,55.15,86.57,63.1,120.4,11,1,0.28,0.964,1
58.74,23.62,18.62,85.3,327.2,2,0,0.49,0.919,0
85.55,61.12,31.15,41.1,321.8,23,6,1.43,0.814,1
31.92,37.19,75.16,74.2,194.2,7,6,0.29,0.978,0
48.49,81.0,71.75,59.7,112.7,12,5,0.93,0.958,1
62.6,45.8,38.14,74.3,62.7,16,6,1.35,0.766,1
43.24,70.38,19.96,72.4,80.1,19,5,0.41,0.944,1
44.76,13.6,83.65,40.5,197.1,9,3,0.34,0.801,1
35.72,40.64,40.1,53.7,128.5,14,1,0.23,0.845,1
57.47,93.49,30.66,49.1,43.5,23,4,1.53,0.893,1
84.1,77.76,56.28,48.0,175.7,8,0,0.52,0.997,1
23.74,19.39,87.82,75.0,268.8,17,1,2.53,0.777,1
91.9,30.0,18.48,51.5,315.3,7,4,1.56,0.906,1
69.09,34.68,76.26,62.8,217.3,13,3,0.24,0.993,1
81.56,63.53,60.8,51.9,261.5,10,4,0.32,0.991,1
56.73,73.13,49.04,67.9,146.5,12,4,5.2,0.954,1
77.5,72.46,74.53,74.6,188.8,15,6,0.47,0.835,1
6.51,50.89,92.27,55.9,263.5,13,6,3.03,0.848,1
81.11,77.97,33.34,68.9,262.9,8,4,0.77,0.947,1
8.73,44.34,26.49,79.6,165.8,8,2,0.98,0.957,1
87.76,16.15,88.03,44.5,204.0,18,5,0.25,0.965,1
97.25,55.8,68.52,74.1,325.6,4,1,1.82,0.977,1
32.35,90.71,50.04,55.5,232.2,14,4,1.46,0.923,0
24.56,76.37,60.86,45.9,235.6,10,0,2.93,0.939,0
76.18,57.08,74.65,66.2,281.1,18,2,4.92,0.994,1
28.53,63.21,76.84,50.9,66.9,5,4,1.79,0.663,1
85.5,88.75,88.59,79.4,197.3,9,4,6.28,0.983,0
14.56,43.55,49.15,42.1,337.0,15,5,0.52,0.97,1
16.71,34.83,38.47,44.7,145.7,4,1,1.05,0.628,0
96.06,92.95,66.17,65.0,124.4,17,6,3.74,0.967,1
67.67,82.71,48.26,68.3,222.4,18,6,1.81,0.749,1
83.76,34.07,62.57,75.0,100.8,22,2,1.78,0.796,1
35.16,46.74,48.6,52.4,207.9,9,4,1.43,0.921,1
67.91,42.36,27.24,80.4,79.8,9,4,0.24,0.934,1
60.26,18.42,52.55,85.8,215.5,11,3,0.37,0.958,1
61.09,91.2,70.27,64.0,222.8,20,0,0.39,0.944,1
68.48,41.39,78.94,76.5,163.9,2,0,0.62,0.783,1
58.51,83.78,54.47,65.2,152.5,3,1,0.4,0.873,1
44.9,22.04,28.22,43.3,108.5,21,6,0.43,0.916,1
30.66,54.31,48.18,55.7,135.9,23,2,2.23,0.928,0
76.48,7.16,77.9,44.2,189.5,11,5,0.45,0.932,1
26.04,73.78,48.03,87.5,109.3,6,5,1.45,0.833,1
69.39,57.28,70.72,51.0,280.5,11,4,0.33,0.925,1
26.7,61.3,55.58,70.5,256.9,2,6,0.83,0.954,1
63.16,9.65,34.3,53.6,116.2,17,6,5.36,0.897,0
74.48,23.99,78.69,71.4,61.2,18,5,0.26,0.983,1
25.34,11.69,21.74,50.1,30.1,4,2,4.39,0.786,1
10.57,31.0,56.99,77.7,221.0,13,1,3.05,0.971,1
17.18,61.47,31.71,45.3,97.6,22,6,5.27,0.906,0
61.36,55.96,20.37,83.0,34.0,7,3,3.29,0.895,1
84.0,60.09,55.23,80.3,144.9,21,1,3.7,0.765,1
9.18,54.43,54.96,72.6,337.8,14,0,0.43,0.928,1
73.28,29.57,71.55,43.2,250.8,15,6,3.81,0.936,1
36.74,27.01,74.58,50.0,304.5,17,3,1.5,0.781,1
49.5,17.34,73.22,81.2,76.3,10,4,1.07,0.989,1
91.38,81.42,47.76,45.9,53.5,1,1,0.53,0.942,1
35.87,60.48,65.54,47.5,33.7,9,2,0.2,0.824,1
48.28,21.79,61.16,66.1,335.8,10,2,2.26,0.792,1
6.27,20.95,48.72,53.2,126.1,4,0,2.79,0.978,1
12.59,83.57,62.78,50.7,177.0,20,0,1.18,0.828,1
29.05,71.85,90.78,67.6,156.2,16,5,0.56,0.984,0
7.59,64.35,30.43,57.9,263.7,0,0,0.51,0.995,1
63.72,41.62,87.46,46.7,129.2,13,6,0.57,0.941,1
44.66,28.58,19.28,65.7,201.3,14,6,0.32,0.619,1
55.98,93.15,39.67,58.6,348.6,6,6,1.09,0.993,1
21.24,76.75,38.05,75.3,172.1,7,6,2.12,0.835,1
32.52,32.16,65.11,44.9,206.4,15,0,1.39,0.836,1
66.74,81.28,25.5,69.8,190.8,12,4,0.47,0.684,1
94.77,73.3,85.59,61.0,287.0,4,3,3.59,0.924,1
9.69,31.74,81.28,59.5,115.4,2,5,0.88,0.915,1
87.81,43.39,67.17,51.1,84.5,12,0,2.05,0.765,1
58.65,21.74,51.67,41.5,271.3,18,1,0.76,0.891,1
57.44,14.99,89.64,80.7,163.0,11,4,2.01,0.852,1
51.53,70.05,81.46,55.7,322.4,18,3,0.48,0.992,1
11.45,29.08,54.95,72.7,236.1,16,4,2.33,0.969,1
13.36,78.81,71.15,85.5,210.6,10,2,1.9,0.987,0
60.88,94.6,60.35,67.1,52.5,2,4,1.66,0.934,1
36.71,11.9,62.04,59.1,263.7,1,5,0.69,0.968,1
90.31,47.57,41.48,52.9,249.5,23,6,1.71,0.826,1
42.81,77.19,51.97,84.8,234.8,13,4,4.75,0.958,1
18.33,76.01,21.25,72.7,115.7,21,2,0.47,0.976,1
71.47,73.4,43.59,71.9,333.0,20,2,2.63,0.481,1
32.28,36.41,70.67,60.5,132.9,16,2,0.44,0.783,1
53.87,45.85,91.26,80.6,78.7,1,5,1.03,0.987,1
69.9,58.55,92.05,74.3,345.9,17,5,2.5,0.964,1
88.72,92.65,59.46,53.6,268.8,22,4,1.84,0.771,0
78.67,34.48,63.53,68.8,162.7,14,2,2.47,0.949,1
67.9,88.08,29.86,60.6,329.5,11,0,6.81,0.77,1
68.21,29.24,70.62,40.3,59.2,15,1,7.19,0.862,1
92.97,94.02,20.65,78.8,58.1,15,6,5.13,0.84,0
32.51,65.32,37.77,45.9,248.4,6,1,1.57,0.75,1
5.1,46.72,68.47,64.5,87.0,5,6,1.03,0.956,1
30.29,60.21,39.82,56.1,323.5,13,2,0.86,0.93,0
25.26,29.53,18.99,56.4,298.9,7,3,1.91,0.949,1
66.55,29.68,81.55,62.9,128.0,19,6,1.41,0.871,0
63.94,15.22,39.83,87.9,314.4,23,4,10.62,0.539,0
60.19,15.26,20.05,59.6,43.7,18,1,1.73,0.948,1
6.51,36.29,20.98,48.8,205.6,18,5,1.0,0.912,1
72.78,73.66,35.14,69.5,329.4,11,5,2.22,0.942,1
35.09,59.72,29.24,51.3,303.7,8,6,0.29,0.947,1
66.85,14.23,76.94,45.1,143.9,8,0,0.43,0.808,1
56.76,81.7,40.73,42.4,88.5,4,3,2.38,0.874,1
36.87,59.12,79.38,41.1,97.4,13,3,0.46,0.979,1
17.52,91.48,28.91,60.7,194.6,0,0,3.02,0.943,1
13.78,65.32,54.43,60.5,221.0,2,4,0.33,0.968,1
82.33,20.77,70.04,48.9,40.5,10,4,2.0,0.789,1
90.41,47.64,67.16,77.6,162.3,20,2,2.47,0.918,1
65.43,63.36,63.09,46.2,295.7,3,6,3.22,0.773,1
14.62,7.54,88.99,83.9,172.2,19,0,4.54,0.992,1
42.39,6.34,33.28,68.2,84.1,0,0,0.95,0.957,1
72.79,16.65,54.5,41.3,335.6,5,5,2.74,0.705,1
77.52,27.65,85.72,86.2,115.2,9,6,0.37,0.973,1
15.99,43.66,21.23,54.8,285.5,3,0,3.74,0.835,1
5.0,48.87,19.47,61.6,92.0,16,2,4.62,0.451,0
71.23,17.42,33.66,53.6,165.4,21,1,2.96,0.919,0
38.16,65.61,65.64,75.0,186.9,20,4,0.86,0.717,1
28.67,58.65,35.79,63.3,190.2,4,6,0.33,0.903,1
6.2,31.5,30.22,46.4,195.3,1,2,1.29,0.934,1
55.25,6.23,51.7,45.0,102.0,0,6,0.83,0.861,1
84.16,11.99,64.09,74.8,195.1,15,6,1.71,0.848,1
94.06,40.25,34.88,51.4,184.1,6,6,1.2,0.961,1
57.61,18.86,39.06,46.6,96.8,20,2,0.49,0.936,1
52.84,38.91,64.08,64.0,346.2,2,5,3.82,0.968,1
12.91,61.54,90.66,78.5,307.0,13,2,4.2,0.976,1
56.05,54.25,68.98,53.4,314.0,21,5,3.55,0.862,1
40.34,25.81,77.63,53.3,249.4,18,5,0.67,0.724,0
61.46,35.94,44.34,80.0,81.2,15,6,1.32,0.796,0
41.15,60.26,36.78,47.1,211.8,21,0,0.58,0.901,1
27.35,82.48,51.34,69.6,292.9,5,2,2.39,0.862,1
13.83,72.79,79.57,85.8,42.4,23,1,3.47,0.669,0
34.29,54.81,51.5,80.4,188.7,0,6,1.94,0.842,0
13.99,37.61,82.74,43.0,156.8,6,3,1.78,0.995,1
21.45,37.85,94.1,55.4,97.9,10,2,2.71,0.95,1
96.82,84.15,20.76,46.8,151.0,17,6,0.44,0.975,1
46.3,8.53,18.63,85.6,344.7,8,5,0.77,0.94,1
54.46,93.92,26.97,87.3,261.4,21,1,0.95,0.97,1
86.25,64.79,45.75,51.3,125.9,2,5,1.72,0.736,1
97.59,66.3,25.48,72.1,223.7,23,0,7.66,0.767,0
59.19,8.42,84.65,80.4,108.9,22,3,4.18,1.0,1
80.56,59.5,16.85,51.2,225.5,7,4,0.77,0.892,1
35.41,48.63,40.26,49.0,316.8,7,4,0.73,0.9,1
33.43,14.52,29.78,40.5,208.2,22,0,1.34,0.997,1
42.45,30.01,89.52,59.8,264.7,0,6,7.55,0.977,1
67.54,85.13,68.56,83.2,175.1,9,0,0.53,0.978,1
68.44,54.5,87.96,83.3,197.7,14,4,6.49,0.948,1
34.32,42.21,92.79,46.1,252.4,9,0,0.62,0.943,1
17.39,11.54,54.77,49.8,290.0,7,6,4.55,0.914,1
63.81,69.27,33.75,59.6,241.0,20,4,3.75,0.928,1
16.93,68.26,30.5,77.5,342.8,1,0,4.48,0.968,1
58.8,60.26,32.83,69.4,292.3,17,4,4.65,0.908,1
69.49,50.92,71.69,64.7,278.7,1,1,0.69,0.958,1
70.16,44.04,18.24,68.4,300.4,20,0,3.22,0.994,1
75.07,58.39,19.11,44.6,120.0,18,4,2.49,0.905,1
86.18,26.01,63.65,62.9,168.3,21,0,4.42,0.907,1
51.5,89.71,66.36,87.6,210.6,8,6,1.55,0.908,1
72.91,57.99,68.22,44.2,178.0,9,4,1.27,0.748,1
62.58,33.01,44.75,64.9,301.2,3,4,2.79,0.99,1
22.36,45.47,79.48,54.2,38.7,20,5,0.83,0.905,1
7.39,77.51,57.69,65.9,96.9,0,5,3.63,0.828,1
31.46,19.55,23.44,67.5,312.1,10,6,0.87,0.926,1
46.2,31.36,78.77,67.7,48.9,21,3,0.29,0.817,1
62.39,66.16,91.25,80.9,102.6,1,6,1.8,0.992,1
84.05,33.39,19.8,58.7,142.4,22,0,3.82,0.942,1
23.25,76.33,46.31,64.8,270.2,3,1,2.55,0.87,0
16.68,16.74,54.0,40.5,209.3,14,2,9.27,0.919,1
94.6,73.64,26.72,77.9,335.5,19,2,0.5,0.863,1
15.05,11.15,84.42,52.5,102.9,12,5,1.04,0.992,1
49.5,6.13,37.73,79.2,309.1,0,0,1.16,0.969,1
59.46,85.84,77.64,52.8,120.5,21,5,0.32,0.87,1
55.35,57.32,68.68,40.5,108.6,1,4,0.29,0.792,1
13.0,36.66,62.84,47.4,189.5,5,4,0.26,0.87,0
10.3,25.93,30.37,87.3,52.8,6,1,1.25,0.915,1
14.81,60.52,32.66,55.4,153.0,18,0,3.93,0.993,1
59.46,50.81,18.79,45.2,143.8,3,2,2.67,0.927,1
55.62,94.24,34.26,45.7,81.2,17,1,1.38,0.851,1
26.74,93.49,42.64,54.9,305.5,22,6,0.81,0.859,1
64.31,62.15,81.65,41.8,153.5,8,0,0.23,0.773,1
81.27,44.86,44.31,64.6,344.2,20,0,0.59,0.839,1
8.87,49.2,75.37,50.3,317.9,10,5,1.18,0.661,0
51.33,66.42,50.16,64.9,92.3,4,5,1.13,0.805,1
69.11,14.14,77.79,46.8,191.6,23,0,0.8,0.923,1
28.47,34.55,93.1,60.6,222.6,0,3,11.91,0.993,0
33.62,11.77,34.19,68.7,292.1,1,1,1.39,0.886,1
62.07,11.6,83.99,43.0,313.4,22,0,0.82,0.508,1
88.51,22.63,64.75,59.1,229.7,2,6,1.25,0.997,1
80.32,48.67,80.38,54.5,41.2,21,5,0.86,0.705,1
59.23,75.63,67.13,51.5,184.0,16,6,1.07,0.894,1
72.91,48.69,48.92,69.0,313.1,23,1,0.47,0.814,1
38.93,35.19,33.25,68.3,258.5,1,2,0.2,0.98,1
64.61,12.41,20.6,70.3,308.4,0,0,1.55,0.997,1
48.35,54.53,57.84,47.6,245.7,1,4,1.54,0.921,1
22.66,29.41,94.23,53.7,44.1,7,0,0.54,0.72,1
70.26,60.34,74.04,50.1,339.8,12,0,3.78,1.0,1
56.75,92.95,41.19,65.9,323.8,13,1,0.63,0.996,1
38.35,15.02,81.18,62.1,70.5,20,6,3.14,0.987,1
89.75,24.09,76.52,55.9,66.1,11,1,0.62,0.961,1
6.95,47.58,37.53,77.7,202.5,8,5,0.86,0.996,1
34.37,92.18,16.14,44.5,272.3,18,3,0.83,0.91,1
10.29,74.46,24.45,86.8,152.3,23,0,0.72,0.766,0
76.29,85.84,85.18,45.6,73.6,19,5,6.3,0.967,1
70.3,35.03,81.93,77.1,193.4,6,2,0.81,0.942,1
35.82,94.28,38.62,57.7,138.0,9,1,1.53,0.451,1
67.84,14.25,37.82,81.5,142.6,23,3,2.86,0.931,1
41.82,9.77,78.43,43.6,236.4,2,6,0.97,0.953,1
75.33,82.0,90.02,58.0,313.4,18,4,0.22,0.915,1
47.24,88.45,77.33,56.1,208.7,16,4,3.07,0.87,0
43.34,13.15,63.45,87.7,250.0,7,3,0.87,0.996,1
91.93,15.21,34.41,87.3,241.2,17,5,4.33,0.976,0
28.33,7.99,57.06,49.1,206.4,6,6,1.55,0.941,1
16.2,14.41,33.68,70.2,129.4,6,4,2.16,0.908,1
59.36,23.85,79.64,65.7,150.9,22,0,6.23,0.962,1
95.15,92.31,45.96,47.4,131.0,19,1,4.28,0.737,1
40.14,65.11,81.7,48.1,323.6,22,2,3.35,0.837,1
10.77,75.07,45.53,87.5,294.5,15,4,1.71,0.999,1
36.56,74.85,80.93,61.7,215.4,14,0,0.57,0.976,1
52.05,53.16,41.67,46.0,321.9,13,6,3.88,0.917,1
20.06,76.77,50.21,50.3,313.7,15,5,0.4,0.819,1
66.2,58.62,64.24,52.9,326.9,23,1,4.57,0.997,1
97.79,33.31,20.62,64.5,101.0,8,0,3.11,0.987,1
47.01,55.5,90.86,56.1,259.6,22,0,3.45,0.974,1
37.99,53.02,60.89,61.8,225.0,21,5,1.15,0.932,1
42.27,79.11,55.63,48.0,264.8,20,1,0.38,0.783,1
15.71,93.36,82.15,55.7,114.3,9,4,2.8,0.898,1
87.14,41.99,84.26,43.4,252.3,14,6,7.84,0.998,0
43.58,73.71,56.78,82.7,161.1,22,6,4.11,0.988,1
41.02,13.98,89.18,49.5,296.9,9,4,3.88,0.918,1
66.35,74.91,20.18,76.3,284.5,1,0,2.2,0.837,1
46.11,38.43,24.06,56.8,97.6,4,3,0.45,0.987,1
65.29,8.55,62.74,62.8,88.8,7,4,4.18,0.965,1
10.71,37.69,43.33,54.0,259.7,5,0,0.7,0.952,1
80.68,59.96,52.14,73.4,206.2,5,5,0.81,0.744,1
92.47,15.73,41.25,80.5,208.3,0,2,3.02,0.808,1
65.34,88.16,47.38,53.7,270.8,15,6,2.72,0.751,0
93.77,11.99,80.81,51.6,303.6,17,2,0.35,0.913,1
19.08,88.7,62.48,72.7,106.5,2,3,0.78,0.917,1
49.4,68.64,94.79,49.4,207.8,6,5,3.6,0.906,0
60.97,34.67,77.95,70.7,295.3,11,0,6.17,0.996,1
59.1,40.17,36.89,44.5,309.3,9,2,0.82,0.839,1
42.34,71.67,36.15,69.8,122.0,21,6,3.06,0.977,0
36.44,59.13,41.87,64.6,63.3,20,5,1.61,0.771,1
16.79,65.45,82.46,45.5,104.5,9,4,1.16,0.978,1
41.43,40.02,17.18,71.2,332.6,22,0,4.77,0.817,1
20.13,48.9,33.41,61.4,178.0,8,3,1.79,0.912,1
73.3,94.09,87.39,50.4,163.9,10,3,2.55,0.861,1
24.42,24.25,66.19,57.0,34.2,18,4,2.0,0.519,0
10.45,42.61,33.15,63.6,46.3,7,2,2.26,0.989,1
56.37,31.26,32.53,44.4,244.0,17,5,1.66,0.84,1
60.36,73.86,84.01,86.0,218.7,3,2,1.72,0.994,1
86.09,73.76,86.5,71.9,214.2,1,3,4.02,0.931,0
58.66,31.32,35.49,44.9,65.3,12,1,0.92,0.951,1
37.13,12.33,48.64,79.5,142.7,22,5,2.87,0.993,1
79.68,6.03,81.77,55.5,290.0,13,6,0.83,0.996,1
55.25,43.47,76.68,68.6,86.0,19,5,0.35,0.805,0
12.37,41.93,80.11,53.3,312.5,21,5,4.87,0.961,1
57.62,93.96,56.47,75.2,68.9,23,3,1.26,0.906,1
89.45,47.28,87.92,74.7,84.1,14,5,2.5,0.956,1
41.86,28.08,41.08,66.5,182.9,12,3,3.04,0.77,1
32.56,85.21,27.53,51.6,332.5,5,0,3.39,0.902,1
18.34,49.2,71.7,52.2,135.5,19,4,0.71,0.91,1
19.08,58.93,58.15,58.4,240.6,5,0,2.33,0.942,1
45.25,13.61,83.37,47.0,218.4,0,3,3.06,0.953,1
60.4,39.46,21.49,56.2,77.9,14,0,0.46,0.915,1
12.5,89.98,82.5,72.8,109.4,5,2,0.5,0.979,1
92.38,58.06,38.46,79.9,327.6,14,3,1.1,0.897,1
75.23,36.01,67.39,56.0,89.1,14,2,0.92,0.925,1
59.56,61.31,18.21,51.2,252.4,13,2,3.39,0.916,1
82.04,86.94,63.77,80.0,338.7,9,4,2.26,0.798,1
12.46,29.66,72.38,82.8,68.2,7,2,1.58,0.921,1
49.35,50.46,44.5,59.7,157.7,3,0,0.43,0.985,1
63.6,91.28,32.23,41.3,101.7,21,0,0.44,0.826,1
82.06,20.52,58.01,73.4,100.9,5,5,1.66,0.923,0
77.86,69.77,81.66,77.6,68.1,19,1,4.49,0.655,0
30.77,60.3,40.88,40.9,237.9,23,4,3.18,0.888,0
92.5,66.17,35.2,68.6,268.8,20,5,4.47,0.976,1
16.56,36.61,37.31,68.2,246.6,16,5,1.87,0.916,1
86.39,33.25,90.93,58.2,325.9,22,5,0.7,0.91,1
95.3,66.58,43.74,76.0,76.6,23,1,0.26,0.751,1
21.48,24.4,15.29,60.6,132.4,21,2,5.84,0.986,1
72.15,42.77,77.53,72.5,140.3,6,5,1.49,0.896,1
8.75,21.94,70.94,64.8,104.3,11,3,4.12,0.87,1
42.7,5.75,25.29,51.9,75.5,22,0,2.84,0.987,1
53.01,92.31,93.79,69.1,185.7,3,3,3.77,0.982,1
59.0,43.85,63.64,75.4,297.0,13,1,0.67,0.766,0
92.04,92.24,55.06,86.7,335.5,3,5,2.48,0.967,0
67.52,17.63,45.58,58.2,71.4,15,6,2.77,0.757,0
49.76,57.86,86.89,43.1,293.4,0,6,1.81,0.85,1
80.3,23.09,34.52,87.4,293.9,17,6,3.81,0.983,1
93.4,76.11,37.86,69.9,154.5,18,1,9.08,0.85,0
7.05,75.53,24.79,85.4,65.2,20,0,0.22,0.943,1
96.37,15.13,75.73,45.0,346.8,9,6,1.41,0.995,1
13.01,87.09,62.64,56.4,239.8,4,5,3.0,0.958,1
80.74,22.52,63.73,46.4,344.3,12,1,2.79,0.688,0
31.07,60.17,32.48,80.1,184.8,5,3,1.46,0.702,1
17.29,93.71,67.09,82.3,156.5,22,1,3.89,0.997,1
45.91,84.42,76.24,64.1,109.1,3,3,2.45,0.956,0
64.89,91.09,43.63,49.0,344.7,15,6,1.79,0.985,1
40.43,35.83,79.11,46.1,111.0,7,5,0.84,0.909,1
10.07,14.5,42.9,68.2,37.6,15,2,1.12,0.855,1
60.75,21.95,75.65,64.3,194.0,10,5,9.23,0.88,1
88.92,50.04,17.7,73.3,150.7,21,4,4.93,0.899,0
40.64,76.39,59.09,54.6,113.6,0,0,2.58,0.84,1
25.12,18.51,92.56,59.3,233.1,21,1,4.12,0.891,1
46.16,64.38,93.5,41.0,146.6,17,6,0.49,0.961,1
9.5,34.12,37.54,69.3,158.7,3,5,0.82,0.951,1
81.31,35.71,50.31,60.3,37.4,10,0,4.53,0.942,1
81.85,64.57,20.04,84.1,218.5,19,1,1.47,0.848,1
59.68,47.03,84.87,70.8,69.1,9,6,1.99,0.997,1
37.84,78.08,60.49,59.1,98.4,15,2,4.5,0.845,1
79.38,19.03,45.81,52.7,259.5,9,6,1.24,0.965,1
56.59,76.1,24.02,83.5,130.2,4,6,1.51,0.976,1
81.81,10.78,90.74,40.8,82.2,17,3,0.44,0.871,1
63.73,22.46,57.42,55.7,214.8,21,0,9.72,0.885,1
77.95,64.05,37.63,85.3,98.8,10,2,7.45,0.9,1
60.67,81.94,43.02,71.4,116.7,2,2,0.9,0.945,1
43.52,27.74,36.66,65.6,228.8,8,4,4.03,0.999,1
94.09,34.45,63.14,49.8,266.8,14,2,2.87,0.999,1
55.32,53.34,89.4,80.0,266.7,21,4,0.52,0.863,1
61.27,24.04,83.54,49.8,184.3,18,6,0.25,0.837,1
25.51,78.0,51.83,51.9,175.4,18,2,0.23,0.783,1
63.19,74.63,81.12,49.2,282.0,4,6,0.34,0.804,1
58.16,18.08,48.85,47.6,91.8,5,3,2.17,0.908,1
22.19,46.74,35.18,85.8,78.7,3,2,1.56,0.906,1
10.54,74.73,93.67,68.9,242.7,11,5,11.66,0.985,1
61.21,35.36,39.31,70.6,161.0,4,3,0.88,0.989,1
76.02,61.98,40.9,85.8,257.2,2,1,2.79,0.847,1
53.68,9.52,94.18,51.1,112.1,9,2,1.18,0.941,1
26.09,59.78,25.71,40.3,134.0,12,6,0.41,0.791,0
66.99,18.74,75.84,68.7,316.9,3,2,4.39,0.902,1
12.45,79.75,89.87,64.4,164.9,23,1,1.22,0.577,1
46.09,36.99,55.94,62.9,219.1,7,6,5.18,0.99,1
20.19,30.34,15.2,43.0,64.1,0,4,5.73,0.891,1
22.15,80.68,45.0,61.8,87.2,19,3,3.63,0.982,1
23.81,9.51,23.93,53.8,41.5,1,1,0.26,0.953,1
40.96,40.69,48.3,53.2,165.8,3,1,6.96,0.75,0
9.76,38.3,78.2,50.7,346.5,20,5,0.47,0.65,1
41.99,30.63,50.1,56.0,309.6,0,6,5.56,0.859,1
52.59,87.06,49.55,57.0,232.5,20,0,2.07,0.985,1
49.95,72.58,59.54,54.8,305.6,6,1,1.15,0.886,1
40.6,10.75,61.54,87.0,220.1,4,4,2.76,0.96,0
83.04,69.32,83.5,84.8,148.0,22,4,1.61,0.871,1
18.52,52.46,39.67,67.6,85.5,12,4,3.36,0.919,1
52.03,86.08,80.73,87.1,239.0,12,6,1.64,0.995,1
10.77,33.17,60.27,87.6,91.8,7,3,1.12,0.89,1
11.62,56.67,39.04,57.1,163.6,16,3,1.1,0.935,1
58.37,50.07,38.61,61.4,294.3,9,6,1.07,0.983,1
57.64,49.06,43.89,86.0,71.4,9,2,1.48,0.963,1
86.66,46.05,64.82,69.2,71.3,1,1,0.43,0.77,1
56.88,23.51,33.46,50.2,101.8,5,5,2.37,0.963,1
94.26,73.01,88.63,73.1,206.6,20,4,1.04,0.937,1
9.53,45.62,60.99,49.9,110.6,0,1,1.85,0.961,1
14.11,91.27,88.6,56.3,191.0,17,6,1.7,0.937,1
9.1,28.47,18.71,50.9,126.6,2,2,4.09,0.706,1
22.23,66.45,42.41,51.8,192.0,20,6,4.16,0.868,0
55.34,89.66,16.82,40.2,118.8,6,2,9.25,0.947,1
65.04,64.71,36.78,82.3,343.6,15,4,0.75,0.851,0
9.24,83.41,83.96,54.2,187.7,21,1,0.27,0.8,0
92.98,79.47,17.93,44.1,268.0,2,2,1.31,0.982,0
83.32,37.41,49.89,44.2,254.2,5,0,4.74,0.954,1
32.58,59.01,24.41,66.7,187.0,3,3,2.03,0.959,1
12.18,19.06,48.35,87.7,106.4,15,1,1.14,0.919,0
20.8,53.2,82.11,47.0,193.4,2,4,3.16,0.971,1
16.81,25.74,64.85,44.8,247.9,3,2,2.69,0.881,1
16.47,71.94,73.94,61.0,177.2,10,2,2.7,0.919,1
53.23,52.53,42.93,67.0,56.2,23,2,1.65,0.939,1
27.86,42.01,90.55,54.1,35.8,16,3,1.71,0.911,1
38.31,29.19,71.74,54.5,134.9,18,1,1.82,0.883,1
97.02,94.88,48.74,60.4,78.1,7,2,1.81,0.845,1
68.64,11.45,49.12,55.1,320.0,13,5,0.66,0.894,1
93.26,8.92,88.49,83.9,86.3,15,3,0.76,0.784,1
18.26,24.55,61.11,42.0,156.2,18,0,1.14,0.912,1
40.54,92.4,71.51,51.3,257.9,15,1,4.07,0.95,1
56.59,93.13,48.36,78.8,290.9,9,4,1.44,0.847,0
12.14,63.94,32.9,80.0,182.9,14,1,5.42,0.977,1
5.39,84.21,72.88,45.4,88.0,3,2,3.35,0.994,1
67.35,24.26,63.63,86.7,116.7,3,6,4.15,0.641,0
64.69,92.48,55.11,73.3,164.1,12,4,0.49,0.984,1
43.2,17.85,64.92,53.1,146.7,11,5,0.52,0.935,1
50.54,14.1,31.66,61.9,141.6,14,1,0.74,0.793,1
43.64,15.1,78.52,54.3,72.2,22,4,2.37,0.878,1
7.23,56.58,90.85,47.2,322.3,12,1,1.49,0.828,1
36.19,75.29,86.29,54.0,39.5,5,5,0.57,0.938,1
21.47,38.0,40.71,67.8,170.8,13,0,2.94,0.858,1
14.15,93.01,47.48,79.6,343.7,2,0,1.66,0.976,1
93.98,44.1,79.67,57.4,241.1,7,0,2.83,0.894,1
60.74,18.54,62.61,56.7,143.7,11,1,5.0,0.947,1
72.77,46.94,58.83,62.5,76.8,13,4,5.12,0.926,1
34.33,66.11,89.13,70.9,338.4,4,0,0.92,0.699,0
41.56,79.9,57.88,76.1,34.5,1,3,0.55,0.972,1
27.03,46.29,56.2,55.7,248.0,9,3,1.34,0.877,1
14.02,58.42,18.36,68.1,311.6,2,0,0.38,0.976,1
21.65,29.06,20.55,58.7,38.1,22,0,0.29,0.968,1
79.17,63.13,15.59,74.4,262.1,9,2,7.84,0.963,1
68.01,93.74,88.06,47.9,349.6,8,6,7.34,0.931,1
55.86,9.41,47.67,52.3,234.7,16,3,1.07,0.967,1
49.18,84.79,52.48,60.5,162.7,5,6,3.64,0.931,1
90.79,55.61,82.63,82.7,309.8,8,3,0.71,0.849,1
11.76,27.69,63.74,67.5,207.3,22,0,1.28,0.901,1
31.1,90.94,63.76,86.3,269.8,2,5,2.79,0.987,1
37.54,48.5,38.72,45.0,218.1,6,2,1.8,0.907,1
77.77,34.85,81.71,62.1,42.3,11,4,3.64,0.821,1
97.3,21.33,28.27,60.1,98.2,17,2,8.03,0.89,0
27.38,27.0,19.25,68.8,55.2,9,2,0.22,0.783,1
86.31,79.96,30.33,79.0,64.1,1,3,5.37,0.937,1
82.25,60.3,36.42,80.4,34.9,16,0,1.27,0.989,1
25.89,87.19,37.58,72.2,164.8,2,0,1.25,0.937,1
42.14,25.88,68.64,70.8,87.2,0,6,0.2,0.975,1
43.1,15.9,32.43,85.6,303.8,7,0,3.8,0.995,1
95.97,5.55,69.13,58.4,270.0,12,2,3.05,0.92,1
21.82,50.71,22.29,80.0,213.4,10,6,4.69,0.986,1
79.32,94.85,26.78,84.2,186.5,7,6,0.57,0.846,0
36.08,67.55,55.71,63.6,111.9,19,2,0.68,0.958,1
72.97,32.76,88.75,75.0,182.0,0,5,0.92,0.92,0
44.06,83.92,83.77,58.1,235.2,1,1,1.71,0.782,1
58.79,75.36,92.5,47.6,280.3,17,4,1.05,0.995,1
82.43,6.39,67.04,68.2,56.1,17,1,0.91,0.819,1
79.79,78.52,69.07,49.4,256.7,8,5,0.6,0.935,1
85.58,32.05,65.0,62.0,267.7,6,4,0.55,0.977,1
10.54,18.47,64.83,81.9,208.9,8,6,1.48,0.886,1
69.36,25.37,26.77,44.1,98.6,9,1,1.38,0.923,1
18.02,47.17,58.5,41.5,202.5,1,1,3.28,0.895,0
43.67,43.24,45.89,69.1,190.9,4,1,3.67,0.967,1
56.02,31.0,50.4,55.9,182.2,16,1,2.61,0.806,1
42.45,20.5,56.89,60.1,177.4,1,2,3.76,0.868,0
53.32,73.6,25.27,59.5,65.5,19,4,0.43,0.868,1
97.68,94.11,43.76,44.2,88.5,9,5,1.42,0.961,1
17.58,75.0,20.08,40.2,61.1,0,1,0.88,0.982,1
67.82,31.63,93.37,83.1,107.6,11,1,0.78,0.886,1
41.83,27.03,24.48,50.5,114.3,23,5,2.69,0.968,1
17.37,24.59,35.68,60.5,108.4,14,0,3.76,0.939,0
19.76,17.3,86.3,86.7,97.5,5,2,0.44,0.908,1
93.28,54.62,53.62,79.7,265.3,13,3,0.47,0.934,1
86.8,59.49,25.85,45.2,291.9,13,0,2.24,0.98,1
89.35,68.5,45.74,64.4,134.7,14,5,0.51,0.44,1
97.21,66.22,24.27,75.0,127.6,0,3,3.13,0.688,1
24.37,31.31,31.02,73.5,300.1,16,1,3.73,0.804,1
38.06,34.73,19.16,76.5,229.7,10,4,1.68,0.95,1
67.24,66.34,50.06,62.0,123.9,14,6,4.98,0.881,1
49.99,36.45,79.53,48.4,258.4,19,3,0.24,0.97,1
43.91,24.14,61.88,62.3,140.3,15,6,0.71,0.978,1
38.28,38.69,63.51,71.1,217.7,20,6,3.17,0.852,1
60.22,29.49,31.05,69.2,347.6,8,3,6.51,0.922,1
58.53,12.95,42.51,43.4,126.5,11,3,6.67,0.946,1
20.02,79.71,82.62,43.1,327.8,1,6,0.2,0.902,1
48.87,81.78,22.03,86.3,132.6,14,4,2.2,0.915,1
56.47,24.78,83.63,47.3,202.9,8,0,0.26,0.912,0
58.04,10.83,53.7,54.1,177.2,15,2,2.61,0.739,1
24.54,71.49,81.97,76.8,280.6,16,4,3.12,0.739,1
74.03,24.04,40.44,59.7,49.5,19,0,4.1,0.983,1
7.34,40.41,42.11,48.7,230.7,22,1,1.71,0.759,0
38.0,10.77,75.13,62.4,273.4,3,0,4.0,0.89,1
77.56,25.36,77.8,67.3,181.1,7,3,5.35,0.979,1
57.44,76.36,33.37,61.7,63.7,6,0,1.72,0.961,1
29.29,77.4,92.83,84.1,108.3,5,6,1.69,0.87,0
69.63,23.64,21.76,53.7,247.5,4,0,1.61,0.969,1
57.77,35.23,20.48,71.7,316.5,9,6,1.6,0.936,1
79.05,17.08,62.64,45.4,164.9,2,1,3.18,0.995,1
73.36,11.68,72.82,58.8,209.3,23,1,0.34,0.747,1
61.74,94.3,91.87,75.6,103.1,19,0,1.4,0.899,1
50.4,64.0,47.4,50.8,161.9,23,4,1.68,0.955,1
17.39,53.79,17.02,68.3,137.8,16,6,0.68,0.883,1
29.3,73.89,63.23,47.4,239.8,15,1,1.76,0.95,1
43.98,80.61,38.18,44.9,345.1,10,3,1.42,0.875,1
60.73,77.6,49.64,65.1,290.3,12,6,2.88,0.904,1
52.77,6.49,54.08,72.4,91.5,17,4,1.07,0.933,1
31.8,21.81,20.16,45.4,214.9,13,5,6.18,1.0,1
5.6,63.94,53.88,84.1,51.3,1,0,1.27,0.909,1
51.15,38.82,49.11,50.8,109.0,11,5,2.19,0.99,1
31.56,93.42,72.0,45.8,85.1,21,6,0.7,0.972,1
73.32,64.89,66.65,49.7,137.4,20,3,2.53,0.907,1
7.23,91.09,29.82,48.1,247.2,9,3,1.64,0.756,0
59.39,23.13,31.49,44.4,189.8,6,4,1.04,0.868,1
92.56,82.76,35.08,78.3,328.5,1,0,1.06,0.955,1
21.22,33.92,29.32,63.8,98.1,17,3,1.14,0.921,1
48.86,94.06,67.58,58.6,146.5,16,5,1.35,0.895,1
13.5,19.19,94.55,85.6,135.6,15,6,0.77,0.927,1
63.19,51.47,67.17,57.8,105.5,1,5,0.85,0.944,1
56.2,76.36,63.53,48.0,347.8,10,1,6.56,0.977,1
42.88,43.94,47.79,53.2,153.9,18,1,0.92,0.885,1
53.49,47.13,40.01,51.5,331.0,21,4,2.17,0.853,1
88.38,93.77,87.89,63.9,155.0,6,6,1.05,0.663,0
23.26,43.28,92.52,54.0,95.3,21,6,3.53,0.859,0
7.1,59.37,54.74,64.8,68.1,16,6,2.58,0.932,1
85.13,9.91,38.22,72.1,303.8,14,1,1.0,0.811,1
58.67,80.8,76.61,77.3,40.3,8,6,2.72,0.959,1
87.83,63.34,25.6,74.1,338.6,11,2,3.03,0.931,1
60.52,41.36,76.25,49.9,163.8,7,0,0.5,0.999,1
80.34,6.46,80.52,45.6,109.2,1,3,1.93,0.811,1
44.96,58.25,24.99,66.0,227.6,16,3,3.5,0.859,1
74.74,6.14,93.15,49.5,72.5,15,4,0.3,0.94,1
89.91,5.11,93.84,44.1,53.1,22,4,1.62,0.964,1
58.21,60.45,89.94,65.3,294.9,15,3,3.86,0.834,1
21.81,22.01,54.68,55.7,165.9,2,1,6.31,0.968,0
30.0,22.27,34.69,76.3,195.8,18,4,2.33,0.98,1
23.47,63.79,61.56,55.1,86.5,15,2,0.99,0.994,1
27.96,9.83,48.59,87.0,49.7,10,4,2.06,0.992,1
33.5,33.21,31.48,76.4,147.7,8,1,0.26,0.95,1
56.63,18.45,48.89,42.8,192.0,13,0,1.42,0.986,1
59.68,57.22,68.11,64.4,274.9,1,2,2.8,0.779,0
44.66,64.56,20.67,67.0,190.3,12,4,0.27,0.879,1
62.23,69.9,41.67,73.4,280.4,4,0,2.05,0.945,1
12.59,27.97,16.42,63.9,66.9,19,0,1.98,0.966,0
13.16,13.03,74.96,63.2,50.5,13,5,0.62,0.818,1
20.98,12.08,66.26,57.7,80.8,0,3,1.88,0.979,0
53.18,43.35,20.01,53.0,277.0,5,1,1.25,0.948,1
24.9,90.13,92.18,85.4,273.0,21,3,1.5,0.94,1
31.35,24.6,16.81,55.2,75.2,10,5,0.99,0.885,1
42.23,28.11,62.2,43.0,39.9,16,1,3.53,0.659,1
80.5,14.08,77.11,48.0,249.3,22,5,1.11,0.787,1
6.29,59.5,78.03,81.1,303.7,21,0,3.33,0.985,1
65.39,66.19,17.74,68.2,271.3,13,4,0.36,0.982,1
67.21,62.86,87.51,77.4,94.9,13,1,0.85,0.949,1
79.27,82.5,88.48,78.8,216.8,19,1,1.23,0.921,1
91.75,48.78,59.91,79.5,272.4,6,0,1.24,0.922,1
6.87,17.1,53.57,66.4,111.9,18,2,1.36,0.825,1
19.3,31.05,18.59,48.5,198.9,21,0,2.31,0.995,1
87.41,64.62,59.96,47.1,130.6,5,5,1.91,0.873,1
47.64,60.18,47.75,67.6,102.2,12,0,1.67,0.93,1
57.51,52.79,76.82,57.6,340.3,9,1,3.84,0.908,0
66.66,66.47,47.31,66.8,322.0,21,0,0.64,0.575,1
68.15,62.37,69.69,63.9,172.6,18,3,4.14,0.978,1
91.65,84.32,23.11,68.9,73.8,9,0,3.54,0.767,1
97.72,57.74,25.64,41.5,262.9,4,4,0.64,0.91,1
71.97,75.07,26.18,41.6,111.8,12,6,2.16,0.849,0
31.71,27.38,18.64,74.6,83.9,16,0,0.71,0.855,1
86.82,66.04,58.31,49.3,152.1,21,0,5.92,0.746,1
9.58,86.2,78.52,71.3,199.6,22,6,1.56,0.99,1
26.49,39.72,63.83,66.2,61.2,4,4,0.66,0.992,1
88.46,75.12,61.0,87.1,213.0,20,2,2.22,0.947,1
28.83,70.23,69.45,80.1,34.9,21,2,2.66,0.872,1
25.52,10.36,42.17,59.8,315.4,6,2,2.06,0.815,1
17.85,57.34,43.96,69.6,324.6,19,3,0.75,0.852,1
84.9,16.72,40.14,45.6,264.6,6,4,2.86,0.77,1
51.51,92.06,71.97,58.5,179.3,14,3,5.51,0.956,1
67.77,78.03,27.93,75.2,111.6,14,3,6.28,0.971,1
27.23,14.88,16.04,69.9,268.1,20,5,2.48,0.897,0
75.5,15.96,62.7,63.3,328.2,22,3,3.87,0.892,1
75.68,58.5,90.39,48.5,80.7,0,4,7.89,0.928,0
34.07,36.04,63.75,78.6,179.1,11,1,0.29,0.93,1
43.19,8.14,77.63,53.1,130.9,1,1,1.5,0.886,0
24.5,53.75,68.82,79.4,144.2,17,2,0.89,0.955,1
95.82,39.91,54.79,69.4,159.8,14,3,1.49,0.971,1
65.04,14.1,72.47,57.9,334.6,6,6,5.18,0.937,1
91.91,77.17,80.93,41.9,112.8,8,2,8.4,0.818,1
33.21,87.36,32.98,51.2,187.7,22,3,4.91,0.885,1
77.72,73.09,41.89,82.7,334.5,21,2,0.64,0.824,1
76.22,79.02,32.9,79.3,182.3,2,0,3.45,0.943,1
69.32,24.48,51.17,67.6,306.4,20,4,3.6,0.899,1
94.8,28.72,85.81,62.4,48.8,9,3,1.93,0.852,1
41.6,23.77,42.62,71.1,335.0,1,5,2.71,0.939,1
17.16,73.86,44.96,62.4,90.0,21,3,4.92,0.943,1
67.47,90.31,83.83,70.9,343.6,11,3,10.49,0.823,1
72.83,69.52,56.23,54.8,86.2,6,4,0.28,0.866,1
58.48,84.33,57.84,80.2,172.2,4,0,0.79,0.976,1
24.23,62.48,83.86,73.7,128.8,3,1,5.65,0.738,0
51.91,39.89,54.24,55.8,168.6,0,4,1.0,0.981,1
34.03,43.32,69.52,79.9,110.2,14,0,0.43,0.97,1
44.75,11.78,21.85,63.4,338.9,8,2,0.95,0.94,1
65.01,7.83,29.29,48.4,127.8,5,3,1.66,0.935,1
74.3,67.59,47.35,43.7,239.0,13,6,1.18,0.73,1
26.6,44.46,54.59,73.6,74.0,1,3,3.31,0.954,1
42.7,54.7,92.26,81.5,293.8,11,1,2.09,0.921,1
30.03,55.19,92.65,78.8,203.6,22,2,1.34,0.978,1
23.47,29.96,83.1,71.5,343.4,5,0,12.0,0.865,1
77.86,47.83,40.25,46.8,165.5,12,2,4.54,0.889,1
89.56,47.37,92.12,44.5,92.5,3,2,4.16,0.876,1
39.43,39.96,70.15,56.6,140.7,21,1,1.88,0.905,0
74.87,78.86,46.44,81.0,265.8,15,0,3.23,0.887,1
88.42,45.6,71.13,86.2,240.9,10,1,1.02,0.787,1
83.69,59.33,16.32,51.6,279.1,5,0,1.0,0.682,1
22.0,85.6,26.69,76.6,53.5,4,4,4.65,0.968,1
93.94,82.96,81.37,67.5,215.7,0,4,2.02,0.71,1
40.03,85.14,66.65,41.5,328.3,18,6,1.04,0.97,1
36.55,29.3,44.14,66.1,64.5,6,3,3.93,0.885,1
10.81,8.15,55.05,78.7,60.2,17,1,1.37,0.969,1
50.21,28.5,87.41,53.3,259.3,9,4,1.22,0.94,1
15.14,30.08,65.53,83.1,130.9,9,6,0.25,1.0,1
28.11,86.84,46.85,51.3,240.7,16,5,2.47,0.955,1
34.48,63.43,24.63,43.7,204.5,23,2,1.72,0.975,1
80.22,12.35,38.5,47.7,345.5,6,2,0.95,0.675,0
86.42,17.18,93.27,80.2,314.5,21,4,0.5,0.969,1
33.13,19.01,49.99,60.0,247.0,20,1,0.6,0.998,1
84.86,61.74,52.75,78.3,113.7,21,3,0.71,0.798,0
84.72,71.19,54.89,65.5,113.8,0,6,4.21,0.94,1
76.11,82.37,85.73,63.1,312.3,11,2,1.51,0.845,1
18.64,89.66,63.31,78.7,217.3,16,3,2.58,0.978,1
69.2,23.15,70.49,60.3,282.6,15,2,1.44,0.884,1
92.89,32.88,46.15,78.5,174.0,19,6,1.48,0.984,1
68.48,26.63,17.33,44.8,63.0,14,0,3.65,0.786,0
35.84,37.29,89.48,70.5,136.5,18,4,3.15,0.87,1
51.55,87.32,90.93,73.7,81.6,19,1,0.73,0.759,1
65.05,56.76,90.93,83.2,280.2,16,2,2.17,0.931,1
52.48,71.44,90.49,50.8,254.2,3,4,2.48,0.694,0
16.16,49.11,80.22,69.0,58.3,3,3,1.24,0.946,1
34.02,7.6,69.77,60.8,228.8,2,1,0.34,0.881,1
79.62,10.78,82.56,58.4,309.7,7,1,1.13,0.87,1
85.11,53.41,63.04,45.1,253.2,22,4,1.09,0.966,1
17.77,69.69,25.75,46.4,193.6,8,4,2.55,0.641,1
93.57,24.38,46.3,80.2,129.8,1,6,3.52,0.983,1
35.58,69.97,92.7,76.0,313.9,18,4,1.21,0.877,0
66.6,77.96,43.09,58.4,165.3,21,0,2.28,0.885,1
74.92,42.07,84.43,79.8,303.7,17,0,2.26,0.736,1
80.51,72.18,22.46,43.9,280.6,15,1,2.29,0.867,0
92.95,41.36,41.73,70.0,291.2,17,4,1.82,0.84,1
34.1,66.05,43.08,81.7,346.7,17,5,2.18,0.929,1
84.84,73.76,19.13,80.3,269.6,11,5,4.25,0.9,1
17.25,94.27,24.53,57.9,40.9,1,0,5.3,0.866,1
70.57,36.09,30.45,75.8,95.7,20,1,0.39,0.629,1
74.0,41.99,82.03,60.5,41.3,0,2,0.22,0.888,1
68.03,19.91,20.07,80.3,90.8,22,6,1.66,0.987,1
28.47,23.37,38.9,65.5,49.7,15,5,1.26,0.975,1
86.19,67.41,15.81,76.7,190.5,16,4,1.4,0.983,1
20.7,87.53,70.65,43.8,39.0,0,0,1.43,0.918,1
9.99,40.51,64.62,68.3,181.2,20,1,4.71,0.965,0
71.72,21.19,66.6,66.4,317.6,22,4,2.22,0.973,1
49.22,30.66,44.95,69.3,269.5,2,1,1.37,0.999,0
83.97,45.95,31.66,73.4,332.1,22,2,1.41,0.996,1
40.66,31.16,72.63,84.1,102.5,19,5,3.92,0.934,0
20.65,26.02,79.89,77.7,199.9,15,1,0.69,0.961,0
82.79,71.24,26.09,50.5,131.9,20,6,0.23,0.956,1
56.05,5.71,53.95,79.6,188.0,13,6,1.5,0.895,1
22.6,53.53,34.9,45.9,208.3,15,1,6.66,0.832,1
72.0,76.44,28.45,69.9,41.6,23,2,3.57,0.947,1
52.53,28.96,73.75,82.4,104.6,8,3,1.25,0.905,1
61.2,59.3,58.05,44.9,255.5,20,6,0.58,0.873,1
47.86,65.2,32.29,80.8,277.3,20,4,1.89,0.956,1
82.07,63.95,39.8,78.3,212.2,1,2,4.44,0.953,0
82.15,45.13,92.33,64.2,116.7,12,6,2.73,0.982,1
70.97,36.19,82.89,54.8,159.6,21,5,1.75,0.915,1
14.8,80.23,85.4,59.5,60.7,4,2,2.86,0.881,0
83.01,73.26,51.8,86.5,335.0,20,5,6.89,0.871,0
67.4,33.91,64.9,49.7,308.0,19,4,1.81,0.871,1
69.82,14.27,45.14,67.8,51.0,16,5,1.82,0.62,0
38.76,11.46,21.22,44.0,83.3,5,1,1.5,0.948,1
86.77,13.48,47.09,50.5,216.0,16,0,1.87,0.75,1
72.46,57.46,62.52,76.6,104.4,1,4,2.22,0.954,1
15.47,9.65,37.97,54.5,329.0,6,2,0.66,0.8,1
42.92,35.32,82.84,87.3,271.8,16,1,1.88,0.959,1
87.43,72.79,27.09,64.0,117.5,23,5,0.23,0.948,1
9.39,31.49,44.37,64.8,32.0,7,3,5.76,0.724,1
94.41,73.7,24.99,41.7,285.8,22,1,0.28,0.736,1
68.16,72.09,47.39,85.9,165.7,22,0,6.55,0.932,0
63.72,27.12,18.17,48.4,235.6,0,1,7.15,0.992,1
30.16,70.59,36.8,65.8,121.8,18,6,1.7,0.981,1
28.14,72.3,47.06,59.0,75.7,4,0,1.01,0.952,0
92.61,40.77,53.25,59.9,246.1,4,3,0.61,0.983,1
32.74,23.94,58.5,70.9,174.1,22,3,0.55,0.923,1
77.12,51.91,37.0,71.8,105.3,23,1,0.74,0.85,1
41.56,87.93,56.84,47.4,74.0,21,4,1.49,0.799,1
17.95,62.57,55.72,64.0,215.8,20,4,2.92,0.788,1
6.0,20.56,40.29,77.9,262.2,0,4,1.22,0.811,0
55.62,66.45,81.42,61.3,120.8,9,5,3.24,0.918,1
95.75,43.45,58.65,48.0,265.2,9,5,1.86,0.847,1
39.33,58.24,41.58,55.0,88.6,21,3,0.24,0.826,1
38.22,71.07,90.79,50.2,138.3,2,6,0.48,0.892,1
37.0,51.35,82.61,46.0,268.4,11,0,1.9,0.935,1
53.41,78.26,93.61,58.1,241.2,11,5,0.55,0.87,1
45.98,69.99,70.38,66.0,116.6,6,5,2.07,0.753,0
86.83,60.36,45.26,43.5,69.1,15,2,1.38,0.858,1
52.01,18.57,37.47,69.0,43.6,19,1,2.54,0.847,1
52.22,80.24,68.07,87.7,298.1,2,5,0.89,0.971,0
17.87,89.23,93.47,86.3,54.0,6,5,3.65,0.949,1
96.39,17.33,65.14,79.8,66.8,21,0,1.18,0.915,0
28.25,48.94,85.53,52.8,106.1,13,2,3.39,0.958,1
11.82,28.3,41.33,41.1,172.6,3,3,0.24,0.93,1
66.67,72.91,47.56,80.0,282.7,9,2,1.2,0.854,1
60.37,69.95,87.5,42.7,109.2,23,6,0.7,0.907,1
43.61,17.68,75.55,49.9,203.9,1,3,1.37,0.993,1
44.26,83.93,93.51,66.1,58.9,21,3,6.07,0.984,1
78.01,21.29,76.98,48.6,178.6,15,5,0.55,0.79,1
23.2,76.75,50.88,80.0,86.8,2,5,0.38,0.93,1
81.28,46.13,57.49,77.3,97.6,14,5,0.32,0.933,1
65.33,34.54,87.04,76.3,147.4,7,0,0.46,0.993,1
43.96,19.24,59.13,79.2,273.6,15,4,0.33,0.995,1
47.6,20.09,35.43,50.5,268.1,10,6,2.51,0.695,1
28.87,64.57,49.85,75.0,162.8,23,4,0.45,0.923,1
74.95,54.54,56.31,57.1,68.0,10,0,0.64,0.89,1
52.7,15.99,22.74,72.0,119.8,10,1,2.27,0.818,1
34.84,15.14,74.5,45.9,191.7,0,3,1.38,0.817,1
60.43,11.51,23.75,73.9,308.2,1,1,0.31,0.904,1
97.6,71.94,47.39,86.7,339.8,19,6,7.26,0.979,0
45.48,69.07,79.37,42.1,234.0,0,3,2.03,0.95,0
90.62,10.26,52.41,44.5,142.2,18,5,2.1,0.847,1
37.09,55.42,82.36,45.9,251.9,19,3,4.03,0.997,1
10.09,12.62,42.35,60.7,137.6,9,5,5.0,0.852,1
23.99,86.34,91.61,54.0,230.2,18,4,0.32,0.979,1
43.94,86.64,31.76,78.7,108.0,20,6,0.34,0.727,1
25.43,67.84,18.06,62.7,115.4,10,4,3.2,0.914,1
5.02,88.36,84.79,63.3,54.1,11,3,2.58,0.791,1
90.1,78.03,75.18,74.4,164.4,9,6,0.69,0.741,1
83.48,79.57,33.56,57.4,227.8,6,6,0.97,0.999,1
74.03,56.27,93.78,57.0,282.4,23,5,2.09,0.798,1
20.61,32.55,55.18,76.3,289.3,7,4,3.31,0.941,1
16.19,24.6,91.09,77.4,347.6,10,4,2.05,0.934,1
11.29,34.45,55.4,40.7,58.1,17,5,3.34,0.98,0
72.33,61.56,52.75,46.9,187.8,15,2,0.72,0.941,1
91.38,20.54,50.93,50.2,196.8,0,6,1.0,0.886,1
45.04,28.28,41.79,56.9,287.5,5,6,0.41,0.969,1
16.08,47.13,57.7,54.0,115.2,16,2,8.57,0.612,0
52.65,25.97,51.2,72.1,52.2,21,5,3.51,0.795,1
37.44,57.98,17.94,79.8,130.4,12,3,2.72,0.791,1
39.86,88.09,35.83,49.2,344.9,22,6,0.63,0.983,1
62.78,72.33,32.05,67.0,317.8,9,4,2.6,0.9,1
71.84,64.98,84.39,57.7,156.5,9,6,4.17,0.967,1
15.29,57.44,62.91,64.3,310.4,0,6,3.53,0.675,1
8.31,48.92,76.09,69.8,40.5,6,2,3.01,0.925,1
97.47,21.79,91.55,82.9,130.5,19,1,1.18,0.898,1
26.64,85.52,66.52,49.2,262.6,8,3,3.11,0.973,1
10.01,27.37,93.61,44.2,100.9,10,3,1.53,0.992,1
22.66,13.22,39.94,70.1,93.5,19,6,1.24,0.833,1
8.62,72.5,29.9,58.9,305.8,1,1,6.89,0.997,0
41.44,20.81,47.26,47.8,227.1,0,3,0.52,0.709,1
79.62,38.47,52.66,45.6,346.5,22,4,4.2,0.985,1
36.74,7.55,86.63,66.8,73.1,11,6,0.98,0.989,1
46.31,17.34,59.8,54.4,144.0,6,2,1.65,0.794,1
67.83,20.59,38.37,87.9,129.6,18,0,1.1,0.915,0
52.33,9.9,74.41,59.5,311.6,4,6,1.6,0.884,1
85.11,64.1,55.47,50.2,111.7,11,2,3.61,0.728,0
85.54,80.33,27.97,70.2,143.1,13,5,0.6,0.918,1
5.92,38.6,61.15,51.7,75.7,6,1,3.01,0.961,1
77.36,83.71,87.91,63.7,278.1,7,0,1.38,0.971,1
47.85,24.2,82.41,63.2,106.1,13,5,5.67,0.905,1
96.96,34.29,61.94,61.8,51.9,11,5,1.78,0.782,1
49.94,18.57,45.17,78.2,169.2,8,4,0.28,0.797,1
96.78,60.85,21.96,50.4,155.3,9,4,5.02,0.848,1
75.17,42.79,52.57,83.4,86.8,9,6,5.37,0.992,1
28.12,60.2,75.17,78.0,72.8,0,6,0.6,0.811,1
55.07,73.55,43.82,56.0,316.9,21,2,7.4,0.883,0
97.27,54.11,33.84,48.7,51.7,5,6,1.38,0.975,1
84.75,61.49,89.51,53.4,61.8,13,3,5.12,0.943,1
14.06,89.17,80.72,56.0,108.4,22,5,1.11,0.797,0
70.69,31.92,66.06,66.7,334.9,8,3,0.25,0.867,1
37.14,37.32,25.94,42.2,57.3,22,1,3.37,0.951,1
5.65,69.59,26.59,83.9,291.1,22,3,4.54,0.822,0
42.52,60.02,23.26,44.7,315.5,11,4,0.56,0.923,1
26.83,21.07,64.3,53.4,150.9,18,0,1.81,0.827,1
81.15,38.85,24.25,45.2,124.0,19,5,3.76,0.96,1
36.37,47.11,82.41,52.3,246.8,21,2,1.44,1.0,1
81.96,42.75,94.44,80.2,254.8,22,6,3.31,0.833,1
5.06,21.04,44.31,69.5,279.6,11,2,2.23,0.989,1
33.63,88.2,51.29,50.9,295.8,12,2,2.75,0.908,1
27.43,73.61,71.93,81.8,115.9,2,3,5.22,0.97,1
26.72,48.32,89.97,78.4,249.8,10,0,1.28,0.749,1
11.34,66.21,86.53,76.2,73.2,1,3,3.15,0.756,0
22.4,85.76,19.61,80.7,193.4,17,3,2.69,0.979,1
56.67,17.26,28.53,69.7,226.1,17,5,1.36,0.982,1
32.1,27.53,75.37,64.1,81.8,23,4,1.16,0.999,1
43.82,53.84,70.11,57.9,54.5,8,5,4.46,0.855,1
40.05,76.91,25.66,50.7,92.3,0,6,0.66,0.721,1
86.46,8.26,55.17,66.8,164.6,15,4,0.97,0.883,1
89.19,93.56,77.47,82.7,314.1,0,5,7.54,0.789,0
50.84,45.94,32.5,68.5,200.2,20,5,0.85,0.925,1
35.7,37.33,84.7,84.1,269.5,19,3,4.32,0.994,1
14.93,31.35,19.24,57.1,85.7,23,5,1.13,0.962,1
93.67,20.69,77.58,73.4,63.9,4,1,1.8,0.962,1
10.6,76.24,64.27,71.1,106.7,16,6,1.22,0.971,1
32.68,90.99,40.22,72.2,130.4,7,6,0.7,0.924,1
32.72,42.23,72.67,71.0,205.4,5,1,2.55,0.732,0
34.8,90.72,77.59,50.6,312.0,0,1,7.0,0.897,1
20.28,79.14,89.71,46.9,166.3,12,5,4.67,0.961,1
77.83,48.29,44.42,87.0,196.0,17,3,8.64,0.905,0
16.39,65.66,69.88,42.2,31.5,3,6,2.55,0.53,0
64.05,44.15,63.21,62.5,40.7,14,0,0.27,0.894,1
16.52,55.29,57.02,60.4,56.8,13,1,1.82,0.969,1
11.56,10.22,86.23,57.3,253.7,15,4,2.15,0.972,1
89.58,67.66,15.25,77.5,185.6,4,2,0.46,0.767,0
22.68,9.75,37.57,75.8,91.7,0,2,3.73,0.935,1
81.38,78.54,58.06,83.5,219.6,22,3,2.82,0.945,1
55.65,79.25,29.26,59.0,204.3,3,2,1.39,0.897,1
12.24,26.34,87.63,67.1,58.4,16,6,0.89,0.765,1
93.86,34.13,66.81,82.8,234.9,5,3,0.7,0.978,1
27.97,48.32,53.23,87.7,275.5,3,2,6.87,0.911,0
84.95,58.7,80.18,86.5,121.7,6,0,3.44,0.941,0
20.7,30.86,51.07,74.5,250.0,0,0,2.56,0.865,1
84.42,58.32,59.69,46.9,93.9,9,0,6.13,0.911,1
6.23,31.8,15.22,41.1,272.2,12,0,0.66,0.986,1
52.6,9.99,44.26,79.6,321.8,8,1,4.1,0.972,1
76.56,5.23,26.1,80.4,171.4,13,6,1.95,0.918,1
91.94,14.1,70.18,75.8,108.3,0,4,5.61,0.864,0
89.56,76.3,53.32,53.4,157.7,8,0,2.36,0.71,1
81.23,91.53,39.14,70.7,110.0,5,5,2.91,0.907,1
87.6,43.43,52.43,55.2,30.4,9,1,0.7,0.83,1
23.53,51.14,31.77,61.6,238.1,10,3,1.05,0.88,1
31.43,18.22,89.01,58.4,43.6,6,2,0.92,0.881,1
31.87,54.59,19.32,83.9,97.3,19,2,2.57,0.987,1
40.07,18.02,84.23,51.2,261.2,21,1,1.26,0.928,1
41.58,60.01,55.91,67.7,243.0,11,5,4.13,0.983,1
55.64,88.99,64.52,57.3,53.5,21,5,0.68,0.984,1
19.87,22.61,39.21,71.8,241.2,11,2,3.38,0.938,1
69.29,73.81,92.34,67.1,327.8,13,5,3.56,0.73,1
20.58,7.12,37.55,84.4,53.8,9,0,2.18,0.732,1
33.86,38.79,62.11,44.9,163.0,15,6,0.52,0.516,1
51.81,14.97,94.47,50.6,263.4,21,2,0.99,0.947,1
79.07,36.72,85.49,76.8,243.7,3,0,1.21,0.921,1
73.77,20.62,57.91,57.7,102.5,22,0,1.45,0.817,0
65.03,38.6,94.23,48.0,82.2,13,2,2.87,0.953,1
19.49,42.58,71.11,64.2,281.0,1,6,1.03,0.897,1
55.88,32.05,31.7,71.3,336.0,1,1,0.24,0.863,1
13.13,64.1,47.45,42.2,275.6,10,3,4.22,0.959,1
40.09,87.7,41.76,54.0,338.2,10,1,1.33,0.997,1
43.46,41.05,42.52,78.9,223.6,5,4,0.87,0.914,1
8.7,22.31,75.84,65.0,327.3,2,4,3.62,0.699,1
30.48,29.37,61.74,41.7,250.9,22,0,4.42,0.891,1
93.88,81.86,18.05,53.5,320.8,8,0,2.83,0.93,0
93.69,56.45,85.2,70.7,81.7,2,1,1.07,0.825,1
37.77,45.95,38.74,49.6,291.0,0,6,0.73,0.73,1
9.01,18.47,94.77,79.7,93.0,1,1,2.7,0.992,0
21.66,45.48,91.34,72.5,38.8,14,0,0.32,0.979,1
41.48,30.06,90.24,62.6,195.6,10,5,1.19,0.799,1
93.14,89.88,79.89,83.9,131.8,7,3,3.04,0.96,1
18.13,84.57,32.65,58.8,43.9,15,3,1.96,0.673,0
76.01,12.55,57.61,51.3,343.7,22,4,2.85,0.8,0
15.11,51.5,32.94,71.7,243.3,16,5,1.9,0.706,1
96.26,25.26,35.77,67.5,318.6,2,3,0.75,0.87,1
40.49,41.97,63.88,56.1,349.7,7,2,1.52,0.84,1
77.1,83.92,18.27,56.5,155.4,6,0,3.17,0.878,1
36.86,52.48,92.56,59.1,111.5,20,1,0.72,0.829,1
63.37,35.08,88.49,54.0,88.8,2,0,6.79,0.914,1
22.86,23.71,45.46,74.1,194.9,6,2,0.65,0.926,1
18.58,77.03,56.23,71.3,223.9,4,3,0.23,0.918,1
92.24,61.21,52.29,61.2,181.2,0,0,3.21,0.939,1
90.34,47.13,85.58,59.1,153.9,4,2,5.47,0.941,1
87.53,24.57,70.09,57.5,83.8,2,5,0.77,0.992,1
63.17,35.08,37.25,53.6,171.4,17,3,0.54,0.963,1
80.17,91.39,50.75,44.1,57.3,18,6,0.71,0.874,0
11.42,51.81,49.32,52.9,306.8,9,4,2.18,0.984,1
36.14,41.06,91.75,55.4,45.0,3,5,1.93,0.982,1
34.17,51.93,29.02,66.3,151.8,12,4,2.14,0.917,1
64.12,75.11,22.17,77.1,62.0,0,4,0.22,0.991,1
38.1,35.61,85.45,59.0,278.0,3,5,0.54,0.74,1
18.81,21.08,86.73,85.3,130.1,8,2,0.76,0.869,0
60.47,57.64,84.74,79.7,66.2,16,2,2.59,0.968,1
80.74,64.87,55.88,87.3,200.1,10,1,2.08,0.974,1
40.54,69.14,67.78,82.1,323.2,6,1,2.16,0.983,1
17.3,84.38,60.07,69.6,320.8,23,4,1.89,0.933,1
23.29,38.41,20.56,68.7,109.9,6,0,2.93,0.919,0
27.09,11.78,62.67,46.2,260.3,12,3,5.88,0.973,0
32.89,91.25,16.09,74.7,39.7,18,1,2.44,0.881,0
64.78,44.15,41.0,68.8,72.2,16,3,2.93,0.983,1
60.89,61.09,89.58,64.3,189.8,17,5,2.07,0.96,0
69.74,64.97,39.32,73.3,103.2,12,0,3.4,0.99,1
38.71,54.19,90.19,61.3,285.4,16,4,5.93,0.908,1
81.63,23.47,35.01,65.1,327.9,17,6,2.06,0.977,1
23.98,72.96,40.16,59.1,31.4,20,3,0.6,0.907,0
48.62,77.34,65.27,74.4,104.5,19,5,3.14,0.935,1
79.49,54.77,75.93,82.1,170.7,1,4,2.3,0.873,1
21.75,48.97,55.11,80.4,210.2,18,6,5.62,0.989,1
15.22,15.25,85.57,77.7,323.1,14,3,0.84,0.98,1
87.18,12.56,18.22,40.7,315.4,8,0,7.22,0.78,0
36.89,35.56,88.78,83.8,233.9,13,1,1.81,0.927,1
68.6,32.98,30.7,53.2,112.4,18,2,6.85,0.914,1
7.36,90.83,85.74,82.6,280.7,7,4,3.27,0.711,0
69.17,75.53,47.07,49.5,94.8,11,1,4.22,0.963,1
34.4,64.39,81.62,61.1,338.9,16,3,0.98,0.976,1
10.18,51.59,68.73,76.0,31.9,11,5,0.7,0.803,0
61.71,20.06,29.08,70.7,212.3,14,5,2.16,0.945,1
27.39,93.06,88.44,60.0,58.3,4,1,1.14,0.946,1
40.97,38.75,34.64,72.6,160.4,1,2,8.72,0.889,1
12.49,14.62,34.53,66.3,233.2,19,4,1.57,0.751,1
18.69,49.44,80.13,53.2,250.7,17,4,0.43,0.995,1
32.71,83.66,23.47,71.0,281.4,2,1,1.58,0.836,1
13.35,84.86,32.76,49.8,219.9,4,0,1.73,0.946,1
89.71,5.99,55.29,73.3,110.4,1,3,0.21,0.961,1
5.56,84.77,81.44,40.1,314.6,8,1,0.76,0.995,1
50.0,29.43,26.8,66.3,289.6,23,0,0.2,0.945,1
16.46,8.51,58.81,59.3,81.2,4,4,1.85,0.888,1
33.61,81.3,71.9,54.5,294.5,16,3,0.89,0.965,1
91.12,82.75,83.85,64.8,341.2,20,4,0.58,0.962,1
20.04,58.66,89.85,71.0,233.9,19,2,3.85,0.745,1
94.82,56.7,77.77,86.3,120.2,14,5,0.26,0.989,1
24.14,78.18,67.23,80.0,224.1,12,6,2.55,0.863,1
73.97,75.77,49.69,74.4,139.6,8,0,1.9,0.913,1
55.84,85.11,23.97,63.0,246.3,1,2,3.15,0.864,1
87.26,54.75,71.78,58.8,204.3,22,2,0.48,0.774,1
56.52,92.09,94.42,41.6,327.4,1,2,4.3,0.975,1
54.71,94.65,73.94,57.2,227.7,10,0,0.98,0.942,1
23.18,15.49,16.34,80.7,98.5,2,3,0.22,0.872,1
20.46,81.46,54.7,58.4,262.0,2,6,2.34,0.918,1
90.23,49.98,64.17,62.2,126.3,9,4,4.12,0.852,1
35.49,39.88,70.17,53.0,117.2,23,3,1.07,0.865,1
39.6,60.18,72.58,53.2,155.4,1,5,1.7,0.949,1
75.66,10.04,59.65,43.0,33.8,0,3,1.26,0.813,1
36.51,50.58,32.87,69.5,340.1,5,3,0.29,0.9,1
93.54,83.38,90.38,61.5,200.3,5,4,3.0,0.877,0
73.63,24.21,70.73,69.1,277.5,10,4,5.88,0.96,1
60.56,43.38,33.95,66.3,112.5,15,0,1.29,0.898,1
86.92,89.55,40.79,78.3,268.9,0,5,0.51,0.978,1
9.61,43.57,88.75,76.0,211.5,4,1,1.61,0.805,1
28.91,37.25,86.0,77.0,165.7,9,4,4.9,0.824,0
48.25,44.65,47.41,64.0,340.6,20,4,2.06,0.947,1
26.11,51.75,18.06,57.0,188.0,22,5,0.68,0.977,1
74.18,61.88,18.88,84.8,240.4,5,1,1.81,0.913,0
90.49,77.06,37.71,42.6,34.9,10,4,0.99,0.991,1
44.41,45.69,65.33,47.3,126.5,15,3,0.25,0.985,1
36.82,78.57,61.74,60.1,314.4,19,5,5.1,0.993,0
94.42,53.03,65.71,69.5,272.9,12,4,3.36,0.963,1
46.37,35.46,72.38,40.4,201.8,11,0,5.36,0.931,1
50.48,64.22,16.52,74.5,318.1,17,4,2.5,0.956,1
37.7,69.6,23.41,66.8,185.6,12,1,1.39,0.979,1
89.59,55.22,43.76,63.3,211.3,4,3,1.56,0.984,1
57.91,10.1,27.39,60.3,152.3,12,1,0.66,0.941,1
75.88,20.29,21.03,64.9,228.4,12,5,1.18,0.945,1
80.5,30.68,66.28,47.8,132.1,18,4,0.56,0.711,0
36.79,30.44,80.23,45.2,153.4,18,4,1.48,0.934,1
45.33,65.61,75.21,53.9,339.2,12,6,2.28,0.984,1
83.91,6.65,80.36,74.1,65.6,10,0,0.79,0.922,1
38.78,73.01,68.27,68.2,63.7,15,3,5.96,0.565,1
78.84,28.88,73.83,63.0,43.9,22,4,2.28,0.988,1
92.51,32.9,36.74,67.4,132.4,13,6,0.7,0.867,1
62.96,52.51,94.44,66.8,157.4,9,0,0.57,0.724,1
73.97,24.43,29.65,54.7,60.2,1,0,0.57,0.935,1
79.87,84.6,32.16,44.7,205.7,7,1,7.49,0.922,0
83.59,12.68,38.11,83.0,216.7,22,3,0.74,0.936,1
41.74,44.99,93.03,68.8,270.3,7,2,0.57,0.947,1
9.77,81.45,94.06,73.5,342.3,21,5,0.56,0.926,1
42.37,60.43,78.59,62.3,228.2,20,6,1.04,0.93,1
67.66,31.31,65.32,76.3,65.7,19,0,2.11,0.828,1
46.88,42.87,56.61,68.1,58.3,13,2,0.36,0.965,1
74.65,68.6,92.65,42.6,278.8,23,1,0.55,0.704,1
38.2,92.59,70.65,82.7,238.1,13,0,7.7,0.952,1
64.03,85.38,90.58,54.7,81.8,17,5,2.12,0.911,1
22.34,35.82,40.32,46.6,111.1,14,3,0.5,0.852,1
74.69,94.84,41.7,44.2,270.1,21,2,1.8,0.973,1
55.75,5.32,83.38,74.6,211.2,15,3,0.75,0.992,1
23.98,7.49,26.99,73.8,217.2,13,2,7.47,0.835,1
32.15,79.15,90.67,73.6,97.2,9,6,1.18,0.979,1
74.62,22.95,55.6,84.0,231.3,21,1,0.51,0.711,1
49.88,10.47,89.11,56.7,276.6,20,0,2.1,0.956,0
25.09,26.34,41.94,66.9,313.3,1,0,0.5,0.971,1
94.96,43.35,72.28,69.7,265.7,4,1,1.66,0.846,1
71.51,70.75,53.63,87.0,214.4,2,5,4.02,0.948,1
94.01,61.19,65.14,55.0,245.4,22,5,1.05,0.988,1
44.72,26.39,55.35,85.9,185.2,6,4,1.5,0.984,0
49.18,50.29,92.37,47.1,102.6,23,2,0.43,0.959,1
88.51,88.36,70.37,76.7,312.3,11,5,2.28,0.861,1
53.83,78.35,35.11,70.4,200.4,9,5,0.44,0.977,1
70.78,34.09,87.77,79.2,220.2,10,2,0.99,0.996,1
28.45,93.4,38.52,41.4,346.8,16,4,3.88,0.971,0
46.55,68.78,44.73,43.8,345.2,3,1,0.52,0.973,1
16.48,10.62,23.17,43.3,217.6,5,3,3.87,0.947,1
24.16,8.16,87.0,68.5,40.9,6,3,2.19,0.988,1
5.09,20.16,37.89,68.9,156.8,4,1,0.5,0.943,1
8.65,70.51,35.71,83.5,329.9,5,3,0.57,0.94,1
95.89,21.54,88.62,62.4,122.3,16,1,2.38,0.971,1
27.54,51.03,79.44,43.3,349.8,13,2,2.81,0.945,1
66.69,13.39,26.29,50.1,57.0,10,6,2.33,0.923,1
83.04,87.88,76.55,40.4,211.8,4,2,2.7,0.697,0
56.21,35.96,88.04,77.3,194.9,1,6,1.1,0.992,1
19.24,86.73,21.28,79.1,111.7,13,4,0.2,0.999,1
72.71,90.04,81.02,87.9,333.6,15,6,1.71,0.978,1
60.82,5.55,58.79,59.8,228.1,1,5,2.01,0.86,1
73.01,46.77,68.54,40.9,103.7,16,1,2.53,0.869,1
76.59,7.22,54.43,51.3,152.9,15,5,0.73,0.923,1
95.71,86.78,70.82,68.2,260.8,8,3,0.57,0.723,1
58.34,51.66,17.73,86.2,125.3,19,1,3.75,0.785,0
36.77,11.74,76.02,45.0,311.5,19,0,3.88,0.525,0
65.31,14.92,17.67,45.8,83.0,8,4,8.98,0.989,1
11.36,39.52,51.42,73.7,114.6,4,0,1.03,0.931,1
88.46,89.62,27.08,72.0,76.4,3,4,0.32,0.956,0
16.1,67.36,80.89,52.0,63.3,6,4,1.49,0.905,1
35.49,83.09,40.09,79.0,126.1,4,4,1.51,0.779,1
80.86,37.98,51.33,46.2,349.7,23,6,0.27,0.926,1
60.55,8.89,49.3,84.4,60.2,2,0,1.91,0.929,0
41.61,92.69,76.8,49.6,98.2,7,4,0.8,0.911,1
49.03,6.55,53.49,43.9,116.9,15,1,0.45,0.965,0
84.47,90.29,78.12,56.3,228.1,5,1,2.06,0.922,0
36.62,38.18,20.88,49.0,268.5,8,0,0.86,0.984,1
85.88,5.91,30.33,65.3,270.6,21,6,1.85,0.95,1
13.2,67.02,59.12,73.0,32.8,19,6,0.23,0.924,1
77.24,93.25,90.77,63.6,238.6,17,2,1.11,0.981,1
83.82,91.91,20.98,71.7,231.8,10,2,4.21,0.976,1
21.91,19.48,18.45,57.5,195.6,18,0,2.3,0.941,1
45.02,21.31,27.52,41.3,151.3,6,6,4.24,0.989,1
20.39,55.9,66.29,86.8,285.2,9,4,2.9,0.99,1
70.71,62.36,46.92,79.3,140.0,4,4,2.74,0.983,1
54.79,71.55,81.04,43.5,103.6,6,4,4.28,0.694,0
64.09,21.29,20.75,61.6,129.2,22,0,0.24,0.868,1
23.27,91.31,30.71,70.5,170.7,5,4,1.29,0.916,1
24.69,62.49,39.0,49.1,98.5,17,1,6.66,0.984,1
8.86,81.23,65.14,67.7,224.4,20,4,0.59,0.86,1
34.95,53.61,69.81,65.6,312.9,14,0,2.32,0.817,1
57.06,42.28,24.94,50.0,220.5,9,4,3.32,0.963,1
84.79,92.95,90.5,46.8,172.9,5,1,5.62,0.938,1
67.02,57.39,42.28,76.4,285.0,23,5,4.31,0.914,1
45.49,83.02,72.05,55.5,269.4,0,0,2.46,0.847,1
93.64,90.8,56.94,51.7,147.5,9,2,2.68,0.887,1
71.89,65.78,32.82,75.4,223.3,22,0,1.04,0.848,1
91.51,54.4,82.7,75.3,263.5,14,3,0.71,0.987,1
54.07,5.32,80.46,53.3,108.5,13,2,6.57,0.966,0
29.08,8.6,46.69,81.9,147.2,15,2,7.62,0.957,1
9.91,23.08,62.09,73.0,63.8,4,0,1.31,0.825,1
72.53,21.74,35.63,56.6,346.1,13,3,1.26,0.835,1
16.28,27.93,70.19,60.5,57.5,15,2,1.4,0.748,1
33.16,32.44,39.72,74.9,84.0,13,5,1.44,0.698,1
54.52,37.41,82.53,50.2,183.5,6,4,3.89,0.881,1
57.49,42.85,32.39,62.5,306.9,18,3,1.33,0.927,1
60.85,13.9,16.18,71.4,143.9,3,3,4.48,0.965,1
20.46,8.81,36.48,65.9,276.0,17,5,2.58,0.855,0
40.32,65.66,30.28,69.2,246.3,21,5,6.93,0.911,0
62.4,53.36,55.66,66.2,234.4,20,0,2.45,0.995,1
95.19,44.97,31.3,49.6,300.4,14,0,1.26,0.947,1
72.67,62.1,76.06,59.7,34.5,16,0,5.2,0.853,0
90.8,79.49,34.31,65.5,327.3,0,3,0.72,0.903,1
75.89,43.49,71.56,77.4,295.4,23,1,6.9,0.936,1
60.03,62.7,61.28,71.4,330.1,14,0,0.29,0.994,1
22.86,90.82,93.9,60.5,283.9,15,1,2.25,0.892,1
67.0,80.57,94.99,86.8,311.1,23,2,0.24,0.705,1
62.97,43.34,84.56,45.2,95.0,21,4,0.66,0.991,1
61.03,63.02,75.8,49.9,132.2,10,5,1.45,0.96,1
50.55,20.94,45.92,56.4,130.9,8,4,0.54,0.992,1
54.17,55.45,75.26,51.0,64.9,16,1,9.19,0.914,1
36.1,93.32,91.53,70.0,263.5,14,5,3.17,0.949,1
53.3,51.65,16.87,41.9,73.6,7,3,4.01,0.988,1
23.37,88.49,58.03,48.5,46.8,17,6,7.93,0.946,1
79.88,41.66,32.44,54.1,278.1,7,4,2.45,0.933,1
22.28,94.9,59.63,72.8,319.5,2,1,0.82,0.92,1
12.9,57.13,52.32,82.0,274.5,21,0,3.03,0.913,1
45.57,8.8,61.06,78.3,294.1,22,1,1.96,0.963,1
66.22,57.81,59.08,48.7,220.6,18,2,0.82,0.913,1
45.71,29.71,91.81,67.1,314.1,13,5,1.12,0.998,1
30.74,7.92,59.17,41.4,188.9,1,1,2.07,0.677,0
56.91,78.88,82.7,54.9,346.3,0,0,1.21,0.802,1
37.27,29.82,40.59,78.7,63.1,4,6,0.74,0.943,1
91.76,76.69,50.05,61.9,288.9,16,1,1.32,0.954,1
90.81,30.94,52.63,47.2,235.2,0,0,0.73,0.943,0
51.72,22.49,37.3,61.1,215.8,20,5,4.36,0.984,1
35.49,92.65,45.38,49.5,262.3,15,0,2.57,0.973,1
73.55,37.55,62.88,58.9,298.9,2,2,1.14,0.953,0
8.41,59.12,61.42,63.4,306.1,9,2,6.02,0.929,1
49.15,59.9,65.91,56.8,86.1,18,4,1.19,0.9,0
36.28,55.44,43.15,85.0,93.1,10,6,1.91,0.834,1
90.61,87.32,40.27,67.0,35.2,22,0,1.63,0.921,0
6.12,65.7,63.93,80.5,72.2,2,0,0.46,0.802,1
56.41,41.34,25.63,76.5,114.4,1,6,1.3,0.904,1
73.88,82.61,35.24,71.7,260.7,2,6,0.36,0.947,1
50.11,21.3,18.37,63.9,182.2,14,0,0.57,0.714,1
12.94,53.98,20.81,40.1,272.5,19,4,3.3,0.982,1
95.44,90.55,34.47,69.4,185.7,8,3,0.92,0.894,1
53.17,61.29,16.56,57.1,207.8,14,2,0.39,0.928,1
62.12,78.53,34.63,45.7,65.5,1,2,2.74,0.862,1
27.0,63.82,67.4,61.3,278.5,5,0,3.44,0.973,1
49.97,80.54,19.89,75.3,272.6,4,4,1.93,0.981,1
44.91,90.0,49.94,86.2,128.4,5,0,5.14,0.953,1
11.97,29.56,88.05,58.0,135.1,4,2,3.99,0.992,1
14.87,20.27,78.3,66.1,100.3,21,5,1.81,0.813,1
82.88,48.56,39.44,80.9,290.4,11,4,2.87,0.965,1
27.3,68.17,88.98,56.0,269.0,3,1,1.0,0.966,1
23.13,25.45,41.37,46.8,224.9,23,2,2.22,0.883,1
51.96,5.37,20.8,53.5,106.4,22,1,7.74,0.931,1
76.49,35.86,94.52,83.2,85.0,13,3,3.42,0.921,0
10.76,92.2,84.6,47.7,46.1,13,1,1.14,0.971,1
58.64,67.55,52.27,55.8,44.6,10,4,5.59,0.967,1
16.09,41.12,68.31,62.3,89.9,0,1,3.69,0.885,0
8.39,22.33,68.7,80.7,62.2,20,3,0.28,0.967,1
9.91,37.05,30.56,85.0,208.0,22,2,2.94,0.998,1
82.58,20.29,31.0,60.4,144.6,4,3,7.69,0.939,1
15.97,14.57,52.57,84.7,172.4,4,4,0.96,0.909,0
9.2,86.61,87.93,47.8,220.1,11,5,0.84,0.959,1
45.72,94.79,15.8,47.5,240.9,4,5,2.24,0.963,1
83.49,19.77,77.6,85.6,237.4,20,1,0.43,0.879,1
29.4,9.91,19.6,64.5,113.5,12,1,2.45,0.987,1
44.22,34.68,53.26,48.9,289.1,10,4,0.71,0.959,1
8.71,46.55,66.03,63.4,323.7,20,0,1.4,0.802,1
46.76,23.43,69.94,77.6,131.1,0,4,4.65,0.93,1
58.72,32.13,19.68,79.7,35.5,11,6,3.39,0.965,1
58.09,23.08,48.49,81.5,317.7,5,6,0.43,0.901,0
35.92,74.68,61.71,67.3,325.5,10,4,3.07,0.963,1
34.34,69.13,20.28,81.6,46.3,11,3,1.26,0.871,0
14.92,62.15,25.81,64.5,31.6,5,3,10.58,0.956,1
39.11,39.85,68.09,69.1,291.2,23,4,0.91,0.944,1
14.25,86.81,56.73,76.4,126.5,4,2,1.47,0.996,1
76.29,92.26,27.95,60.4,322.7,17,1,1.03,0.975,1
94.86,20.63,57.82,43.5,99.4,15,4,1.96,0.882,1
95.22,25.07,88.02,56.8,305.6,12,0,0.82,0.961,1
85.45,52.31,16.25,69.9,52.0,6,1,5.08,0.884,1
60.87,13.21,66.41,49.2,113.4,13,6,2.12,0.859,0
70.18,44.28,20.89,47.1,341.4,0,2,5.92,0.986,1
31.52,57.36,15.52,54.1,104.0,20,4,2.48,0.88,0
63.66,51.99,27.05,41.5,72.6,20,5,0.61,0.915,1
47.38,34.78,48.83,75.7,304.3,11,2,0.23,0.987,1
49.83,53.82,79.19,52.4,67.7,2,5,1.25,0.855,1
75.47,91.29,37.54,46.0,61.2,17,1,10.28,0.851,1
31.22,23.54,65.05,73.6,133.5,10,0,4.39,0.909,0
34.58,63.93,47.89,80.5,233.3,19,1,3.95,0.991,1
90.99,8.91,33.75,41.0,257.4,6,5,1.88,0.905,1
10.23,10.98,56.14,51.2,312.0,9,5,0.4,0.812,1
50.16,54.66,78.8,85.4,203.1,18,1,0.23,0.995,1
89.89,14.44,81.6,58.5,155.9,12,5,3.85,0.864,1
61.76,7.01,82.72,85.1,144.8,13,4,0.59,0.818,0
55.82,20.44,42.08,53.2,301.0,14,6,0.36,0.989,1
28.23,55.84,78.48,50.5,261.6,5,6,2.67,0.92,1
36.92,68.3,31.97,50.3,319.7,6,1,0.2,0.971,1
84.24,23.22,74.07,44.1,338.5,12,4,2.9,0.961,1
57.01,65.14,90.87,83.0,126.0,15,4,0.63,0.934,0
52.87,21.42,16.1,87.0,199.5,14,5,0.98,0.866,0
14.26,60.21,50.23,85.8,232.2,17,5,0.58,0.908,1
6.49,42.08,66.82,80.9,82.4,2,6,3.2,0.888,1
94.62,63.84,71.14,80.7,47.1,15,6,1.53,0.954,1
40.06,94.55,29.09,71.7,307.7,0,2,0.56,0.997,1
61.1,89.4,92.77,79.7,201.4,23,5,0.28,0.952,1
12.41,5.39,64.22,50.0,212.6,0,6,8.84,0.931,1
68.53,84.69,28.15,58.6,207.6,18,0,2.71,0.956,0
91.73,10.98,16.64,70.8,271.6,5,4,2.48,0.981,1
58.54,90.77,77.66,82.0,76.6,10,3,1.6,0.928,0
16.73,30.36,21.38,71.7,226.5,23,5,1.34,0.997,1
59.1,39.38,26.28,80.3,180.2,6,5,3.38,0.959,1
76.27,13.25,60.99,62.7,317.0,2,2,3.7,0.551,0
42.8,15.1,63.28,74.4,196.3,5,4,0.33,0.885,1
86.82,70.41,69.95,87.0,331.7,0,6,4.12,0.798,1
65.33,89.99,46.48,47.4,143.0,7,4,3.07,0.963,0
88.63,59.97,76.91,84.5,339.4,13,2,1.53,0.993,1
62.99,69.43,92.95,65.1,310.1,3,1,1.49,0.926,1
17.21,73.58,36.69,70.9,217.0,3,4,3.8,0.894,1
33.8,28.65,71.24,82.1,143.2,22,0,3.36,0.936,0
23.77,9.07,89.28,59.7,150.3,22,4,0.5,0.922,1
89.52,5.17,69.9,60.1,277.3,15,2,1.79,0.967,1
75.72,36.56,69.49,65.3,215.8,10,3,7.17,0.973,1
67.91,26.73,32.9,40.9,158.5,21,2,2.86,0.98,1
32.99,10.61,57.81,63.8,233.5,6,2,7.42,0.933,1
22.12,21.16,60.0,54.0,264.6,0,0,3.19,0.941,1
75.35,16.2,71.01,84.5,37.3,8,1,1.69,0.936,1
49.1,87.34,94.75,44.2,58.8,5,6,2.06,0.958,1
26.0,17.62,17.69,62.0,60.2,23,0,2.67,0.982,1
62.35,53.39,20.22,85.5,104.2,12,6,2.81,0.562,1
8.75,58.38,21.24,83.2,166.6,20,0,2.95,0.943,0
35.33,53.91,74.44,73.7,287.2,11,4,5.53,0.892,1
48.58,13.92,25.91,68.3,142.4,22,3,0.94,0.947,1
18.76,33.69,64.8,53.5,35.6,18,2,3.74,0.899,1
96.57,9.61,40.97,57.6,184.7,16,0,1.89,0.955,1
24.45,40.61,51.59,44.3,348.9,22,6,4.53,0.808,0
17.12,21.97,32.25,77.7,141.7,20,0,2.19,0.985,1
23.93,55.55,84.29,55.5,337.6,0,5,5.67,0.573,1
76.52,67.35,61.89,72.1,62.4,8,1,1.3,0.938,1
44.57,52.89,90.57,57.2,85.4,21,1,0.41,0.96,1
57.58,44.08,60.97,62.3,261.7,22,5,2.27,0.943,1
6.95,39.86,24.91,66.6,190.4,7,3,3.18,0.717,0
8.2,80.75,28.67,78.5,274.8,1,2,2.55,0.87,1
46.46,24.74,94.13,50.1,306.3,17,0,2.78,0.967,1
80.95,71.08,73.05,59.1,110.3,3,4,0.26,0.9,1
87.33,73.17,18.94,46.2,248.5,0,5,6.9,0.917,1
13.06,42.73,71.3,43.6,224.4,23,1,0.81,0.963,1
55.07,31.76,47.97,69.0,305.7,20,0,1.27,0.985,1
89.93,47.35,39.58,49.1,167.6,11,4,1.28,0.995,1
41.08,13.39,27.32,42.9,46.6,15,0,4.95,0.808,0
82.15,9.13,82.19,83.1,213.7,22,3,2.92,0.927,1
17.43,15.04,20.11,65.6,336.8,17,5,2.14,0.979,1
91.99,21.84,38.19,46.5,34.7,4,3,0.46,0.979,1
74.88,50.38,39.51,42.6,106.9,15,4,0.98,0.99,1
92.54,81.42,27.87,45.8,131.1,8,1,1.55,0.913,1
67.93,26.21,55.65,62.6,275.1,8,5,0.44,0.993,1
38.8,89.16,15.94,72.1,133.4,1,3,1.89,0.98,1
92.25,90.94,39.08,70.8,106.5,13,1,0.68,0.767,0
30.63,91.3,89.69,46.9,237.5,10,4,3.68,1.0,0
35.89,80.38,39.84,70.4,44.8,1,5,3.73,0.952,1
70.18,37.74,43.84,59.4,84.6,15,6,2.03,0.994,1
76.17,11.54,52.85,62.3,160.6,20,4,1.09,0.935,1
91.43,56.19,59.94,78.5,143.8,18,0,0.29,0.909,1
24.05,55.28,79.7,56.0,141.1,12,4,2.18,0.984,1
79.21,81.5,30.23,47.1,64.7,16,0,3.27,0.833,0
73.68,94.64,84.74,81.9,145.5,0,1,3.33,0.898,0
10.93,50.73,75.6,50.2,285.4,20,6,1.53,0.981,1
41.01,36.07,72.81,54.1,162.4,18,5,0.5,0.954,1
31.3,21.73,21.94,73.9,217.6,15,6,0.33,0.913,1
33.32,5.43,16.73,72.8,82.3,12,0,0.31,0.998,1
96.41,50.82,62.52,78.4,52.3,18,5,0.77,0.951,1
64.78,55.0,84.05,48.8,311.6,2,1,0.51,0.957,1
71.74,79.24,61.76,56.9,136.0,2,3,0.57,0.992,1
95.83,50.41,32.06,46.0,142.1,0,1,2.6,0.897,1
40.08,87.48,22.24,66.0,310.9,2,6,0.6,0.888,1
79.57,61.53,70.97,54.0,256.5,15,2,2.56,0.993,1
45.41,80.63,72.74,73.1,272.0,20,0,1.07,0.868,1
85.87,18.35,28.8,40.0,248.2,7,3,3.18,0.947,1
21.8,81.98,17.26,42.9,63.9,22,1,0.55,0.864,0
93.13,65.76,47.66,60.8,336.6,15,4,0.25,0.893,1
25.35,20.32,61.62,86.0,320.9,12,6,0.39,0.963,1
35.34,22.08,71.48,82.8,105.6,12,0,6.97,0.946,0
75.33,88.39,79.8,87.7,287.3,10,1,1.74,0.963,0
41.62,7.9,63.84,60.0,161.0,3,3,2.07,0.979,1
61.56,46.63,23.87,42.2,248.8,3,5,7.02,0.825,0
46.35,33.21,69.61,54.7,83.0,14,6,3.19,0.787,1
74.04,64.86,93.73,72.4,202.3,3,6,0.44,0.576,0
26.23,80.57,87.45,46.5,70.5,7,4,1.3,0.705,0
10.44,37.43,84.73,54.4,201.6,23,5,3.65,0.735,1
32.89,43.42,39.17,42.7,108.0,1,0,2.39,0.984,1
49.11,93.37,75.06,62.8,174.8,14,6,0.69,0.917,1
20.63,75.55,83.09,50.0,243.8,22,3,3.48,0.672,1
38.0,85.75,69.27,44.4,310.7,13,6,1.84,0.845,1
42.2,44.49,35.04,59.7,82.9,20,4,3.31,0.946,1
10.34,26.07,91.31,56.9,315.8,1,5,2.17,0.873,1
59.25,42.07,51.07,65.8,154.8,2,2,1.44,0.962,1
87.24,69.45,25.38,76.0,300.0,10,4,2.81,0.974,1
19.11,14.85,23.78,45.4,194.0,6,5,4.21,0.568,1
60.6,29.34,66.8,78.0,305.9,15,0,1.45,0.994,1
66.82,9.2,50.02,41.3,242.1,21,2,0.26,0.892,0
44.0,43.91,22.56,61.3,192.8,21,1,2.0,0.997,1
70.2,79.47,74.23,68.2,130.0,6,2,0.39,0.897,1
43.2,7.22,78.95,85.9,340.1,21,2,0.98,0.999,1
51.93,65.78,73.03,67.5,286.3,10,2,1.8,0.977,1
5.68,88.92,31.18,47.6,152.0,1,6,1.05,0.737,0
69.33,26.32,70.18,64.8,83.4,7,6,0.86,0.739,1
66.5,67.43,15.86,59.0,279.5,6,4,0.24,0.952,1
8.57,92.76,39.41,63.0,346.8,5,2,0.83,0.649,1
39.25,91.61,46.91,49.5,119.3,15,2,1.17,0.939,1
96.05,26.14,81.82,64.0,323.1,20,6,0.89,0.708,1
44.13,14.03,46.23,47.2,70.1,10,1,2.18,0.997,1
51.68,18.35,15.9,75.7,334.7,21,2,2.39,0.701,1
89.62,68.18,43.19,68.5,268.5,2,5,3.23,0.985,1
71.71,70.32,54.91,43.8,140.9,17,4,0.61,0.901,1
59.13,65.68,90.92,82.7,127.5,8,3,2.13,0.939,0
79.2,35.25,90.28,69.6,235.9,16,6,1.32,0.963,1
85.39,20.28,29.47,55.2,219.9,1,3,0.98,0.95,1
47.49,57.27,29.81,42.2,324.1,9,4,1.52,0.805,1
49.19,48.53,28.07,70.3,275.2,9,4,1.51,0.95,1
40.9,70.6,78.11,57.9,202.9,16,2,2.24,0.952,1
94.9,44.72,15.48,83.6,326.8,7,4,1.84,0.602,1
69.84,35.48,25.17,41.7,219.7,19,2,2.2,0.754,0
12.74,31.41,58.04,41.9,301.9,5,0,8.07,0.64,0
85.26,24.03,34.8,85.6,299.1,10,1,3.53,0.903,0
49.69,28.92,22.39,86.3,324.1,4,1,0.89,0.759,0
11.39,13.53,43.79,41.3,51.6,23,1,1.72,0.756,0
56.12,36.22,36.94,74.4,216.8,9,6,0.72,0.866,1
43.8,8.29,55.89,50.6,179.9,22,0,1.66,0.917,1
86.63,21.78,93.34,73.7,187.0,0,1,2.69,0.647,0
23.97,72.21,24.94,81.7,177.2,7,2,0.34,0.943,1
81.86,34.29,44.82,44.8,298.0,3,5,0.5,0.781,1
56.87,65.14,89.56,51.5,131.9,6,3,0.21,0.974,1
10.08,69.52,85.15,41.2,178.1,18,1,1.15,0.82,1
95.38,57.31,46.54,42.1,94.2,14,6,3.12,0.955,1
52.67,91.28,70.92,41.4,110.5,1,1,1.39,0.98,1
32.05,6.93,22.03,78.4,241.3,16,2,1.89,0.843,1
48.65,71.48,72.0,54.3,67.4,20,5,1.98,0.739,1
84.78,91.29,92.83,63.7,90.1,15,2,0.39,1.0,1
33.36,82.6,58.0,77.8,199.0,13,1,0.58,0.947,1
22.92,20.11,54.88,63.8,44.0,2,4,5.14,0.946,1
17.0,34.41,29.99,60.6,70.6,18,0,1.43,0.654,0
32.7,20.52,65.7,40.6,306.3,7,6,1.28,0.965,1
77.54,59.12,62.23,67.3,300.8,16,3,2.98,0.936,1
48.86,69.1,67.15,46.0,141.3,17,3,0.29,0.985,1
26.16,33.54,17.09,76.7,141.4,0,6,3.87,0.993,1
20.46,53.56,58.9,52.4,329.7,6,0,2.42,0.899,1
35.94,67.18,62.59,72.4,38.3,3,6,0.51,0.986,1
92.41,42.92,31.6,71.0,215.7,2,1,0.33,0.958,1
36.9,81.86,31.67,69.6,221.2,18,1,0.21,0.83,1
96.9,74.44,37.1,52.8,282.1,9,1,0.9,0.992,1
50.13,10.82,71.94,52.8,334.6,2,1,0.99,0.851,1
21.66,60.9,63.5,81.4,143.9,1,1,0.59,1.0,0
87.88,26.18,82.66,40.6,170.1,4,5,0.88,0.876,1
47.81,55.18,38.65,48.7,244.8,16,3,1.85,0.946,1
71.0,91.12,87.97,69.3,339.5,4,1,0.44,0.959,1
96.49,84.12,74.5,79.2,315.1,13,2,0.65,0.875,1
9.67,41.41,46.6,57.2,243.5,15,4,1.85,0.881,0
13.99,31.24,22.62,71.4,304.2,23,1,2.64,0.888,1
72.0,26.1,35.56,66.7,57.3,22,5,5.56,0.969,1
31.21,52.93,91.54,43.1,150.7,13,2,1.63,0.935,1
22.14,15.28,39.83,69.8,34.2,18,3,0.44,0.796,1
8.66,54.43,41.39,79.1,86.8,12,2,1.99,0.862,1
7.03,5.12,30.17,87.6,231.8,11,0,10.95,0.951,0
77.03,34.15,79.55,41.4,313.4,15,0,4.49,0.832,0
17.5,24.79,37.05,71.7,232.5,22,2,3.23,0.799,1
48.5,92.41,41.42,59.9,242.5,16,1,2.85,0.889,0
61.35,70.45,48.15,40.5,63.2,21,1,3.02,0.953,1
44.84,36.47,49.7,69.5,242.8,19,5,0.39,0.947,1
7.52,13.36,47.91,45.9,175.4,5,1,1.67,0.997,1
77.87,51.51,55.3,58.2,238.5,13,5,2.54,0.938,1
5.98,24.21,80.16,52.5,134.4,15,2,0.35,0.686,0
75.86,53.28,80.54,57.3,216.1,2,0,5.12,0.861,0
88.08,80.18,78.87,63.6,165.7,20,0,0.47,0.859,1
45.25,60.42,23.09,57.2,208.8,18,3,0.38,0.881,1
54.81,62.04,78.97,66.5,77.1,6,6,0.46,0.898,1
49.36,53.69,24.62,51.5,156.7,4,5,1.3,0.92,1
41.2,88.45,24.98,70.5,149.8,19,6,1.77,0.975,1
87.53,88.87,90.83,81.0,265.6,22,0,0.4,0.742,0
88.14,51.15,80.55,50.8,256.1,22,0,3.28,0.967,1
36.23,32.52,59.19,64.4,320.8,9,4,0.65,0.908,1
62.2,46.36,85.0,71.1,232.3,8,0,1.84,0.929,1
91.2,21.79,94.15,67.1,130.7,2,2,1.55,0.894,1
94.47,62.27,63.85,57.6,280.6,9,5,4.92,0.985,1
52.33,50.01,64.03,70.8,189.0,15,1,4.68,0.999,1
47.11,14.3,75.35,41.4,91.9,23,2,0.74,0.839,1
30.92,22.79,33.57,57.8,269.2,22,5,1.75,0.884,1
94.18,48.17,28.37,65.6,72.4,8,1,8.65,0.984,1
18.28,84.88,75.77,41.0,87.0,1,1,1.01,0.933,1
58.92,55.98,42.59,64.4,272.8,5,3,0.35,0.95,1
31.28,66.34,25.81,71.4,276.4,4,5,2.73,0.796,0
30.95,35.51,40.19,76.4,283.1,2,0,1.6,0.818,0
42.66,56.43,43.69,45.4,123.9,6,3,5.81,0.936,0
97.89,45.26,92.22,87.5,307.3,14,1,1.91,0.943,0
10.11,64.32,70.84,69.1,261.3,20,6,1.63,0.974,1
58.8,9.55,57.47,57.4,296.9,5,4,5.13,0.858,1
12.68,49.4,92.51,52.0,256.8,3,4,1.16,0.802,1
19.37,31.64,87.25,67.5,215.5,22,6,2.02,0.729,1
45.88,34.36,55.96,82.3,65.0,12,5,3.94,0.803,1
52.47,91.48,87.45,65.0,257.5,22,3,2.02,0.939,1
29.07,21.44,47.34,71.8,250.9,4,3,0.91,0.976,1
34.43,33.01,33.43,57.2,130.0,14,0,1.83,0.846,1
13.09,50.89,33.61,58.6,265.5,6,3,1.33,0.977,1
33.2,82.67,67.99,53.7,206.1,6,6,8.56,0.892,0
94.89,42.5,55.09,73.9,209.0,9,3,0.3,0.758,0
92.86,71.95,67.72,57.2,147.6,12,2,3.12,0.902,1
36.14,82.07,69.89,49.2,67.4,23,3,0.25,0.911,1
58.09,32.9,16.79,57.7,99.4,10,5,2.05,0.955,1
89.59,40.35,19.32,81.0,276.0,0,3,1.33,0.85,0
5.58,37.09,57.61,75.4,116.9,19,5,5.03,0.937,0
80.39,79.96,30.28,56.1,30.7,10,6,1.75,0.878,0
93.2,8.99,65.6,83.5,349.0,0,5,3.71,0.936,1
13.49,32.76,59.17,43.6,97.4,2,2,2.43,0.972,0
20.01,66.15,61.86,42.4,239.7,7,1,1.39,0.99,1
94.35,55.89,39.2,46.1,326.6,12,5,1.02,0.94,1
54.99,44.27,66.19,45.6,221.9,6,6,0.45,0.897,1
6.32,53.6,81.36,44.2,285.7,2,6,0.23,0.984,1
28.96,22.78,94.85,71.7,342.4,19,1,0.2,0.943,1
46.84,43.76,82.08,68.8,305.3,1,2,0.71,0.942,1
69.44,50.15,59.6,71.1,208.5,17,0,1.85,0.963,1
73.18,86.11,30.47,73.0,146.4,4,3,7.62,0.969,1
97.57,28.48,69.52,76.3,184.4,17,5,2.64,0.558,0
31.74,83.1,90.01,49.9,299.4,15,0,0.35,0.828,1
55.05,62.98,31.95,69.9,303.1,6,4,2.27,0.903,1
54.6,6.83,35.48,67.8,300.7,0,0,1.53,0.918,1
42.73,70.22,26.92,85.3,221.1,8,6,2.22,0.984,1
20.73,8.2,73.94,51.2,182.6,14,3,2.15,0.72,1
95.9,94.76,47.52,42.8,129.6,0,1,0.51,0.96,1
84.36,83.54,20.02,71.4,31.1,16,3,5.24,0.811,0
51.34,31.76,85.0,75.5,274.6,8,5,1.82,0.909,1
61.1,28.17,59.61,53.6,118.6,22,3,2.61,0.966,1
26.14,39.33,41.49,67.4,135.5,14,3,1.18,0.977,1
55.57,37.06,42.52,42.9,299.9,9,0,0.46,0.962,1
69.63,38.51,38.22,86.1,46.7,19,6,2.55,0.89,0
52.91,33.64,51.44,45.3,326.8,2,1,5.91,0.819,0
97.1,60.9,41.96,43.2,30.4,4,1,1.94,0.925,1
61.85,19.78,58.84,42.1,330.5,1,5,0.64,0.85,1
39.5,81.14,76.88,60.5,175.5,21,0,2.15,0.966,1
76.81,78.12,68.96,44.7,62.7,5,0,1.32,0.806,1
20.85,47.88,38.56,75.7,245.7,15,0,1.22,0.828,1
40.76,81.75,57.3,83.1,316.7,11,4,5.1,0.736,1
37.27,27.24,82.21,52.5,170.2,16,4,2.87,0.98,1
45.16,6.58,20.46,70.2,251.2,11,3,1.62,0.956,0
77.71,60.73,21.26,42.0,343.4,16,5,1.28,0.999,1
50.03,46.21,59.49,58.6,107.0,21,4,0.76,0.952,1
78.84,56.04,66.13,54.1,292.5,6,6,1.04,0.911,1
58.61,85.94,31.91,51.0,124.5,23,0,1.76,0.864,0
36.81,92.29,74.62,70.9,166.4,15,0,0.3,0.896,1
80.33,62.1,66.7,46.3,120.2,17,0,1.08,0.721,1
27.16,73.77,88.86,81.3,172.7,7,1,1.56,0.985,1
25.87,12.54,28.52,71.9,31.6,17,5,2.07,0.9,1
51.92,19.46,75.11,74.1,127.1,1,6,2.92,0.854,1
29.26,70.99,21.69,84.9,172.5,8,1,0.23,0.706,0
5.85,43.82,60.22,85.2,232.3,22,4,0.9,0.999,0
65.29,45.14,59.15,66.5,234.0,23,6,0.8,0.952,1
52.53,32.77,46.07,63.8,216.8,15,2,1.67,0.824,0
46.43,59.66,82.57,56.1,123.8,16,2,1.45,0.664,0
94.93,21.66,15.35,74.3,333.2,9,0,0.37,0.97,1
58.12,61.42,56.61,65.8,155.4,21,1,3.07,0.98,1
85.3,20.64,32.37,84.8,99.4,0,5,2.52,0.95,1
17.97,10.74,74.48,51.5,207.4,20,3,3.64,0.997,1
57.94,34.73,18.45,54.9,269.7,17,4,0.44,0.979,1
85.72,25.8,81.52,55.2,33.9,14,1,1.61,0.982,1
59.23,85.01,82.05,78.7,118.4,8,0,2.05,0.871,1
71.78,9.95,81.63,44.8,294.0,2,0,0.3,0.982,1
39.6,20.9,27.21,61.9,192.2,15,2,6.61,0.936,1
13.6,54.38,65.43,60.5,160.7,22,5,3.36,0.949,1
47.58,48.3,16.15,43.5,327.9,14,6,0.76,0.962,0
41.69,9.13,82.84,59.7,58.7,1,5,2.18,0.946,1
85.64,5.65,72.84,64.6,227.0,9,0,0.51,0.995,1
27.69,93.93,57.49,43.1,139.5,3,6,4.33,0.901,0
94.91,64.3,73.45,64.5,52.7,18,0,0.41,0.991,1
94.11,37.89,22.55,86.0,98.4,16,3,4.89,0.942,1
28.03,47.34,57.29,87.0,230.9,9,4,3.72,0.906,1
37.37,28.99,38.3,65.5,39.0,21,3,1.5,0.76,1
88.29,36.04,92.81,64.7,219.5,20,6,2.31,0.928,0
94.9,63.41,83.57,53.7,336.2,5,2,0.76,0.943,0
46.24,84.45,73.66,87.9,284.4,0,1,1.17,0.984,1
34.85,21.57,89.7,53.2,140.6,10,5,0.69,0.741,1
53.93,80.63,42.75,61.7,74.2,15,2,1.7,0.812,1
68.96,15.94,87.07,40.1,178.8,23,5,0.97,0.823,1
30.43,24.35,41.02,56.8,155.7,19,0,1.07,0.736,0
73.49,8.35,73.62,43.4,341.0,6,4,1.37,0.91,0
9.8,17.67,73.91,75.7,346.8,23,0,4.32,0.936,1
9.58,87.56,16.47,66.9,161.4,2,4,1.79,0.898,1
40.92,46.35,43.88,67.5,77.6,13,4,3.49,0.826,1
37.87,11.99,16.55,53.8,321.4,3,4,3.98,0.953,1
34.35,91.38,94.77,79.1,283.9,8,1,0.76,0.864,1
50.66,84.11,24.78,40.2,193.6,14,2,3.21,0.725,1
34.83,72.92,58.42,56.0,146.9,11,6,2.29,0.963,1
22.88,89.01,78.24,71.7,173.4,15,5,1.62,0.896,0
33.78,24.81,31.1,83.6,318.6,22,5,0.39,0.995,1
95.67,80.27,53.8,51.3,89.1,18,1,1.9,0.972,1
43.23,67.1,63.59,66.0,288.2,13,6,0.54,0.906,0
46.36,83.28,27.82,65.8,35.8,3,1,3.59,0.881,1
58.62,76.72,77.28,82.0,324.6,22,1,5.66,0.866,1
96.45,36.18,38.95,42.4,190.1,5,3,1.5,0.987,1
27.47,74.7,31.88,60.4,102.6,21,3,1.36,0.974,1
68.36,28.62,59.66,48.8,30.9,10,3,1.54,0.949,1
71.59,34.57,47.83,41.0,209.1,3,6,0.34,0.86,1
61.48,14.71,88.62,47.1,108.2,7,1,0.74,0.926,1
13.24,89.16,85.41,86.9,232.0,8,0,5.85,0.931,0
67.95,31.19,53.67,50.3,120.0,22,6,1.05,0.909,1
10.96,51.86,43.74,84.9,58.2,23,3,1.99,0.843,0
60.44,40.22,41.04,49.9,191.6,1,3,2.29,0.951,1
73.78,91.39,36.41,84.7,210.6,19,6,4.39,0.848,0
24.62,35.15,58.56,71.4,174.8,2,6,0.74,0.953,1
83.27,75.07,79.4,45.4,176.6,5,1,4.62,0.962,1
7.82,81.99,39.86,67.9,218.7,1,2,1.19,0.967,1
83.47,44.2,30.21,55.3,198.4,22,0,5.3,0.925,1
47.81,39.04,53.04,58.4,72.4,7,4,1.26,0.881,1
25.24,72.3,20.52,61.1,93.1,19,6,0.42,0.984,1
17.44,87.16,71.1,60.3,75.4,23,4,0.31,0.905,1
93.66,72.94,56.47,71.9,251.9,7,5,7.04,0.916,1
11.76,25.44,54.71,76.9,199.2,2,6,0.46,0.986,1
23.52,84.95,39.04,55.8,167.6,16,0,1.76,0.697,0
37.35,39.88,87.37,84.4,285.5,10,1,1.7,0.864,1
62.68,56.86,22.24,85.0,134.3,2,6,1.23,0.89,1
55.67,79.83,84.59,42.0,211.8,11,2,1.28,0.921,1
16.68,21.96,45.14,40.7,53.8,13,2,1.49,0.955,1
31.94,75.61,85.45,60.4,268.2,0,4,0.41,0.918,1
27.2,58.65,73.3,68.4,252.5,11,2,3.33,0.967,1
24.86,85.4,23.33,53.3,286.8,17,4,1.15,0.843,1
43.24,20.48,81.52,52.5,313.0,23,5,0.76,0.938,1
70.47,42.86,69.57,72.6,272.6,3,3,0.97,0.931,1
25.22,79.96,17.58,68.9,300.2,22,5,2.09,0.891,1
39.1,6.73,25.7,48.0,140.6,2,1,3.18,0.952,1
41.36,15.1,65.85,82.5,139.9,16,2,0.53,0.956,1
95.81,94.15,68.01,72.6,332.2,12,1,2.0,0.914,1
93.78,30.24,74.73,57.4,322.7,16,3,1.3,0.971,1
79.41,92.8,72.62,72.8,205.5,16,0,4.16,0.951,1
27.47,21.43,67.76,45.4,147.3,18,0,6.16,0.978,1
11.33,37.5,76.3,62.5,307.1,4,0,2.47,0.843,1
34.47,72.76,61.01,48.1,133.5,7,4,1.98,0.988,1
29.81,64.2,35.86,42.0,79.2,23,4,3.23,0.796,0
52.05,57.3,87.99,56.2,234.6,1,0,1.57,0.946,1
77.33,52.69,16.46,47.2,43.6,8,3,0.31,0.885,1
84.82,80.91,44.32,70.4,151.3,6,5,2.62,0.927,1
83.57,26.15,73.31,72.4,288.5,15,6,1.94,0.864,1
38.45,44.82,49.17,47.1,124.5,11,4,0.53,0.8,1
68.91,18.99,16.99,41.2,328.0,20,5,0.68,0.989,1
34.09,58.63,20.28,78.1,335.9,4,5,0.72,0.989,1
10.66,27.55,66.89,40.1,291.1,23,0,2.84,0.903,1
70.25,35.05,92.19,56.5,346.0,23,1,1.66,0.969,0
5.91,47.41,59.15,63.7,199.8,20,0,0.3,0.87,1
43.05,7.41,55.54,79.3,212.1,21,6,3.84,0.875,0
35.63,13.27,40.47,80.3,297.6,5,0,2.27,0.698,0
69.48,66.73,35.54,74.8,187.7,21,6,2.84,0.938,1
76.26,43.61,16.68,51.9,160.2,20,1,5.74,0.959,1
33.28,82.83,36.84,74.6,226.7,16,5,0.8,0.944,1
80.48,67.52,50.93,51.8,240.5,14,4,1.98,0.958,0
32.33,5.73,30.84,50.3,270.3,9,5,3.06,0.837,0
46.51,60.5,21.99,66.3,243.8,2,1,1.64,0.88,1
72.61,13.44,72.42,72.6,268.6,6,6,1.53,0.972,0
69.44,75.28,86.57,42.5,245.9,1,4,5.48,0.947,1
96.83,94.24,89.94,42.9,183.7,12,3,0.76,0.926,1
25.94,52.81,64.44,77.6,73.2,13,4,2.32,0.991,1
66.6,66.45,19.22,81.3,281.3,3,6,7.23,0.763,1
61.7,26.36,74.27,69.0,39.8,7,6,0.7,0.931,0
90.1,44.38,23.81,60.6,347.6,4,2,1.44,0.957,1
19.54,82.05,68.58,80.6,295.1,11,4,7.61,0.918,1
74.92,20.07,77.35,75.0,244.7,23,2,0.27,0.77,0
57.85,28.9,73.07,67.8,339.3,11,4,2.19,0.741,1
30.54,45.09,91.15,55.3,226.0,10,6,1.24,0.978,1
49.12,69.1,74.05,49.5,48.1,1,1,3.15,0.963,1
36.04,38.83,70.46,60.1,209.0,23,4,0.98,0.813,0
58.88,88.5,35.94,53.8,118.7,21,0,1.13,0.882,1
87.68,13.5,88.98,56.3,148.2,4,4,1.65,0.98,1
57.95,38.37,29.36,64.8,177.1,12,1,1.05,0.712,1
63.75,68.81,87.39,48.1,277.9,17,1,0.8,0.903,1
53.24,25.34,40.01,78.7,190.9,22,4,1.08,0.985,1
9.76,64.08,25.41,47.0,181.9,16,6,4.97,0.676,0
26.66,19.78,81.13,63.1,126.6,5,4,1.04,0.955,1
50.76,10.04,15.2,75.8,202.8,18,4,4.79,0.919,1
33.85,15.89,81.57,63.3,109.5,21,5,0.66,0.771,1
21.9,88.7,35.98,57.3,113.5,16,5,2.43,0.919,1
51.88,54.66,85.78,62.8,272.3,16,3,2.93,0.826,0
35.02,76.67,70.32,80.7,139.6,17,6,0.44,0.868,1
29.0,34.94,68.29,87.5,46.4,14,2,1.77,0.948,0
48.15,58.34,44.23,70.3,140.0,22,4,0.23,0.967,1
17.4,49.55,19.75,78.1,234.3,19,4,5.47,0.986,1
91.28,90.12,81.41,40.7,290.5,3,2,1.69,0.986,1
85.7,72.28,28.67,82.3,337.8,3,0,0.27,0.768,0
70.81,70.75,44.78,85.8,268.8,4,3,2.5,0.716,0
14.88,9.17,63.03,67.6,167.2,14,3,4.54,0.868,1
77.16,54.47,53.58,76.2,125.7,1,0,2.88,0.729,1
80.14,47.03,30.89,64.6,71.5,10,2,0.49,0.845,1
76.4,88.51,26.25,53.7,230.9,22,6,1.75,0.862,1
15.6,28.16,24.86,80.9,193.2,2,2,2.84,0.955,1
64.88,29.29,84.04,68.6,246.9,10,1,3.42,0.995,1
82.59,42.02,17.52,67.8,105.9,2,2,0.23,0.986,1
58.69,26.9,93.16,71.6,133.6,10,5,0.87,0.947,1
65.12,16.63,30.88,81.1,123.5,1,6,4.52,0.888,1
47.63,82.17,23.83,75.1,285.2,21,3,0.8,0.92,1
54.17,55.24,61.16,50.1,84.8,19,6,1.48,0.919,1
8.2,82.52,21.4,62.4,224.7,19,5,2.59,0.839,1
64.42,79.8,63.2,87.1,46.4,14,1,8.68,0.997,0
12.57,30.38,83.05,66.6,205.8,7,4,1.31,0.955,1
45.46,54.3,18.83,85.0,50.5,1,4,1.6,0.92,1
32.22,12.49,78.99,79.0,86.3,22,4,1.84,0.505,0
55.72,87.37,46.56,72.0,66.2,17,1,0.73,0.966,1
17.41,41.38,27.76,56.8,141.0,21,3,1.12,0.967,1
69.32,40.43,29.09,54.6,140.0,20,2,1.34,0.956,1
78.94,32.25,88.5,70.9,294.5,7,1,0.24,0.79,1
20.19,46.46,23.85,60.8,102.2,21,6,0.22,0.884,1
14.7,27.66,84.34,78.3,57.6,11,3,0.71,0.866,1
18.53,38.74,58.54,76.5,223.1,22,6,1.64,0.904,1
86.57,77.0,18.12,55.0,250.0,5,2,6.43,0.848,1
54.12,80.08,52.16,73.7,124.3,23,0,7.39,0.937,1
48.46,32.38,80.4,63.7,222.9,1,3,2.28,0.995,1
14.92,47.21,73.1,55.5,278.3,11,5,3.71,0.99,0
65.41,83.64,54.1,59.8,141.2,22,5,4.82,0.754,1
85.72,9.74,83.8,83.0,198.1,20,0,3.85,0.987,0
82.02,85.02,24.63,57.3,76.9,11,6,1.77,0.789,0
63.22,24.73,87.8,53.8,37.6,12,4,2.64,0.958,1
12.0,66.07,82.72,56.9,344.0,8,6,0.21,0.967,1
15.45,57.43,71.66,50.3,125.9,14,4,2.29,0.981,1
9.59,54.76,80.43,66.1,119.2,10,3,1.31,0.911,1
28.95,82.34,58.51,47.1,341.4,8,5,2.27,0.89,0
17.62,14.14,69.01,79.2,263.0,23,0,2.57,0.872,1
29.18,36.23,59.85,50.8,217.3,7,1,0.41,0.909,1
40.81,53.44,43.43,68.7,253.8,19,2,4.35,0.642,0
92.7,78.02,60.51,46.0,257.2,23,4,0.59,0.974,1
61.76,24.48,35.6,87.0,274.3,17,4,0.22,0.855,0
82.65,77.26,50.22,61.8,51.5,10,4,1.32,0.928,1
71.06,40.97,37.46,79.5,162.1,4,4,0.39,0.952,1
15.46,22.0,24.83,76.9,124.4,3,5,6.45,0.954,1
73.44,73.31,40.75,74.3,52.6,20,3,0.87,0.923,1
30.58,13.18,83.16,79.7,162.0,4,5,0.71,0.916,1
64.44,51.33,45.49,44.8,227.2,20,3,0.81,0.965,1
36.71,10.75,74.84,72.6,87.1,6,0,0.87,0.875,1
97.78,37.08,29.02,52.8,127.6,16,1,0.33,0.994,1
29.51,59.1,48.95,77.7,234.5,17,0,1.75,0.925,1
30.96,55.05,24.19,85.9,215.4,22,5,0.24,0.661,1
91.55,41.42,26.09,83.3,308.0,0,5,2.95,0.94,1
7.29,43.61,64.39,45.5,283.2,15,1,3.12,0.823,1
69.79,25.41,63.6,57.7,339.0,8,3,1.22,0.78,1
72.46,46.03,32.07,57.5,221.1,11,4,7.27,0.913,0
82.78,90.79,52.95,45.9,253.5,18,0,3.24,0.95,1
95.62,81.54,84.06,44.7,305.4,10,1,0.46,0.983,1
95.73,18.07,28.94,58.5,298.8,5,2,8.01,0.997,1
11.07,7.68,16.54,87.6,260.0,3,1,3.93,0.965,0
81.43,89.02,67.16,67.3,190.1,15,0,2.63,0.996,1
65.11,52.41,19.28,69.8,117.4,2,6,2.32,0.509,1
65.2,53.41,93.4,62.6,310.7,7,3,2.06,0.984,1
16.94,75.26,63.77,71.8,278.5,15,4,9.46,0.938,0
65.47,33.32,52.63,85.9,298.1,1,2,1.5,0.942,1
96.37,48.37,49.4,68.3,75.1,12,6,0.56,0.957,1
89.8,92.18,60.85,43.1,130.7,18,0,0.9,0.677,0
45.84,65.49,22.25,63.7,166.0,23,3,1.14,0.823,1
8.72,18.84,89.4,87.7,298.3,15,1,0.96,0.944,0
38.69,16.99,65.05,58.6,315.7,18,3,0.26,0.998,1
81.85,23.38,29.72,68.5,121.2,7,3,0.35,0.995,1
70.24,74.0,60.01,45.1,249.7,22,4,0.21,0.899,1
47.72,31.58,25.66,46.8,54.9,1,0,2.47,0.957,1
10.12,6.92,16.4,82.0,161.1,0,5,2.38,0.849,1
44.7,89.98,65.44,54.4,185.7,16,3,0.34,0.87,1
48.62,20.27,66.88,54.7,275.0,17,1,0.96,0.7,1
91.36,5.86,61.7,58.6,315.4,6,6,0.87,0.926,1
64.62,26.34,29.68,86.4,137.9,8,6,1.41,0.762,0
33.98,26.15,63.27,44.1,198.9,22,1,1.09,0.906,1
53.85,42.98,19.52,79.3,237.2,2,4,3.64,0.864,0
11.14,87.84,63.74,56.4,135.2,23,3,4.49,0.903,1
95.45,84.13,59.32,80.8,345.4,23,1,0.66,0.89,1
38.49,46.12,67.42,87.6,310.2,10,5,0.46,0.936,1
49.44,41.98,86.64,56.7,124.8,15,1,3.86,0.871,1
38.04,54.95,83.03,46.2,192.5,8,4,1.59,0.991,1
68.47,26.91,93.45,46.9,103.9,11,3,0.98,0.623,0
66.59,9.7,93.1,76.4,194.6,13,4,0.31,0.961,1
71.52,89.53,76.79,47.0,248.7,3,6,2.06,0.965,1
29.94,21.8,91.51,52.5,57.4,3,3,0.67,0.928,1
34.36,22.86,84.38,49.8,308.4,10,1,0.28,0.821,1
16.65,47.52,73.21,57.1,220.0,1,5,1.38,0.894,0
65.96,49.25,21.03,43.6,346.7,23,0,2.02,0.971,1
8.7,6.66,18.92,81.1,38.2,17,1,0.58,0.936,1
60.58,18.32,82.01,81.3,296.1,2,0,2.31,0.963,0
85.88,39.03,54.17,59.8,283.4,1,3,0.62,0.979,1
87.85,66.54,80.17,69.4,72.5,0,3,0.24,0.922,1
46.76,25.56,40.03,70.8,137.3,4,2,0.52,0.927,1
47.72,43.07,46.81,76.0,313.1,6,3,1.97,0.693,1
12.16,55.16,71.01,65.0,195.9,19,6,2.22,0.889,0
67.38,84.97,88.23,64.5,158.4,3,3,4.2,0.989,0
81.38,34.35,22.02,70.3,319.8,2,2,0.33,0.954,1
27.75,17.02,83.92,73.7,59.9,5,0,6.31,0.987,1
44.18,49.03,78.44,56.6,181.4,11,3,1.68,0.77,1
83.01,72.2,40.24,55.9,238.8,15,4,0.76,0.774,0
86.57,14.89,43.42,52.9,224.7,7,3,1.11,0.982,1
27.62,43.22,18.72,66.3,114.6,10,3,0.31,0.938,1
56.2,6.6,16.26,57.3,210.3,12,1,0.43,0.989,1
22.9,8.02,53.16,65.9,256.7,13,3,4.48,0.987,1
14.47,48.47,22.64,59.5,217.2,17,6,0.42,0.873,1
89.73,31.84,30.52,80.2,249.0,21,3,0.31,0.857,1
81.31,81.06,82.74,43.5,111.9,7,4,2.02,0.95,1
75.68,59.19,60.68,67.5,296.5,0,2,1.16,0.961,1
9.54,45.85,65.69,67.6,173.9,3,2,1.24,0.854,1
83.47,41.71,30.0,58.4,345.9,16,2,0.46,0.956,1
45.74,49.75,81.29,60.2,37.5,19,1,0.29,0.864,1
36.84,8.64,84.44,78.4,151.7,21,3,4.22,0.911,0
55.82,85.35,56.87,53.5,87.8,5,0,1.19,0.991,1
13.5,94.85,88.0,81.8,207.8,4,0,0.43,0.989,1
75.37,21.33,82.59,83.0,107.8,13,4,0.65,0.975,1
59.17,15.83,73.51,71.2,266.0,18,1,0.42,0.919,1
22.35,17.92,73.73,77.1,312.2,13,5,1.5,0.857,0
22.51,64.49,23.43,69.4,97.5,1,1,3.45,0.984,1
22.14,64.53,36.67,65.2,81.4,8,3,1.2,0.99,1
10.3,81.31,20.35,86.4,310.1,6,5,2.13,0.849,0
59.67,72.66,15.69,53.6,145.6,17,0,2.45,0.939,1
83.15,45.47,27.66,47.4,169.1,19,1,2.69,0.962,0
6.63,60.16,85.44,53.8,100.7,10,4,2.06,0.987,1
9.56,66.95,34.19,69.5,166.1,7,6,1.82,0.854,1
58.27,51.15,92.61,48.9,104.0,21,0,1.5,0.998,1
81.21,47.81,62.78,83.6,243.1,20,6,1.48,0.979,1
35.39,63.06,33.98,59.7,189.6,9,1,1.01,0.97,1
37.51,55.17,54.77,80.8,282.2,17,3,1.6,0.975,1
60.46,62.95,32.53,52.0,130.1,16,3,1.5,0.9,0
30.5,60.16,93.72,55.0,191.8,16,6,0.97,0.925,1
7.47,69.73,82.78,42.8,113.0,0,5,0.92,0.905,1
73.38,62.85,17.1,52.4,329.0,21,3,1.38,0.939,1
63.19,51.78,90.82,63.5,197.0,3,3,3.45,0.988,0
59.01,66.36,72.69,85.4,85.5,10,0,0.77,0.999,1
73.98,45.45,21.59,58.7,117.3,8,0,3.93,0.992,1
67.8,26.75,68.65,70.7,56.5,8,1,2.77,0.975,1
24.15,5.13,66.75,60.5,38.9,2,4,0.81,0.997,1
37.78,55.4,32.5,42.2,198.3,5,6,0.23,0.858,1
16.73,58.16,75.68,64.2,137.9,5,2,0.36,0.766,1
17.08,92.48,21.97,43.2,338.4,9,2,4.49,1.0,1
67.89,37.53,54.16,82.4,84.8,9,3,3.49,0.972,0
84.85,40.47,15.79,76.1,284.1,16,1,1.15,0.941,1
94.53,23.16,92.5,58.2,131.1,14,2,0.33,0.953,1
63.44,11.35,75.13,70.7,101.5,3,2,3.53,0.839,1
22.12,74.55,27.71,45.4,340.3,21,2,0.79,0.488,1
14.83,27.47,42.33,73.7,286.8,9,2,6.32,0.988,1
80.6,59.8,27.84,79.5,231.8,7,6,1.68,0.918,0
58.82,66.9,76.33,79.4,253.1,0,6,2.71,0.631,0
62.5,47.41,19.71,53.6,347.2,23,5,1.44,0.99,1
77.68,83.87,82.23,52.7,219.8,21,2,0.26,0.959,1
70.4,44.94,90.38,65.0,62.6,16,5,0.33,0.973,1
82.6,30.64,69.13,86.5,50.8,11,5,7.66,0.938,0
10.23,85.64,32.04,84.2,243.3,11,1,1.26,0.835,1
74.52,82.54,43.81,57.3,240.4,12,2,0.6,0.784,1
84.13,19.76,53.18,77.4,269.4,13,2,2.75,0.957,0
31.61,7.34,63.37,84.2,64.8,7,5,4.48,0.689,0
64.56,13.1,68.49,52.5,332.4,13,1,0.82,0.814,1
34.22,30.79,59.34,79.9,206.4,6,6,1.89,0.684,0
94.09,92.5,43.11,52.9,237.9,16,0,0.76,0.87,1
8.11,55.27,86.27,56.5,41.2,10,0,3.66,0.846,1
58.92,38.59,21.51,49.5,337.5,0,0,0.38,0.967,1
20.48,84.98,52.3,64.3,210.0,7,2,1.13,0.976,1
71.24,45.78,77.05,80.5,210.3,12,1,1.16,0.979,1
21.36,33.37,19.87,65.3,331.9,23,0,2.23,0.643,1
26.89,89.71,71.43,45.9,327.4,16,3,0.59,0.823,1
50.98,81.46,80.58,52.1,100.5,23,3,1.49,0.947,1
90.08,80.93,67.87,67.0,328.0,23,1,1.81,0.974,1
24.69,51.11,16.03,68.0,265.7,11,2,4.63,0.999,1
18.41,76.05,29.41,67.7,36.0,15,5,1.7,0.672,1
75.58,21.14,42.37,43.7,106.7,9,0,0.48,0.942,1
51.56,56.59,33.7,76.2,162.2,15,2,0.41,0.741,0
89.8,93.55,92.01,83.7,216.5,2,5,5.36,0.994,0
18.64,31.19,67.13,64.5,254.4,0,6,7.99,0.935,1
65.07,76.49,38.76,74.5,97.3,18,0,0.57,0.946,1
26.66,49.14,89.38,83.9,297.7,23,4,2.98,0.81,1
19.58,8.58,74.25,70.8,300.6,7,4,0.78,0.978,1
68.56,73.67,37.77,72.4,233.2,15,2,3.78,0.999,1
60.21,20.17,45.31,74.6,324.8,14,3,0.4,0.933,1
75.2,61.83,30.95,52.5,290.2,6,2,1.35,0.919,0
33.78,12.71,92.69,68.0,100.9,1,0,2.01,0.978,1
46.66,90.22,56.38,80.4,285.6,12,2,4.03,0.696,1
42.71,31.26,86.68,54.2,335.0,4,2,4.09,0.842,0
96.52,25.38,42.72,83.1,74.0,9,0,0.61,0.923,0
32.18,16.62,83.87,69.8,343.2,7,3,7.03,0.994,1
32.42,90.14,19.31,60.3,38.0,12,4,2.24,0.866,1
37.97,69.07,93.57,69.9,197.1,18,5,2.35,0.981,1
57.51,71.75,87.96,59.3,277.6,5,0,4.6,0.879,1
28.47,49.95,44.06,80.2,282.9,17,2,0.97,0.981,0
90.12,47.73,76.98,63.2,265.1,7,1,1.27,0.834,1
29.71,14.9,75.18,83.3,199.4,8,2,8.6,0.903,0
88.31,55.39,87.1,64.5,238.3,16,5,0.23,0.952,1
14.62,27.22,39.58,71.7,254.0,3,2,4.24,0.933,0
66.06,92.94,52.24,87.9,188.3,21,1,3.9,0.894,1
89.35,76.69,84.2,47.1,220.6,17,5,0.81,0.833,1
20.69,42.17,77.29,75.4,300.8,5,2,3.65,0.965,1
95.05,18.62,46.48,46.7,130.1,10,1,1.0,0.846,1
47.12,75.68,82.66,80.3,197.4,22,6,2.18,0.973,1
92.95,15.98,18.76,68.6,32.7,21,2,1.38,0.933,1
67.94,22.04,77.56,85.0,250.0,9,3,0.41,0.985,0
33.05,24.04,31.54,81.6,92.5,10,5,4.71,0.949,1
22.51,55.12,37.89,43.6,183.9,7,4,1.78,0.762,1
33.25,75.84,54.46,46.6,97.3,20,3,1.51,0.913,1
13.65,33.29,50.98,68.9,37.5,2,0,4.43,0.964,1
18.38,12.62,56.65,64.9,184.6,1,0,1.0,0.947,1
14.73,46.81,58.58,48.1,165.9,17,2,1.89,0.969,1
44.33,72.33,41.52,46.2,166.0,1,6,4.48,0.958,1
78.99,24.95,29.02,67.1,96.8,11,0,1.04,0.983,1
18.15,24.79,76.48,42.3,333.1,4,6,3.36,0.999,1
17.12,90.25,47.0,81.9,31.1,3,0,1.64,0.919,1
64.84,90.87,55.47,78.7,315.3,15,6,0.54,0.95,1
23.34,94.14,66.58,77.7,265.8,13,2,0.28,0.991,1
14.08,77.69,87.77,40.8,85.1,1,2,2.79,0.976,1
20.52,21.94,71.6,42.3,181.1,20,4,0.81,0.817,1
90.91,24.08,18.64,66.4,346.4,6,1,3.58,0.964,1
81.4,35.62,82.08,87.7,236.0,20,2,0.62,0.986,1
37.93,33.63,94.15,56.4,70.8,10,6,1.88,0.962,1
65.99,91.09,52.8,56.5,176.4,23,4,0.4,0.776,1
54.97,76.02,92.57,46.4,179.8,11,3,2.86,0.974,1
67.97,70.16,58.79,72.4,286.7,21,0,3.1,0.984,1
68.49,21.74,51.77,71.0,323.2,4,6,5.17,0.969,1
63.47,86.86,41.51,44.9,56.3,23,6,1.85,0.687,1
29.75,79.51,67.6,62.4,130.5,15,1,0.43,0.867,1
8.63,19.73,33.39,72.0,125.5,21,6,3.72,0.809,0
47.37,83.41,23.39,63.7,348.7,6,6,0.95,0.994,1
87.86,29.5,17.18,72.4,209.0,7,6,4.8,0.978,0
57.96,12.28,38.39,79.2,311.5,3,5,7.82,0.957,1
82.41,64.11,46.66,72.9,166.3,3,3,0.48,0.957,0
97.22,63.84,59.17,69.6,261.3,5,2,0.37,0.863,1
20.22,13.54,38.42,81.0,121.7,1,3,4.76,0.99,1
69.34,33.7,93.72,83.2,321.8,8,5,4.78,0.939,1
67.71,94.35,38.34,58.7,175.6,7,4,1.96,0.994,0
96.14,66.06,50.28,48.3,287.2,17,2,4.58,0.85,0
96.66,70.71,23.26,79.3,111.9,11,6,5.53,0.926,0
68.86,24.16,35.85,50.3,252.0,15,6,1.82,0.842,1
27.66,12.09,18.87,84.6,159.7,0,2,2.52,0.989,1
79.27,29.92,59.76,41.1,40.1,19,1,2.1,0.978,1
14.95,27.4,75.09,84.2,162.2,3,4,0.58,0.932,1
77.61,26.11,30.66,68.3,206.0,13,0,1.35,0.886,1
89.65,22.35,44.43,77.2,78.6,17,3,2.49,0.987,1
40.6,56.73,16.33,59.1,88.9,4,5,2.08,0.938,1
63.65,34.53,82.16,87.6,178.8,2,1,0.68,0.922,1
45.0,78.83,77.4,50.9,139.7,18,5,5.01,0.92,1
45.71,21.56,20.06,52.7,171.0,11,1,3.27,0.991,1
33.86,46.82,44.19,42.5,177.5,18,6,0.34,0.994,1
75.88,6.23,91.42,85.1,74.8,19,2,1.04,0.941,1
92.06,48.35,46.36,61.9,88.0,10,3,11.02,0.924,1
92.49,10.03,57.1,72.4,301.4,20,1,1.19,0.776,1
21.25,93.0,43.42,73.0,82.1,19,2,2.38,0.75,1
86.35,76.15,62.69,82.0,243.1,8,2,0.41,0.864,1
73.58,49.11,93.25,71.9,163.9,19,4,0.94,0.843,1
28.51,12.79,94.8,67.0,339.8,22,2,4.48,0.977,1
11.26,58.32,76.98,74.1,51.2,4,0,1.63,0.977,1
29.92,73.29,47.34,76.0,295.7,9,6,3.69,0.946,1
89.84,22.16,54.55,48.9,187.3,8,4,0.22,0.999,1
63.89,56.14,43.54,45.3,31.7,12,4,2.39,0.908,1
72.06,78.28,93.85,43.6,114.4,7,0,0.91,0.756,1
28.92,74.14,71.62,58.0,160.5,21,0,4.14,0.871,1
71.9,77.27,50.91,63.9,130.5,12,5,5.97,0.821,1
7.62,84.14,15.97,69.6,146.0,21,6,2.53,0.745,1
39.9,89.39,56.64,86.0,323.3,17,1,0.52,0.774,1
63.29,41.5,93.71,55.9,145.5,22,6,1.46,0.651,1
18.59,56.19,56.84,76.5,164.0,8,5,1.45,0.982,1
81.54,76.16,29.59,65.5,273.6,8,6,3.75,0.764,1
26.86,67.74,16.77,50.6,284.0,1,1,1.43,0.961,1
65.66,94.6,43.38,69.5,56.9,6,5,1.01,0.757,1
42.68,6.23,88.46,86.4,255.3,4,0,2.09,0.793,0
60.43,36.96,94.72,46.0,184.4,20,1,2.28,0.987,0
14.99,30.29,90.63,64.3,72.8,5,0,3.52,0.978,1
6.57,28.61,73.35,42.5,114.7,12,0,4.81,0.69,1
89.59,25.03,59.65,55.4,44.4,23,5,4.61,0.954,1
30.08,68.82,62.25,69.8,145.3,17,2,2.17,0.543,1
81.23,12.63,58.12,80.4,111.7,2,1,1.69,0.9,1
97.94,71.74,71.56,75.1,152.3,9,4,3.43,0.876,1
24.66,67.41,48.51,62.2,215.7,22,4,0.93,0.818,1
29.66,27.57,68.54,83.6,264.3,2,1,3.04,0.918,0
66.65,27.76,24.73,54.5,223.7,0,1,1.61,0.94,1
94.79,61.6,36.26,76.2,247.1,5,1,0.46,0.6,1
90.17,73.6,81.88,62.8,307.0,22,1,3.0,0.968,0
51.77,83.88,87.3,83.1,309.6,15,2,2.29,0.957,0
78.95,81.69,58.12,78.3,305.4,16,0,0.37,0.987,0
17.62,91.84,17.53,83.3,79.0,15,1,1.4,0.958,1
95.9,57.32,89.16,50.3,110.3,9,5,1.53,0.793,1
94.68,86.78,71.17,72.1,190.7,6,1,2.32,0.864,0
20.23,77.77,48.12,75.4,144.8,7,0,2.47,0.876,1
32.85,85.52,62.87,75.6,72.1,2,0,0.62,0.924,1
14.31,6.05,49.38,64.2,122.1,4,0,0.27,0.999,1
30.27,91.93,52.23,40.5,342.1,18,5,3.36,0.88,1
80.88,47.62,85.94,52.5,141.0,6,3,8.19,0.876,0
40.18,76.84,27.89,55.5,164.1,17,4,5.85,0.846,1
13.22,16.45,23.29,80.9,32.0,21,5,1.59,0.965,1
36.83,40.63,15.22,80.4,260.2,17,1,1.71,0.978,1
96.27,29.43,40.12,45.0,162.3,5,2,5.54,0.833,1
63.56,31.25,26.79,85.6,63.0,4,2,1.77,0.988,0
43.7,16.09,32.6,48.8,339.9,5,6,0.85,0.996,1
20.49,77.52,15.9,59.9,278.8,5,0,2.46,0.946,1
96.71,5.83,33.18,50.3,262.4,21,2,1.5,0.983,1
81.34,33.13,41.62,81.3,336.5,21,4,3.27,0.894,1
31.18,20.7,17.53,76.0,160.4,22,1,3.26,0.951,1
11.52,58.01,63.63,57.0,259.9,10,6,5.7,0.905,0
10.27,27.88,60.5,72.7,96.0,16,2,0.5,0.92,1
16.2,28.31,22.76,48.8,253.1,8,4,1.67,0.673,0
59.01,48.95,62.6,58.4,34.5,21,4,3.28,0.839,0
91.37,63.74,94.89,58.1,70.4,15,3,1.34,0.89,0
51.2,15.92,90.56,51.4,166.1,9,3,2.17,0.908,0
83.39,20.8,15.21,82.1,33.9,14,2,3.6,0.924,1
46.47,27.25,78.63,72.6,177.8,7,4,1.48,0.996,1
70.9,92.64,43.29,53.4,197.3,13,0,1.25,0.929,1
73.06,40.74,20.09,51.6,228.9,15,3,0.6,0.803,1
21.18,58.91,38.68,40.9,62.1,18,4,3.68,0.59,1
38.59,26.74,40.74,56.6,87.9,2,3,3.38,0.805,0
64.27,49.14,56.86,65.3,226.3,12,1,2.92,0.968,1
11.57,11.67,67.89,53.3,240.6,8,6,1.2,0.966,1
38.62,8.13,74.92,73.6,38.3,11,4,1.95,0.795,0
54.74,47.19,34.67,59.8,202.9,4,4,0.46,0.955,1
97.65,40.88,40.74,55.2,281.2,20,5,0.97,0.972,1
49.13,17.32,39.67,85.1,52.1,18,1,1.34,0.977,1
80.89,66.88,44.02,52.6,162.2,6,5,0.29,0.962,1
45.18,94.36,94.97,59.1,134.5,6,3,0.42,0.879,1
79.06,40.61,77.24,58.3,322.4,18,1,3.74,0.828,1
60.37,61.21,93.0,51.6,89.5,7,6,7.3,0.918,1
87.45,91.67,70.45,50.4,131.9,5,2,0.98,0.854,1
43.22,79.84,47.5,54.5,317.5,2,0,0.43,0.888,0
61.2,46.72,46.18,81.5,135.8,21,3,5.68,0.94,1
63.59,71.37,54.09,76.8,200.0,0,6,5.11,0.82,1
43.82,16.53,48.35,72.7,40.6,5,4,2.33,0.881,1
18.42,51.09,81.27,61.9,345.2,22,2,1.03,0.942,1
13.7,30.12,52.2,64.4,294.0,19,3,0.44,0.707,0
6.55,19.5,38.65,52.8,233.0,19,6,5.81,0.927,0
86.24,43.37,76.99,43.6,49.4,18,6,5.26,0.962,1
26.99,16.79,83.35,55.9,54.0,20,0,2.92,0.934,1
24.67,67.91,48.63,63.8,204.4,12,4,5.63,0.975,1
73.45,46.06,68.42,42.8,121.2,16,1,0.5,0.938,1
34.76,52.8,19.7,44.2,229.3,21,0,0.43,0.867,1
52.06,18.17,57.36,52.6,221.4,17,5,0.63,0.888,0
20.11,17.58,18.6,57.6,298.4,19,3,0.69,0.979,1
94.26,57.51,17.34,58.9,120.0,5,4,3.71,0.837,0
84.2,93.65,64.03,45.7,214.9,10,3,5.3,0.761,0
85.33,13.66,39.27,50.8,278.8,5,0,0.69,0.921,1
42.83,30.72,74.4,52.6,187.0,6,6,1.44,0.993,1
75.9,83.25,86.69,43.2,295.8,0,4,1.41,1.0,1
18.38,11.5,26.15,55.7,72.0,21,6,0.59,0.965,1
5.8,83.83,72.96,43.5,264.8,23,0,4.04,0.93,1
6.86,52.19,56.16,73.8,331.8,7,3,1.68,0.969,1
59.55,41.74,23.97,58.5,136.2,13,5,1.87,0.887,1
47.35,32.87,67.13,55.7,147.2,21,4,0.8,0.938,1
53.18,31.74,63.76,46.1,56.7,19,6,1.84,0.984,1
5.69,32.52,56.25,50.9,235.3,0,6,3.35,0.681,1
44.31,84.63,89.12,51.2,206.8,4,6,0.93,0.994,1
71.78,70.14,56.69,87.3,42.9,4,6,0.44,0.961,1
46.17,65.28,94.24,80.1,270.7,13,4,1.95,0.722,1
73.1,76.89,55.74,40.7,295.4,6,6,2.22,0.951,1
26.67,28.14,24.27,69.6,320.3,16,6,0.65,0.97,1
80.62,60.62,52.64,52.3,204.6,10,4,0.77,0.954,1
59.72,46.41,29.59,45.0,174.8,21,3,0.53,0.992,1
24.6,75.42,62.77,73.9,310.4,6,2,5.29,0.965,0
27.02,32.83,70.45,46.3,157.6,0,5,0.68,0.964,1
63.41,62.89,52.47,61.3,239.7,14,3,0.22,0.994,1
82.18,84.4,22.82,70.3,226.9,18,1,3.87,0.903,0
43.65,41.19,52.49,66.6,149.1,9,2,3.45,0.913,1
29.02,11.0,21.52,86.9,57.8,8,3,1.42,0.912,1
85.63,51.44,69.57,77.7,36.9,12,1,3.39,0.967,1
67.24,36.14,78.23,77.2,167.0,23,6,1.39,0.797,0
46.67,65.5,91.99,57.1,184.0,12,0,0.71,0.922,1
50.37,90.59,26.9,40.4,293.3,5,1,1.31,0.754,1
24.0,48.7,57.59,75.3,162.6,7,5,1.53,0.849,1
63.29,46.96,60.4,88.0,120.0,11,4,0.22,0.94,1
38.36,63.91,88.8,59.5,177.9,1,5,0.44,0.897,1
97.6,14.31,65.18,87.3,106.2,15,2,4.36,0.927,1
49.66,27.82,26.64,46.8,59.2,11,3,1.2,0.985,1
50.19,87.71,49.91,54.2,66.2,22,6,1.01,0.866,0
57.62,65.29,67.38,48.2,132.1,17,5,4.58,0.83,0
90.26,6.21,71.02,62.8,34.1,2,3,0.54,0.99,1
79.48,23.42,84.05,78.3,100.5,17,4,0.69,0.983,1
46.96,66.46,29.44,56.4,282.0,10,2,3.72,0.866,1
71.84,73.8,91.12,83.5,105.1,4,2,0.86,0.82,0
59.52,80.59,19.73,66.2,65.4,12,5,2.21,0.953,1
50.79,31.3,93.7,62.3,333.7,9,4,2.89,0.782,1
22.89,88.79,83.62,77.8,229.2,20,2,0.7,0.99,1
48.15,54.77,67.82,44.9,49.2,21,4,0.78,0.844,1
27.86,67.69,73.8,77.1,49.9,14,1,1.65,0.669,0
90.08,58.71,20.82,51.7,225.9,5,5,3.34,0.977,0
36.19,16.05,18.32,53.5,202.8,15,6,1.82,0.964,0
93.56,91.68,23.14,68.8,51.9,22,4,0.34,0.95,1
54.57,16.06,21.99,83.3,101.8,7,3,1.06,0.897,1
63.73,27.94,58.79,67.8,327.3,19,0,1.0,0.984,0
55.49,78.23,32.24,71.1,213.0,2,1,3.5,0.986,1
17.03,60.67,83.82,77.3,170.9,4,5,0.88,0.847,0
39.95,80.43,50.66,52.4,110.0,14,5,4.83,0.805,0
14.22,51.42,70.64,79.7,72.8,2,5,1.02,0.888,1
62.93,38.93,67.23,60.1,158.8,14,3,0.63,0.901,1
46.56,87.97,40.59,48.4,325.2,1,1,1.75,0.929,1
77.35,8.26,34.45,56.8,45.6,11,3,1.18,0.995,0
25.5,82.05,42.4,51.8,347.1,4,6,2.29,0.861,1
20.3,25.77,78.73,51.0,96.5,8,2,5.15,0.969,1
42.79,81.39,61.9,53.6,160.8,21,4,5.85,0.979,1
91.17,17.53,35.28,48.7,44.4,3,3,0.72,0.606,1
71.07,57.22,80.43,72.0,217.1,22,3,0.55,0.941,1
43.96,84.93,19.38,67.8,184.7,20,6,5.83,0.919,1
53.11,47.62,70.93,71.1,243.3,6,2,3.55,0.907,0
12.83,72.19,50.13,56.5,203.7,15,6,0.81,0.852,1
96.57,77.42,73.5,76.9,157.4,12,0,3.47,0.816,0
66.98,71.28,89.2,46.2,266.1,1,6,2.9,0.962,1
31.54,88.28,75.0,67.4,38.0,1,0,0.78,0.902,1
59.48,45.22,50.36,53.2,203.1,8,4,4.92,0.93,1
15.18,20.58,27.08,65.3,66.4,14,2,0.98,0.971,1
94.82,9.3,79.51,55.5,169.5,3,6,1.51,0.855,1
21.26,27.18,51.86,77.9,283.2,16,6,2.08,0.852,1
65.27,17.89,21.02,82.8,75.6,8,1,0.62,0.962,1
27.83,55.22,72.52,75.6,329.5,14,3,2.09,0.846,0
71.73,21.65,38.35,48.4,314.3,0,4,2.65,0.9,1
77.24,8.5,18.91,53.2,162.8,1,0,0.41,0.833,0
67.63,8.24,87.22,84.1,31.9,8,1,1.15,0.792,0
62.15,79.84,53.65,61.0,282.7,10,5,2.09,0.94,1
88.0,58.23,37.48,85.2,311.9,18,2,5.41,0.842,1
12.31,37.23,72.31,58.8,85.9,0,5,4.63,0.877,0
35.78,85.48,85.87,85.7,323.2,18,3,0.57,0.94,1
28.09,11.32,15.02,84.4,322.5,8,5,2.09,0.783,1
96.89,93.23,70.03,71.7,180.8,1,5,0.41,0.969,1
41.21,60.47,76.36,40.4,285.4,4,3,0.9,0.916,1
73.13,21.51,31.79,59.2,172.4,16,0,2.02,0.983,1
68.68,66.12,54.17,83.7,210.5,0,5,0.37,0.904,1
24.72,73.7,22.14,82.5,132.3,13,6,4.59,0.869,1
27.23,43.64,74.74,49.0,81.0,11,0,3.73,0.964,1
31.16,82.55,82.8,59.2,268.9,22,4,1.48,0.944,1
43.23,18.57,23.65,80.1,30.4,9,5,1.55,0.891,1
26.79,30.1,80.32,67.7,215.5,18,5,4.46,0.696,1
6.83,13.41,76.73,80.7,306.7,14,3,0.3,0.95,1
86.78,23.98,42.75,79.7,100.8,0,3,0.51,0.957,1
94.8,26.49,70.22,83.6,136.5,0,5,0.94,0.971,0
36.77,87.59,15.0,45.6,218.0,10,5,1.11,0.996,1
36.48,12.03,89.54,47.0,109.0,10,6,8.96,0.855,1
5.66,43.47,59.03,44.0,301.2,4,3,0.52,0.891,1
68.26,52.92,64.63,84.9,147.3,2,3,0.92,0.843,1
81.77,85.88,68.17,62.8,216.1,10,1,3.72,0.848,1
18.63,94.79,59.91,43.1,102.4,3,2,3.27,0.878,1
19.85,72.8,83.54,55.4,43.2,5,1,2.33,0.999,1
78.48,92.37,63.78,56.9,85.6,17,5,1.0,0.957,1
62.32,75.84,87.62,78.9,44.8,6,2,0.45,0.841,1
9.17,91.69,61.59,75.3,180.0,20,1,8.41,0.725,1
62.9,68.65,28.69,73.1,217.7,23,4,0.78,0.874,1
33.73,12.18,88.09,41.0,44.3,3,2,3.92,0.901,1
39.29,41.17,69.53,83.7,59.0,13,3,4.71,0.772,1
76.59,63.19,70.94,50.3,185.4,7,2,1.36,0.815,1
80.42,36.56,93.84,70.2,285.7,19,3,4.01,0.993,1
42.23,29.6,21.02,43.0,231.0,10,4,0.85,0.852,1
93.09,56.97,49.29,43.9,63.5,13,6,4.61,0.943,1
42.8,89.02,34.13,40.5,314.0,20,5,2.22,0.982,0
76.78,8.15,65.43,67.2,323.6,2,6,0.63,0.998,1
50.0,74.23,79.54,70.2,134.0,10,2,3.29,0.783,0
88.47,70.05,92.3,42.4,227.1,3,0,5.1,0.966,1
89.42,91.76,51.37,53.9,187.5,8,3,1.89,0.961,1
13.13,88.76,77.9,80.9,331.4,4,2,3.06,0.994,1
92.09,73.6,88.36,44.9,192.8,12,1,3.37,0.932,1
81.77,51.84,69.67,50.4,337.2,19,6,3.3,0.977,1
78.59,23.38,34.42,60.4,93.8,3,2,1.41,0.952,1
23.68,54.07,63.63,80.4,140.6,6,3,2.89,0.924,0
79.88,73.88,92.6,52.2,280.0,1,0,1.79,0.98,1
84.06,85.61,94.0,87.9,280.8,19,0,1.27,0.502,0
31.89,76.07,66.39,57.1,264.3,18,6,0.56,0.808,1
93.56,22.57,85.96,58.5,305.1,6,1,4.99,0.855,0
9.64,58.97,31.03,45.9,254.8,19,4,1.27,0.974,1
18.94,34.9,34.69,72.6,233.5,23,0,0.75,0.883,1
55.0,5.83,91.23,51.7,176.9,20,5,0.75,0.993,1
58.55,23.02,25.82,70.2,179.5,8,4,0.75,0.97,1
65.0,15.19,30.29,50.7,160.0,18,3,0.2,0.965,1
6.58,80.84,48.64,58.6,228.5,19,2,1.35,0.996,1
94.31,28.27,62.17,81.1,160.1,1,4,4.63,0.928,1
9.15,30.62,63.31,75.5,77.2,20,5,0.25,0.839,1
18.3,91.39,38.36,47.4,64.1,15,3,6.47,0.793,1
6.3,39.12,88.65,69.2,325.8,5,3,0.59,0.644,1
57.72,5.86,88.21,70.2,37.9,18,6,2.74,0.764,0
91.7,30.55,46.37,44.3,63.7,17,3,3.28,0.947,1
66.93,15.74,49.74,62.4,172.5,16,5,2.86,0.704,1
81.51,14.25,71.2,52.5,114.1,10,1,1.03,0.8,1
6.24,11.97,68.04,62.4,159.9,22,5,2.63,0.955,1
55.41,58.39,45.58,77.3,67.6,3,1,1.48,0.971,1
47.74,22.04,48.14,47.6,71.9,23,4,0.53,0.963,1
51.4,37.51,42.84,45.9,286.2,7,3,0.65,0.674,0
11.72,82.58,33.83,52.9,272.9,23,4,0.25,0.936,1
68.65,43.19,51.65,85.7,63.4,17,0,1.01,0.783,1
51.8,87.41,69.91,75.9,243.7,12,4,2.8,0.996,1
76.16,49.81,74.36,40.9,225.0,20,2,7.15,0.964,1
50.13,40.9,77.31,59.2,258.3,7,3,0.49,0.952,1
18.89,72.54,44.98,52.4,181.8,9,4,1.07,0.976,1
65.29,11.59,76.17,70.6,116.4,17,1,0.6,0.954,1
21.03,13.05,15.52,62.0,242.4,17,2,3.06,0.936,1
86.13,63.68,53.16,86.3,148.8,16,4,5.24,0.885,1
62.02,48.82,78.51,50.5,100.1,15,4,0.44,0.739,1
19.62,76.14,65.4,68.2,160.8,5,6,4.88,0.998,1
94.5,87.46,52.93,73.6,274.2,13,4,0.83,0.936,0
53.21,39.95,66.57,79.6,182.3,4,5,0.7,0.806,1
11.78,58.68,87.56,59.5,126.0,14,5,0.32,0.831,1
63.3,50.06,60.31,73.0,296.2,12,5,0.37,0.942,1
28.55,93.34,78.98,54.6,312.1,15,1,0.34,0.922,1
79.74,79.8,93.46,60.9,168.6,15,4,1.38,0.9,1
81.06,87.06,71.45,83.0,149.9,16,5,2.35,0.83,1
96.04,27.89,60.87,85.6,226.1,23,0,0.61,0.882,1
51.67,74.53,18.0,74.5,48.6,23,0,0.69,0.875,1
47.31,28.89,44.96,58.0,251.2,4,0,0.58,0.825,1
75.07,23.79,60.24,79.4,280.3,10,4,3.49,0.94,1
17.32,89.98,78.78,41.2,157.2,14,2,0.5,0.882,1
55.86,6.74,50.05,44.9,85.9,2,6,0.35,0.971,1
55.8,91.88,91.8,71.7,39.2,7,6,0.27,0.949,1
13.32,18.43,36.74,54.0,233.9,2,1,0.28,0.741,0
43.87,78.75,74.57,85.7,116.1,3,0,1.78,0.986,1
84.36,29.83,48.52,60.9,178.4,13,0,0.4,0.848,1
84.62,36.56,53.88,60.6,153.6,22,5,0.7,0.981,1
14.23,24.51,79.2,72.5,86.0,22,2,3.78,0.878,0
13.44,57.7,38.7,76.8,192.7,19,0,7.09,0.849,1
29.43,36.33,22.74,62.8,177.1,5,1,4.14,0.957,1
86.35,64.17,56.62,50.3,229.7,23,2,6.62,0.776,1
16.99,6.41,57.3,77.1,110.6,22,3,2.42,0.9,1
71.96,10.79,78.77,55.4,98.7,3,1,8.92,0.734,1
14.41,13.97,92.47,48.4,290.6,11,1,1.57,0.988,1
62.95,42.71,19.42,70.3,254.7,1,4,3.37,0.953,1
38.11,78.33,62.34,44.3,277.1,17,3,7.33,0.824,1
78.37,84.94,69.5,86.6,69.5,13,3,2.67,0.979,1
26.73,27.03,93.86,70.4,101.7,7,6,6.48,0.941,1
64.45,56.69,90.41,87.3,214.2,7,2,0.79,0.97,0
26.92,74.15,72.0,56.3,304.3,11,0,0.91,0.907,1
71.37,30.99,56.74,86.6,315.5,0,3,1.21,0.995,1
86.25,41.81,27.92,47.0,296.2,0,2,1.45,0.98,1
16.79,52.16,45.73,42.0,43.9,3,3,4.75,0.889,1
85.59,17.14,61.81,41.6,292.7,16,5,4.58,0.804,0
60.2,7.34,73.02,62.3,317.7,9,1,2.35,0.954,1
16.82,18.75,65.83,44.0,48.2,0,5,0.73,0.951,1
44.76,61.42,72.13,64.6,163.2,10,3,0.75,0.963,1
19.96,11.63,49.33,55.7,201.7,20,0,2.2,0.843,1
70.13,22.07,73.21,56.1,104.5,16,2,1.6,0.865,1
75.57,35.41,26.5,70.5,195.3,9,0,0.8,0.802,1
14.84,12.01,28.01,47.8,313.5,5,4,0.57,0.883,1
52.07,22.25,28.03,76.8,307.4,3,0,2.76,0.751,1
80.76,87.01,86.27,67.9,330.7,12,0,3.56,0.894,1
92.06,6.74,21.08,83.9,184.9,10,2,0.81,0.967,1
52.76,63.81,79.12,57.5,161.4,4,5,1.31,0.864,1
93.38,39.6,33.69,87.2,243.1,13,1,2.7,0.992,1
54.82,65.54,52.47,67.6,163.4,1,5,1.47,0.994,1
41.66,57.98,88.28,86.7,43.4,2,3,6.7,0.894,0
83.88,25.11,61.87,41.3,260.4,2,3,0.48,0.867,1
50.85,81.25,31.81,74.9,119.9,10,6,4.05,0.944,1
48.89,49.27,37.73,79.2,45.7,8,2,0.93,0.976,1
50.6,79.03,88.64,42.6,36.6,18,2,2.52,0.928,1
83.75,41.54,49.17,67.8,328.0,9,5,0.79,0.951,1
82.37,93.62,61.96,78.5,110.7,20,6,6.99,0.98,1
42.53,74.34,51.79,66.9,173.3,5,1,0.3,0.785,1
36.0,91.94,45.28,43.1,334.2,21,1,1.64,0.873,1
50.75,51.29,32.86,73.3,179.6,5,4,5.03,0.918,1
58.27,47.63,69.9,42.9,55.2,0,3,1.47,0.901,1
27.17,72.99,72.46,79.2,206.6,21,3,3.87,0.948,1
78.84,84.23,36.99,42.1,58.2,0,6,6.18,0.995,0
50.24,91.77,78.12,46.6,60.4,21,4,0.34,0.956,1
36.07,34.21,83.36,53.2,302.5,21,2,1.54,0.979,1
14.93,76.88,88.65,70.4,122.6,18,6,2.52,0.985,1
27.21,23.96,27.9,86.9,247.2,2,3,3.77,0.981,1
93.28,54.1,39.31,45.7,192.9,5,0,0.56,0.85,1
33.37,21.19,83.83,46.8,101.1,1,2,1.87,0.966,0
20.7,36.27,30.88,57.7,195.7,14,6,0.56,0.981,1
47.84,88.82,15.28,80.1,52.1,11,2,3.02,0.895,1
33.56,18.15,84.67,62.4,141.1,20,1,0.87,0.852,1
8.27,61.92,41.12,55.4,197.3,9,5,0.83,0.948,1
35.05,58.37,48.16,66.9,103.1,18,6,3.14,0.925,1
55.6,15.87,50.71,52.5,241.3,20,4,3.89,0.84,0
56.31,34.34,82.86,59.3,46.6,12,5,1.04,0.884,1
38.16,55.67,42.03,56.0,185.1,2,5,1.59,0.847,1
46.6,21.85,86.38,78.6,258.8,17,2,2.56,0.909,1
94.79,77.06,64.36,84.4,167.6,19,1,2.93,0.882,0
40.09,92.49,57.18,76.5,309.9,4,0,3.14,0.908,1
29.02,24.33,41.05,61.1,232.3,21,0,1.19,0.958,0
27.64,21.82,34.5,64.2,336.7,12,3,1.74,0.774,1
47.57,45.94,64.92,46.0,120.9,13,4,0.43,0.985,1
75.64,72.3,50.75,75.8,330.4,14,4,6.13,0.961,1
24.16,30.34,87.84,68.6,224.2,17,1,2.62,0.832,1
70.96,6.79,54.33,83.3,268.5,13,3,1.14,0.833,1
6.97,53.71,55.94,49.6,318.7,18,5,1.19,1.0,1
43.96,91.09,48.34,76.5,206.4,2,4,0.39,0.954,0
77.16,40.21,78.14,72.9,305.9,21,3,1.42,0.874,1
36.5,42.81,48.99,52.8,203.3,0,1,2.44,0.999,1
57.43,92.2,36.55,72.0,221.7,22,3,6.3,0.981,1
24.06,67.51,83.96,84.4,172.4,23,6,2.29,0.949,1
74.01,69.73,62.75,84.1,76.6,6,2,2.3,0.851,0
9.86,55.64,62.32,74.5,207.1,19,2,3.29,0.875,1
84.29,92.71,63.87,42.3,342.8,6,2,1.63,0.852,0
23.43,67.0,72.51,81.9,281.9,16,2,0.27,0.602,0
86.32,85.55,40.05,71.6,269.2,14,0,4.61,0.991,0
37.79,67.94,17.71,54.9,235.9,12,5,1.23,0.95,1
72.21,71.16,79.85,49.0,141.3,23,0,8.56,0.949,1
34.69,31.14,25.31,45.6,84.3,14,4,1.24,0.993,1
89.25,32.31,72.75,42.4,101.9,2,0,2.41,0.957,1
16.78,75.47,21.59,76.2,32.0,16,5,1.43,0.998,1
21.6,31.7,45.02,51.3,245.5,15,6,0.73,0.847,1
50.85,55.65,20.04,41.2,289.8,21,3,5.54,0.969,1
12.62,27.44,56.78,59.1,116.1,0,3,2.17,0.995,1
23.23,78.53,67.25,63.2,59.4,23,0,1.4,0.742,1
92.77,14.95,28.71,48.1,137.4,13,3,0.51,0.958,1
95.81,79.65,44.73,42.1,123.5,2,5,12.0,0.973,0
39.99,59.25,89.42,49.1,174.3,19,4,4.71,0.97,1
90.87,21.82,50.39,72.6,114.5,21,1,1.3,0.703,1
55.67,53.78,79.2,43.9,138.7,3,0,0.58,0.923,1
30.09,30.42,89.17,66.6,320.4,23,2,0.26,0.966,1
70.32,34.11,92.95,47.0,137.1,8,3,0.53,0.779,1
66.28,36.64,86.87,49.4,281.4,20,3,1.73,0.989,1
96.99,10.7,40.39,58.9,230.3,0,1,3.58,0.985,1
29.65,93.74,92.01,44.8,138.0,23,4,1.1,0.952,1
67.5,7.84,79.99,48.3,291.7,13,6,1.34,0.94,1
9.84,64.62,81.97,56.7,220.4,12,3,1.48,0.895,1
15.57,38.41,16.21,55.8,32.8,14,2,0.24,0.916,1
5.36,63.14,91.34,76.0,52.0,17,1,0.59,0.926,1
97.95,37.06,77.25,43.6,270.8,15,6,1.59,0.976,1
79.61,65.64,76.44,81.3,172.9,5,3,0.86,0.659,1
78.17,70.63,21.52,79.2,159.8,21,5,1.68,0.97,1
52.4,67.15,33.61,76.8,76.7,15,5,0.43,0.831,1
32.91,15.26,91.98,54.8,80.3,10,2,3.45,0.89,1
19.07,64.12,55.05,79.5,285.3,6,6,3.26,0.979,1
31.47,30.2,46.83,48.8,295.3,8,5,2.42,0.799,1
39.97,7.59,82.2,46.0,209.2,0,3,1.72,0.892,0
75.34,42.33,21.99,42.2,124.4,9,2,1.19,0.91,1
55.19,44.02,48.36,85.1,328.5,7,5,2.5,0.977,1
12.21,47.05,45.06,54.8,229.7,10,6,3.24,0.992,1
6.68,68.43,42.99,84.0,284.9,4,1,3.51,0.94,1
14.52,32.8,39.62,53.1,31.1,5,6,1.05,0.915,1
43.18,33.38,31.81,83.6,174.1,23,6,0.63,0.965,1
91.79,10.45,28.83,83.4,308.7,23,4,1.04,0.968,1
64.28,66.81,66.23,84.3,138.2,11,0,0.22,0.963,1
79.57,56.1,88.55,63.8,262.5,10,5,1.3,0.998,1
48.37,36.45,55.71,81.6,240.5,6,0,0.84,0.942,0
38.63,68.47,38.84,85.6,78.7,6,4,3.32,0.828,0
15.08,53.36,27.73,55.6,278.0,11,3,2.45,0.972,1
86.46,47.23,81.41,60.1,66.0,11,1,0.25,0.999,1
77.83,51.02,92.72,74.5,262.9,0,2,0.51,0.994,1
20.63,62.27,42.93,54.4,347.1,23,6,1.76,0.997,1
52.64,64.4,38.28,76.2,336.6,18,1,2.13,0.927,1
50.33,31.01,63.12,43.5,286.1,20,4,3.13,0.976,1
63.13,17.67,77.03,65.1,201.0,3,3,7.1,0.972,1
93.0,19.1,51.43,45.9,245.9,18,3,2.62,0.596,0
58.92,62.55,65.41,54.1,263.0,20,6,1.77,0.942,1
55.24,83.56,72.32,52.4,32.7,18,4,1.27,0.979,1
9.68,41.85,91.85,80.3,62.8,10,1,2.88,0.974,1
10.85,20.26,28.2,49.3,221.1,8,0,5.66,0.723,0
22.42,73.09,94.79,78.8,32.1,12,1,1.3,0.911,1
8.02,79.92,46.37,78.1,320.8,21,5,1.96,0.954,1
74.13,84.25,72.86,63.9,186.7,18,3,0.66,0.941,1
72.27,59.61,60.79,51.2,112.5,4,3,4.1,0.992,1
17.65,82.47,53.93,50.9,156.0,10,6,2.7,0.973,1
82.76,6.39,70.85,62.3,302.2,23,5,1.08,0.979,1
19.4,14.65,46.66,40.4,326.7,2,6,4.34,0.666,1
33.01,13.33,25.09,65.5,67.2,4,5,7.27,0.868,1
28.15,69.13,54.11,85.7,278.9,12,6,0.88,0.993,1
39.62,11.26,56.75,47.4,215.0,13,4,0.61,0.984,1
28.68,49.67,31.15,67.5,217.4,12,1,3.77,0.895,0
50.47,47.54,89.85,86.2,279.4,1,0,1.95,0.961,0
42.89,32.96,33.2,81.3,101.3,1,1,4.51,0.871,0
96.75,83.34,47.74,80.8,199.9,17,5,1.05,0.893,0
10.2,20.34,27.39,79.4,132.2,5,3,1.94,0.993,1
18.22,36.72,57.86,54.8,60.2,18,1,1.92,0.881,0
9.91,74.68,39.61,82.7,63.6,9,3,0.62,0.991,0
63.2,7.74,54.14,85.2,73.7,20,3,9.84,0.983,1
10.07,65.57,32.97,63.8,226.8,7,2,2.38,0.947,1
82.79,78.48,19.3,57.0,63.9,4,6,2.38,0.751,1
52.61,88.9,77.34,59.9,212.4,1,0,0.9,0.978,1
54.01,83.87,66.29,56.0,218.3,5,4,2.3,0.952,1
57.23,33.74,42.26,50.2,319.2,17,5,3.78,0.886,0
20.89,57.77,18.8,69.7,230.4,7,0,3.56,0.994,1
23.39,11.96,84.25,67.0,345.4,1,1,5.24,0.758,0
34.65,28.21,28.58,62.2,39.9,22,5,0.52,0.927,0
60.2,13.48,89.46,44.6,255.3,19,5,0.6,0.898,1
24.54,33.37,53.29,78.3,38.5,3,2,2.68,0.852,1
15.82,83.77,42.23,48.4,263.4,14,3,3.5,0.81,1
95.22,36.25,74.34,45.5,153.5,23,0,2.44,0.998,1
7.04,55.57,85.15,69.9,225.6,19,3,0.51,0.979,1
79.65,44.0,44.66,59.1,129.1,23,3,2.01,0.938,1
78.29,46.3,47.59,42.9,80.9,8,2,2.96,0.961,1
32.64,92.26,49.65,57.1,261.5,23,5,0.49,0.942,1
17.61,31.65,88.79,77.0,319.5,19,5,0.31,0.785,1
18.54,61.46,70.41,69.5,88.7,20,6,0.79,0.991,1
69.86,42.81,34.81,57.4,324.6,5,0,0.39,0.982,1
64.78,10.5,29.8,49.2,74.9,8,2,0.52,0.863,1
77.8,49.04,33.43,70.3,265.4,12,6,0.65,0.938,1
92.19,78.2,36.09,82.6,337.0,4,3,1.71,0.934,1
69.35,13.89,33.41,71.0,77.2,13,0,0.54,0.977,1
19.49,11.26,67.68,79.0,169.2,13,5,2.06,0.873,1
27.64,18.83,24.27,65.0,138.0,17,3,0.89,0.866,1
83.32,73.8,45.99,74.5,154.3,6,3,0.94,0.898,1
24.47,70.16,65.0,83.0,271.0,5,0,7.05,0.908,1
11.74,55.85,38.27,77.1,241.6,11,4,3.47,0.856,1
70.41,47.14,20.22,83.7,340.0,13,2,1.3,0.82,1
42.43,84.95,21.55,60.7,89.4,18,1,1.39,0.817,1
90.56,74.0,25.08,83.4,203.8,15,5,0.44,0.847,1
65.47,78.07,81.87,69.8,173.7,23,3,3.92,0.957,1
13.41,78.19,67.63,81.8,324.0,18,5,0.21,0.752,1
93.15,62.84,20.16,41.9,33.4,9,2,0.51,0.732,1
29.05,46.22,46.29,71.6,346.5,10,2,1.73,0.998,1
36.36,82.82,37.29,80.7,183.5,3,0,0.62,0.978,1
42.41,88.34,61.24,48.4,230.2,19,0,2.2,0.974,1
9.76,7.14,56.82,71.8,145.2,1,6,0.21,0.952,1
51.18,9.64,53.49,79.6,302.8,8,0,0.41,0.86,1
16.47,91.29,40.16,53.8,209.8,9,2,3.09,0.799,1
42.29,29.94,26.02,59.5,242.1,7,0,1.92,0.945,1
37.62,83.6,74.39,67.3,237.6,3,1,0.24,0.638,1
76.87,39.99,85.39,64.9,146.5,12,2,0.66,0.987,1
79.69,15.72,90.53,41.9,54.3,5,0,0.75,0.966,0
19.27,12.24,19.69,44.7,288.5,5,6,3.98,0.879,1
39.09,19.09,74.19,44.8,122.7,1,3,1.95,0.961,1
39.72,27.49,73.12,52.6,301.7,8,2,1.76,0.852,0
19.08,48.97,90.77,51.8,224.8,5,4,0.38,0.724,1
79.26,68.13,35.23,75.6,143.2,4,4,2.34,0.929,1
70.77,93.78,74.37,67.5,220.2,1,2,0.54,0.869,1
22.71,44.74,19.37,76.7,236.6,13,2,1.68,0.936,1
39.11,51.64,65.5,43.4,256.1,9,4,2.0,0.885,1
14.84,51.96,43.07,63.3,293.1,14,3,3.89,0.955,1
63.42,53.55,76.51,55.5,81.1,16,3,3.48,0.989,1
16.29,51.6,84.06,80.8,332.1,6,3,0.62,0.962,1
96.69,5.79,44.19,74.0,161.5,19,1,5.16,0.995,1
77.6,5.16,57.05,81.7,305.3,10,5,0.21,0.985,1
41.29,13.79,24.39,42.2,100.6,12,5,1.0,0.84,1
58.81,14.14,48.35,74.6,39.3,22,6,0.34,0.954,1
89.75,68.44,43.86,65.9,213.5,20,1,2.75,0.654,1
56.53,23.44,29.65,79.6,133.9,16,6,1.59,0.951,1
21.23,85.52,86.56,64.3,345.0,4,3,0.58,0.967,1
40.22,88.57,26.85,65.9,63.4,11,4,0.38,0.847,1
83.41,92.83,65.86,42.5,45.1,3,1,0.71,0.781,1
64.91,89.52,86.21,72.1,44.4,0,0,5.27,0.927,1
65.52,29.47,87.96,53.1,99.4,9,5,2.46,0.951,1
85.61,50.88,78.46,40.9,215.3,1,1,0.75,0.709,1
88.14,20.79,29.09,43.2,191.8,12,4,4.68,0.888,1
90.54,77.56,80.39,85.9,142.0,12,4,0.49,0.998,0
13.82,84.96,37.13,56.6,58.4,11,2,2.53,0.893,1
55.6,81.62,88.79,81.7,104.8,0,4,1.31,0.773,1
73.87,44.0,71.73,86.1,88.9,9,6,0.82,0.988,1
75.39,73.28,77.82,85.3,268.6,19,3,0.81,0.996,1
61.42,13.78,21.8,82.3,279.6,23,6,1.59,0.967,1
20.51,8.62,61.62,83.0,278.6,4,4,5.56,1.0,0
79.16,72.79,80.69,53.9,340.1,9,1,2.91,0.807,1
71.97,43.28,83.93,47.3,313.0,6,1,2.37,0.972,0
13.01,94.6,17.29,70.7,189.3,14,1,4.37,0.652,0
48.13,13.75,90.13,63.4,162.8,17,4,1.89,0.991,1
21.18,82.01,18.47,44.7,323.0,19,3,0.63,0.958,1
36.39,48.2,64.16,72.5,225.6,3,5,7.76,0.819,1
6.68,79.44,70.47,67.0,124.2,0,3,1.73,0.87,1
42.23,78.54,23.59,81.4,210.6,7,2,0.96,0.856,0
56.14,87.44,18.84,69.2,347.5,10,0,3.21,0.977,1
62.62,31.81,77.79,67.5,301.8,2,3,1.45,0.883,1
66.7,90.48,45.77,61.2,120.0,11,6,0.23,0.917,1
82.78,18.65,23.57,62.2,334.9,12,5,0.97,0.99,1
25.04,12.38,76.01,85.8,344.1,19,5,1.42,0.721,1
16.2,43.85,82.93,46.6,104.0,17,1,1.13,0.997,1
84.19,79.55,61.99,61.4,316.6,11,2,1.8,0.878,1
19.56,47.61,27.9,71.5,312.6,9,5,0.61,0.983,1
95.65,79.64,16.22,60.8,42.7,20,3,1.9,0.977,1
83.36,70.67,71.06,53.6,244.3,20,3,8.81,0.972,1
51.58,23.85,59.01,53.8,127.7,14,6,3.0,0.905,1
96.27,90.4,67.06,51.2,245.9,2,0,2.51,0.621,0
14.06,10.47,80.05,56.5,322.3,23,0,0.65,0.987,1
33.19,85.85,49.74,81.8,189.6,14,0,1.94,0.851,1
64.35,32.4,24.96,64.3,162.6,16,3,3.63,0.99,1
37.55,50.01,90.2,51.5,324.9,15,5,0.75,0.905,1
91.34,43.01,58.62,58.5,341.7,1,6,0.38,0.895,1
11.1,20.47,64.22,45.1,49.9,0,3,2.37,0.946,1
56.1,37.23,89.67,83.4,325.3,21,1,2.44,0.936,1
59.95,22.36,89.53,59.6,56.5,3,4,3.46,0.959,1
65.7,23.35,60.77,87.1,137.9,16,0,2.19,0.991,0
28.78,21.84,38.81,56.7,274.0,6,1,3.97,0.888,1
38.9,49.01,94.77,80.1,278.7,4,1,0.82,0.978,1
83.46,76.81,69.47,52.3,262.3,22,5,0.27,0.918,1
23.13,56.21,47.67,43.7,42.5,3,2,2.84,0.814,1
81.9,85.39,59.79,41.5,72.5,19,1,1.18,0.697,1
57.33,62.29,48.27,69.1,329.6,19,0,0.67,0.926,1
75.88,67.04,86.06,55.0,56.1,4,4,0.31,0.999,1
71.37,65.08,53.6,61.3,55.1,7,6,3.02,0.946,0
24.3,45.45,80.88,79.3,297.4,19,1,3.7,0.976,1
57.9,67.04,82.21,51.9,235.2,22,6,1.19,0.999,0
85.7,11.27,80.95,54.8,142.5,8,3,4.53,0.991,0
45.19,82.39,72.78,80.6,83.0,5,3,1.27,0.683,1
94.89,75.0,83.39,63.7,312.9,3,1,6.25,0.87,1
47.06,27.07,45.98,79.7,346.3,4,0,8.37,0.974,0
18.28,74.12,24.17,58.0,46.0,7,5,3.6,0.76,1
41.22,6.14,82.4,59.1,207.3,19,5,0.79,0.889,1
93.51,24.55,54.85,48.0,113.6,12,4,1.11,0.972,1
34.73,10.86,25.19,84.0,296.4,3,4,1.72,0.95,0
85.73,75.22,24.23,83.0,140.7,6,0,1.0,0.913,1
86.96,73.03,27.74,87.2,258.7,21,3,3.62,0.982,1
37.57,78.23,75.08,59.3,202.6,0,3,5.45,0.875,0
12.74,5.4,71.87,79.3,203.3,8,5,8.71,0.935,1
72.38,50.11,31.31,59.9,304.6,4,6,1.02,0.923,1
33.97,68.44,82.75,61.8,180.5,9,5,0.83,0.883,1
77.81,18.99,37.5,79.8,300.6,10,2,0.55,0.967,1
46.17,63.48,78.44,48.5,146.3,17,1,0.3,0.766,1
50.13,12.57,54.1,50.6,85.9,4,5,0.59,0.872,1
77.35,21.32,73.52,55.1,175.8,23,1,0.87,0.984,1
40.56,47.82,45.51,77.8,189.5,21,5,1.19,0.87,1
46.21,63.82,42.77,57.9,183.1,23,6,0.43,0.944,1
39.99,18.13,82.31,57.2,288.7,20,3,3.63,0.934,1
39.16,21.67,17.82,87.9,210.7,3,1,2.13,0.993,0
53.91,23.4,92.98,58.4,314.3,18,0,1.85,0.869,1
80.22,26.48,66.85,51.9,194.5,15,4,1.78,0.958,0
38.64,25.39,49.6,69.9,101.9,1,5,0.88,0.997,1
53.76,40.56,65.24,78.5,71.4,14,2,5.75,0.739,1
67.38,63.84,24.82,43.3,307.9,8,0,0.73,0.971,1
30.06,44.42,56.12,69.7,48.0,16,0,2.41,0.947,1
30.81,74.84,93.81,41.7,67.6,1,0,0.78,0.825,1
91.81,69.73,33.82,65.3,50.4,21,1,9.34,0.923,0
72.29,16.39,72.78,52.3,165.6,5,4,5.05,0.966,1
58.68,9.4,49.8,54.7,200.4,0,6,0.81,0.968,1
65.24,84.01,67.2,62.4,36.4,7,6,8.96,0.844,1
7.72,12.18,31.39,84.5,195.0,10,2,2.17,0.99,1
62.48,18.35,52.64,74.1,156.0,19,3,2.81,0.997,1
52.38,6.99,93.41,85.0,277.6,22,0,0.87,0.618,1
55.75,61.55,30.62,71.7,295.6,14,0,0.69,0.867,1
38.43,57.41,65.92,40.3,249.2,8,6,4.1,0.871,1
12.58,93.82,61.05,52.7,181.5,1,0,0.84,0.966,1
22.98,84.82,60.2,83.5,99.2,6,3,5.19,0.844,1
93.42,41.98,64.21,70.9,301.1,16,6,1.11,0.815,0
43.01,38.44,55.18,87.1,139.3,2,5,0.22,0.85,1
48.4,31.72,16.35,47.5,144.0,3,1,1.99,0.819,0
9.9,18.72,87.01,54.2,323.1,2,1,1.07,0.769,1
8.49,17.43,81.16,57.4,342.2,7,4,7.66,0.849,1
71.7,16.91,28.93,55.7,317.4,10,1,1.18,0.988,1
55.04,15.27,48.06,52.1,349.4,15,1,0.96,0.877,1
52.31,26.65,76.64,61.3,308.1,13,2,1.87,0.832,1
27.61,32.6,93.4,70.8,255.4,22,2,2.82,0.989,1
74.26,91.54,91.09,54.9,124.0,18,6,6.99,0.895,1
20.65,57.06,86.95,43.8,334.9,22,1,0.34,0.965,1
22.66,93.88,27.67,74.0,310.5,1,2,1.29,0.925,1
47.85,38.52,88.16,62.0,107.0,11,5,2.38,0.959,1
31.62,46.19,85.28,66.7,186.5,10,4,0.21,0.789,1
28.01,34.21,45.16,61.9,52.4,15,1,1.54,0.817,0
65.01,21.46,46.56,82.7,335.1,10,2,3.49,0.941,1
65.54,17.88,51.79,66.8,213.3,2,3,0.3,0.934,1
81.68,90.06,67.49,84.3,108.5,22,2,1.03,0.976,1
43.85,93.81,35.87,64.5,123.6,9,2,1.22,0.839,1
11.8,9.04,16.84,54.0,343.8,4,6,2.72,0.843,1
30.45,18.53,26.3,57.1,227.0,12,3,0.9,0.997,1
96.14,43.12,50.21,65.1,164.6,23,4,0.77,0.991,1
60.45,21.77,37.56,65.4,190.0,5,3,0.45,0.98,1
71.01,37.75,76.16,73.0,61.5,19,4,11.18,0.951,0
5.68,16.62,23.54,50.8,54.0,2,5,1.48,0.97,1
53.19,46.09,88.4,71.6,219.7,21,6,0.3,0.82,1
8.49,29.45,86.63,77.4,193.8,8,3,0.36,0.845,1
57.94,36.67,87.7,72.5,144.9,20,4,0.47,0.833,1
90.63,13.49,74.17,63.1,211.2,6,4,0.68,0.704,0
95.06,43.53,23.56,87.6,53.3,22,0,2.9,0.904,1
55.27,93.49,50.05,59.4,332.1,6,6,1.84,0.896,0
47.61,34.59,25.51,45.1,124.0,1,0,3.2,0.825,1
92.89,83.88,94.02,79.4,53.0,7,2,0.24,0.747,0
67.65,80.89,41.64,50.2,84.2,17,3,0.82,0.951,1
11.04,90.69,61.83,74.2,60.6,0,4,1.24,0.935,1
48.31,76.11,77.35,48.6,87.2,9,0,1.32,0.945,1
27.34,64.36,88.65,40.8,163.4,5,2,0.31,0.842,1
48.69,82.09,75.44,47.7,266.2,17,2,1.63,0.736,1
47.36,11.81,68.96,58.1,117.2,12,2,0.88,0.794,1
59.14,46.65,52.28,45.1,169.5,20,0,0.63,0.829,1
38.18,94.03,63.43,49.5,327.2,0,5,2.42,1.0,1
20.28,74.26,22.53,76.7,124.7,22,1,0.38,0.962,1
51.85,91.59,85.71,77.0,284.3,0,6,4.23,0.989,0
82.21,75.17,58.5,79.2,80.5,11,6,4.8,0.954,1
66.75,83.74,18.21,80.4,87.1,7,5,0.99,0.871,0
36.47,68.59,88.59,60.2,176.0,20,5,8.87,0.766,1
92.0,73.45,54.14,81.6,104.9,4,2,1.23,0.958,0
89.84,52.09,84.49,65.2,319.0,2,6,6.76,0.894,1
24.47,88.18,83.55,62.6,46.2,17,6,8.87,0.718,0
8.67,79.25,80.26,74.5,221.1,5,1,3.71,0.827,0
73.94,80.95,19.91,50.3,223.4,3,1,0.47,0.997,1
81.97,65.57,34.77,77.9,51.1,14,1,1.96,0.991,1
95.01,32.41,85.04,60.6,264.4,3,2,2.83,0.993,1
87.75,8.21,86.92,46.1,180.0,5,4,0.36,0.893,1
60.85,89.21,51.65,45.7,261.4,17,1,4.68,0.985,1
54.29,57.75,50.2,47.9,294.6,17,0,4.02,0.892,1
7.59,31.83,29.01,82.7,133.3,9,0,5.63,0.955,0
27.94,18.42,92.47,87.6,185.0,12,1,1.64,0.984,1
47.74,79.66,32.05,57.1,113.4,19,1,0.98,0.89,1
63.45,80.29,30.27,54.0,94.5,21,1,1.61,0.891,1
56.82,78.31,67.86,50.5,30.2,17,6,2.81,0.991,1
74.07,63.06,34.43,79.5,338.4,6,0,1.28,0.876,1
31.02,37.94,90.1,50.0,171.1,7,3,1.07,0.944,1
57.54,32.37,15.87,84.4,34.2,5,4,0.36,0.942,1
13.2,5.77,15.46,72.0,32.9,1,3,1.39,0.912,1
43.47,80.02,55.39,83.1,122.3,21,0,1.2,0.773,0
74.76,12.87,54.04,66.6,34.5,7,0,2.38,0.815,1
69.49,61.77,28.07,73.2,149.8,9,2,1.36,0.828,1
97.13,50.37,54.56,69.7,50.1,16,3,0.21,0.996,1
30.84,52.4,47.93,79.9,42.6,21,1,1.52,0.943,1
51.33,88.4,86.23,80.1,244.2,11,5,3.17,0.912,1
35.65,7.85,15.74,68.3,320.2,10,6,6.01,0.883,1
45.98,74.61,93.1,70.4,161.0,16,1,0.63,0.964,1
84.7,9.68,64.95,84.3,297.8,15,0,1.3,0.951,0
68.63,8.43,27.15,84.6,39.4,21,2,3.96,0.944,1
87.07,43.68,18.74,71.9,278.9,9,3,0.29,0.906,1
23.93,10.68,58.05,40.4,50.1,19,2,1.06,0.701,1
86.22,76.02,33.79,45.0,298.3,2,4,1.99,0.998,1
10.56,52.66,39.09,81.2,312.4,18,2,1.04,0.933,1
87.64,7.61,34.61,44.1,281.5,3,4,1.54,0.775,0
35.6,8.65,67.01,50.2,292.6,18,6,5.8,0.718,1
34.26,60.14,59.28,51.1,209.7,8,3,0.25,0.992,1
52.62,77.55,21.24,68.8,114.8,19,1,0.36,0.942,1
92.48,44.4,57.12,67.7,235.8,16,4,0.64,0.842,1
9.44,54.91,78.3,53.9,170.7,3,1,1.17,0.898,1
37.76,76.98,21.5,50.0,31.7,16,6,1.47,0.951,1
84.66,59.95,86.18,76.7,182.6,2,6,0.27,0.728,1
41.83,25.23,61.26,84.9,238.4,19,2,4.48,0.502,0
23.52,60.17,91.05,42.5,34.4,3,2,3.04,0.876,1
44.51,61.55,26.85,46.4,228.8,8,6,0.82,0.961,1
40.86,71.07,94.49,70.8,238.8,5,3,0.79,0.961,1
90.13,60.88,66.54,78.6,80.6,18,1,0.25,0.968,1
75.86,92.23,60.4,78.0,167.9,6,3,1.22,0.742,1
51.98,22.76,56.22,74.5,338.6,15,4,0.79,0.956,1
96.92,90.6,16.89,82.6,312.9,14,2,2.13,0.719,0
48.27,53.45,90.17,50.4,161.5,15,2,1.79,0.932,1
10.42,65.48,66.52,45.1,142.0,13,2,6.5,0.949,1
29.39,13.95,22.33,69.5,69.7,3,5,3.37,0.975,1
45.55,39.25,16.68,79.5,41.3,22,2,0.37,0.899,1
19.59,74.24,19.06,67.9,125.2,1,6,2.64,0.835,1
93.12,68.62,63.75,86.2,330.9,6,2,0.43,0.997,1
76.32,8.61,64.12,78.2,336.8,23,4,0.98,0.962,1
29.95,54.19,54.97,73.6,290.0,6,4,1.82,0.97,1
59.94,12.95,39.54,42.9,142.3,5,6,1.57,0.908,1
72.09,94.63,57.54,45.2,76.0,19,3,2.56,0.79,0
92.54,85.76,56.3,77.7,220.6,8,0,3.52,0.849,1
86.99,6.9,16.55,49.5,236.9,16,2,3.74,0.979,1
52.91,82.28,37.6,41.4,165.9,20,2,0.32,0.696,0
77.04,87.75,19.25,83.7,251.3,10,0,2.25,0.975,1
57.28,36.82,87.01,82.8,268.9,15,3,6.71,0.885,0
56.4,69.76,73.02,50.5,280.6,0,4,3.01,0.934,1
15.67,44.79,94.69,77.4,190.7,15,2,1.67,0.982,1
16.73,63.97,39.17,42.3,283.3,16,3,12.0,0.789,1
54.25,35.63,85.28,53.7,38.2,5,0,0.29,0.848,1
30.0,34.03,63.24,69.9,247.7,21,4,0.38,0.837,1
6.96,43.2,51.25,76.6,105.4,10,4,3.12,0.908,1
72.22,18.1,32.81,40.5,116.6,6,3,1.8,0.965,1
8.02,79.8,74.07,55.7,59.2,15,1,0.47,0.977,1
60.36,36.38,87.33,50.3,91.6,21,1,1.14,0.933,0
55.15,41.01,33.82,87.9,347.4,1,5,0.33,0.778,0
95.1,85.46,29.03,72.2,162.9,19,5,1.69,0.947,1
50.03,49.7,70.7,59.5,326.9,12,1,0.42,0.747,0
10.91,53.98,93.16,43.6,82.1,12,6,0.21,0.929,1
56.31,91.08,75.0,68.7,95.3,14,0,0.98,0.919,1
83.22,84.81,37.77,70.8,208.5,14,1,0.73,0.977,1
97.71,20.25,48.6,79.2,141.9,8,3,1.1,0.854,1
45.02,47.59,45.75,53.9,236.1,17,4,1.06,0.844,1
34.79,92.42,83.17,87.1,165.1,13,3,2.19,0.956,1
89.32,38.51,76.71,61.1,289.7,22,3,2.48,0.935,1
22.79,38.44,62.12,54.2,168.1,13,2,0.47,0.948,1
62.23,22.55,37.0,56.7,213.2,3,0,1.54,0.787,0
42.73,15.29,90.04,64.9,132.7,13,4,4.6,0.545,0
8.82,71.63,67.27,85.0,255.3,9,2,0.52,0.982,1
37.3,74.3,92.64,75.3,239.5,10,6,7.01,0.939,1
29.67,92.21,61.41,67.7,157.0,21,0,0.24,0.815,0
68.81,74.61,80.7,47.8,118.3,0,4,0.41,0.995,1
93.24,26.9,80.05,47.2,226.5,13,2,0.59,0.773,1
29.93,8.61,41.99,64.1,331.8,7,5,1.47,0.928,1
80.47,93.69,92.12,75.0,72.4,5,1,0.91,0.918,1
10.15,35.64,16.76,76.0,285.7,10,3,1.28,0.987,1
55.05,33.08,76.5,50.8,203.8,13,5,5.85,0.973,1
11.56,86.54,92.24,44.8,198.2,6,1,1.04,0.989,1
91.87,57.66,42.11,58.5,337.7,21,4,3.97,0.92,1
76.27,24.34,66.85,84.1,223.9,6,5,0.35,0.974,1
66.19,85.02,59.98,66.2,295.8,20,5,3.54,0.901,0
81.62,94.4,75.92,55.4,194.6,18,2,4.84,0.888,1
65.22,12.8,84.29,55.5,110.0,21,2,0.87,0.869,1
95.11,82.6,63.24,46.3,252.2,9,2,1.78,0.85,1
71.4,40.15,80.27,62.7,325.4,21,3,0.61,0.867,1
90.99,52.17,39.98,78.0,299.2,8,2,0.39,1.0,1
53.09,87.33,33.29,86.5,93.5,17,0,3.14,0.98,0
15.89,92.6,49.45,64.1,131.4,16,0,2.19,0.843,1
54.12,28.59,69.22,48.0,195.4,12,0,2.99,0.984,1
16.8,24.16,29.98,72.8,212.9,3,5,1.36,0.747,0
60.1,12.25,69.43,76.3,92.0,20,1,0.77,0.768,0
49.87,55.56,46.53,43.4,103.6,6,4,1.31,0.996,1
62.9,6.22,78.65,80.8,272.8,7,1,0.33,0.907,1
5.93,42.07,17.95,79.8,263.7,15,5,0.87,0.896,1
23.12,11.6,68.44,62.7,298.5,11,1,0.91,0.916,1
50.69,41.47,66.99,66.9,328.5,0,3,2.71,0.751,0
93.4,8.59,90.27,74.2,128.6,5,5,0.31,0.929,1
40.68,80.17,72.07,72.5,305.1,0,1,0.76,0.868,1
44.47,23.88,78.7,40.8,243.1,7,3,0.85,0.873,1
71.47,34.55,87.37,45.9,336.5,11,6,1.8,0.826,0
61.15,83.3,69.0,47.8,117.1,15,0,0.76,0.91,1
32.8,72.16,38.21,76.3,116.3,0,0,0.48,0.972,1
43.21,24.71,84.58,61.1,255.4,3,1,0.8,0.82,1
25.25,11.47,74.81,66.2,327.1,18,1,1.3,0.931,1
94.84,69.41,48.96,77.1,293.9,17,6,1.69,0.93,1
17.15,40.16,71.84,56.4,262.7,7,0,0.27,0.992,1
39.58,73.95,84.42,75.9,153.9,5,6,0.94,0.97,1
7.4,45.08,93.05,61.2,259.7,12,2,3.09,0.994,1
25.63,36.14,91.19,58.1,286.4,19,0,2.02,0.763,1
77.58,45.61,41.03,56.0,271.1,2,6,1.42,0.901,1
23.71,72.37,48.74,86.3,246.6,14,2,1.41,0.922,0
12.45,86.2,23.76,77.1,45.1,5,0,1.12,0.9,1
49.12,9.48,34.8,41.0,241.1,5,4,1.04,0.76,1
5.93,52.17,85.59,86.0,183.1,4,3,1.22,0.912,1
12.88,7.96,43.87,77.2,337.7,18,3,4.27,0.937,1
80.11,47.16,64.64,47.2,224.3,9,4,1.47,0.81,0
76.75,84.68,68.28,43.7,224.6,8,2,2.41,0.982,1
90.11,37.54,77.55,54.8,348.1,13,1,3.5,0.915,1
84.47,88.92,29.62,70.0,59.9,21,1,1.33,0.803,0
68.54,61.75,39.39,69.6,118.4,4,3,3.85,0.815,1
9.87,89.07,50.87,53.2,239.9,6,1,10.04,0.937,1
77.8,73.14,44.19,61.4,130.9,16,2,1.6,0.921,0
83.63,14.31,93.63,50.2,140.8,22,6,1.23,0.918,1
79.31,25.8,81.8,42.4,315.6,16,1,3.48,0.957,1
52.29,40.48,53.37,64.8,215.4,8,0,2.29,0.736,0
26.66,20.31,85.34,56.7,62.9,21,4,2.1,0.962,1
83.62,49.54,42.81,66.1,129.5,22,3,4.55,0.942,1
72.63,47.42,77.87,85.4,54.3,6,6,2.3,0.978,1
96.21,91.06,32.89,46.9,208.0,0,1,2.25,0.996,0
19.48,44.04,76.79,40.1,85.4,1,6,0.66,0.88,1
25.99,75.71,51.52,43.7,304.3,9,2,2.53,0.97,1
24.7,89.77,23.6,62.2,214.7,18,1,5.08,0.976,1
78.71,83.93,36.86,73.9,49.0,7,6,1.92,0.931,1
22.38,23.78,47.18,67.9,126.3,8,4,4.87,0.772,1
11.2,49.64,74.94,63.8,227.2,14,0,1.03,0.968,0
97.87,36.3,20.84,57.0,137.4,10,5,0.29,0.774,0
7.31,40.99,67.76,54.9,194.2,23,3,1.38,0.935,1
82.68,37.47,72.28,58.1,321.0,11,3,0.21,0.733,1
38.98,79.37,67.31,69.4,142.0,21,2,0.54,0.909,1
83.27,45.69,75.85,48.1,137.5,17,0,0.62,0.949,1
56.58,52.13,29.25,77.0,292.3,1,1,1.73,0.823,1
88.85,93.42,61.97,67.6,132.0,14,1,6.19,0.998,0
91.14,10.4,90.29,52.9,54.9,9,5,0.24,0.957,1
5.85,48.92,63.86,64.1,87.9,6,6,0.74,0.968,1
12.01,74.67,63.91,86.2,333.6,8,5,7.18,0.988,0
28.28,18.6,73.92,41.0,328.7,21,6,4.47,0.805,1
67.25,60.04,41.66,49.6,101.9,16,5,3.8,0.737,0
87.61,26.55,71.04,61.5,207.1,13,2,0.39,0.856,1
47.77,83.07,88.3,70.6,74.0,8,0,2.27,0.872,1
61.45,34.44,15.87,50.2,245.9,6,2,0.65,0.979,1
22.53,34.62,84.61,84.7,89.3,14,4,2.31,0.845,0
79.86,58.84,32.49,70.8,45.9,2,4,1.32,0.947,1
94.96,21.52,51.47,82.1,294.0,1,1,2.22,0.862,1
29.98,30.64,83.19,55.8,134.1,2,4,1.32,0.911,1
51.02,42.5,80.91,79.8,64.7,1,2,4.97,0.99,1
13.01,36.83,86.35,58.2,296.8,12,3,0.25,0.988,1
57.0,52.24,90.23,52.1,274.0,12,4,0.63,0.961,1
51.76,58.97,50.77,83.8,248.8,1,6,3.78,0.977,1
18.43,56.0,67.51,44.4,321.6,19,2,2.87,0.922,0
46.11,63.88,46.24,85.3,186.6,21,3,0.61,0.723,0
36.07,32.7,43.06,62.0,71.0,18,6,0.46,0.796,1
53.53,16.38,49.53,87.6,49.6,8,3,0.95,0.93,0
59.47,73.47,74.45,65.9,131.9,4,5,1.52,0.638,1
5.79,81.57,55.12,76.4,57.8,20,6,0.3,0.946,1
75.77,28.13,80.12,40.3,201.4,6,5,3.94,0.932,1
71.31,41.64,74.62,63.8,34.6,12,4,1.67,0.96,1
39.06,49.87,16.64,75.4,172.0,0,0,5.24,0.864,1
9.92,53.0,65.42,77.6,87.1,8,5,0.99,0.803,1
75.21,64.35,49.93,47.6,147.8,1,4,0.3,0.817,1
93.83,8.74,51.53,60.1,246.0,2,4,4.3,0.903,0
27.33,69.93,80.47,60.1,142.3,11,0,0.52,0.957,1
35.09,10.58,58.81,45.0,139.2,4,4,1.02,0.735,0
22.09,47.15,85.85,61.3,347.0,11,2,1.45,0.766,1
58.66,79.49,72.02,78.7,260.0,3,0,1.55,0.77,1
19.4,45.61,59.23,54.4,194.4,20,2,0.25,0.988,1
38.13,18.42,75.36,60.8,215.4,20,3,1.7,0.998,1
69.82,93.65,18.07,86.1,228.5,11,0,0.36,0.983,1
57.09,85.04,17.17,41.5,37.9,4,3,0.99,0.868,1
40.94,74.42,21.67,68.4,55.7,13,5,7.62,0.806,1
44.08,42.04,50.01,75.7,237.7,13,1,0.86,0.95,1
57.28,21.55,33.84,76.5,146.6,9,6,3.55,0.84,0
5.55,89.73,93.74,74.4,47.7,9,1,1.63,0.968,1
12.3,52.91,58.38,74.9,125.2,4,2,0.65,0.999,1
86.96,81.71,67.99,42.8,71.7,17,3,2.76,0.997,1
12.24,35.79,37.31,65.6,323.2,16,3,1.82,0.978,1
70.73,35.18,40.74,77.6,94.9,9,0,1.72,0.852,1
90.56,93.7,41.84,44.5,76.0,10,1,0.26,0.967,0
30.17,51.96,70.9,40.6,230.4,14,2,1.01,0.971,1
39.46,17.66,52.9,79.1,197.0,23,2,2.85,0.987,1
57.91,24.77,56.41,74.2,214.3,18,0,3.38,0.916,1
87.0,48.37,62.36,59.8,169.5,11,0,3.57,0.872,1
92.6,8.82,76.5,85.1,179.5,15,5,0.28,0.58,0
73.78,46.63,22.23,76.8,279.2,22,2,0.56,0.971,1
13.06,42.7,77.15,86.5,100.4,23,0,8.68,0.902,0
67.23,75.14,60.06,84.6,156.9,11,5,0.54,0.888,1
43.16,36.94,68.53,63.1,336.5,21,3,0.68,0.956,1
48.78,93.43,41.2,76.2,90.8,21,2,3.45,1.0,1
9.57,21.27,47.75,72.1,124.0,18,4,1.2,0.728,1
22.77,58.19,33.49,78.9,91.3,2,1,0.45,0.976,1
78.52,13.07,93.34,77.8,36.6,12,1,0.47,0.999,1
47.22,71.05,54.76,47.4,116.3,20,4,0.37,0.84,0
33.05,94.53,94.69,51.2,44.9,21,4,0.6,0.915,1
40.71,78.72,54.18,52.8,79.5,14,6,1.57,0.915,1
84.46,55.01,32.58,79.3,146.1,16,3,0.23,0.784,1
74.66,48.63,55.6,78.9,36.6,10,2,0.45,0.975,1
30.33,80.15,18.17,63.8,270.9,22,0,4.95,0.857,1
15.93,89.24,87.38,67.9,284.6,11,1,4.38,0.934,1
28.44,94.03,80.48,79.7,161.7,16,4,3.78,0.997,1
90.63,40.69,73.07,55.0,345.1,21,6,2.65,0.912,1
59.09,94.18,63.79,42.4,247.3,22,2,2.37,0.959,1
54.61,19.03,61.39,63.2,268.0,4,0,0.84,0.939,1
60.46,27.82,94.74,83.9,91.5,4,6,1.02,0.758,1
39.04,13.01,37.24,77.9,298.0,6,1,0.74,0.869,1
80.06,29.46,77.37,57.6,332.4,2,2,8.06,0.908,0
53.67,74.11,61.51,43.1,105.6,2,1,2.21,0.961,1
15.86,81.76,93.07,70.6,249.7,16,3,6.95,0.694,1
17.0,75.1,81.22,80.1,269.0,23,6,0.83,0.797,1
54.93,61.8,94.88,71.9,127.7,1,1,2.14,0.863,1
92.1,51.26,62.07,60.4,182.0,14,3,3.05,0.963,1
33.68,68.78,31.36,45.9,61.2,18,3,0.4,0.985,1
85.87,40.18,55.29,83.7,85.4,22,3,2.4,0.895,1
76.06,80.72,71.89,53.2,49.7,9,0,0.57,0.809,1
28.05,65.95,76.95,50.8,209.3,10,5,1.0,0.949,1
8.38,67.8,15.04,79.2,230.1,23,0,2.72,0.93,1
14.47,53.23,55.4,87.1,323.2,8,3,1.36,0.871,0
72.75,84.67,33.82,71.7,203.5,13,2,5.28,0.951,1
23.57,27.68,84.99,70.0,113.4,23,5,0.75,0.953,1
39.53,39.3,27.23,55.3,49.0,6,5,0.53,0.97,1
51.66,74.99,68.32,41.0,313.2,9,3,1.02,0.957,1
72.47,49.35,36.28,49.2,183.2,0,6,4.02,0.958,0
15.53,85.03,43.52,68.1,265.9,0,2,3.96,0.831,1
42.79,36.18,90.24,47.3,34.7,13,1,1.12,0.923,1
50.11,38.24,34.24,82.4,186.2,7,0,3.52,0.996,1
55.3,84.99,22.6,49.0,134.2,13,2,0.36,0.832,1
81.11,46.79,20.54,65.1,39.7,6,5,0.22,0.85,0
20.97,51.45,55.37,64.6,278.2,17,2,4.2,0.899,1
80.13,34.95,66.34,69.0,194.1,22,2,4.34,0.864,1
69.44,29.9,41.18,55.7,136.6,8,4,0.51,0.954,1
56.7,64.04,70.22,81.9,287.9,14,0,0.91,0.981,1
70.06,15.79,19.88,61.3,173.0,0,4,4.0,0.766,1
43.32,84.13,83.59,73.6,31.1,10,1,0.37,0.969,1
17.87,75.13,80.33,70.5,332.2,18,2,4.18,0.989,1
66.92,22.17,93.84,45.6,111.8,9,0,1.91,0.74,1
53.79,67.46,89.92,69.9,295.8,17,5,2.34,0.993,1
64.46,59.24,43.5,66.4,291.3,21,0,2.01,0.983,1
36.43,21.61,46.94,83.1,82.0,3,0,1.95,0.861,1
89.34,29.59,74.68,82.3,181.7,17,2,0.61,0.922,1
59.63,41.81,25.73,47.2,42.9,17,5,0.74,0.999,1
12.94,67.93,40.12,43.9,143.5,21,3,1.94,0.9,1
46.83,62.49,24.48,54.1,263.9,21,6,1.23,0.903,1
75.34,52.9,51.39,87.4,105.9,19,3,1.76,0.951,1
78.85,74.16,59.16,41.0,67.5,11,3,0.78,0.802,1
51.0,73.21,31.89,72.3,192.3,8,4,1.45,0.948,1
88.21,60.61,17.13,69.2,201.8,17,2,0.51,0.954,1
29.89,75.83,72.55,71.0,246.3,5,1,0.28,0.955,1
43.19,35.08,16.6,50.5,272.9,22,4,6.24,0.888,1
88.57,84.31,92.87,50.9,252.7,18,0,2.77,0.937,1
88.35,60.34,32.73,60.7,300.5,19,3,1.58,0.917,1
68.77,79.01,68.11,44.6,101.3,22,0,1.8,0.904,1
84.89,54.17,49.78,43.6,212.3,14,4,1.63,0.8,1
13.26,24.66,19.77,44.2,145.2,4,5,4.78,0.951,1
85.44,53.82,52.77,67.5,337.9,10,3,3.17,0.975,1
34.82,38.4,56.34,59.1,170.9,12,2,0.99,0.961,1
21.58,67.77,83.37,54.1,337.1,1,3,0.69,0.839,1
27.26,47.82,73.59,55.2,276.1,7,3,0.34,0.904,1
43.87,80.25,21.34,49.9,259.9,10,5,0.52,0.81,1
28.36,66.03,31.73,59.8,187.3,17,3,1.55,0.907,1
34.81,66.61,39.95,49.7,171.9,9,4,0.65,0.972,1
17.55,24.54,24.31,73.5,198.5,0,3,0.95,0.978,1
32.54,93.58,51.55,45.9,124.0,3,5,0.49,0.662,0
58.22,80.75,93.74,85.5,319.4,16,4,5.32,0.788,0
46.09,76.01,56.17,44.3,284.2,16,0,0.27,0.946,1
37.24,34.72,74.35,85.3,286.4,4,2,1.07,0.842,1
74.42,53.21,69.64,80.0,168.6,22,3,0.8,0.979,0
88.1,17.34,82.99,72.7,52.7,2,4,0.22,0.931,1
75.38,53.46,32.26,83.8,248.6,6,3,5.48,0.714,1
35.88,18.13,75.31,46.7,149.8,4,3,0.95,0.989,1
74.23,54.77,85.51,48.5,308.5,9,5,1.6,0.899,1
19.13,63.38,28.72,52.1,279.7,23,3,1.95,0.991,1
17.12,40.12,42.74,51.8,76.5,6,1,2.09,0.774,1
37.14,49.87,92.61,54.9,222.5,16,2,1.43,0.813,1
80.12,83.81,77.46,67.6,251.5,16,2,2.0,0.823,0
27.91,14.77,37.61,41.4,211.8,6,4,2.99,0.81,1
10.88,76.26,60.12,58.3,194.5,5,0,6.28,0.99,1
17.25,20.37,47.35,51.8,102.9,8,0,2.34,0.975,1
84.86,8.3,54.2,69.1,105.5,7,0,1.44,0.947,1
63.94,21.7,43.41,87.3,275.8,13,3,1.38,0.702,1
28.55,73.85,37.35,64.8,36.0,21,5,2.67,0.902,1
56.64,41.46,68.98,60.4,279.3,5,4,2.17,0.974,1
54.06,83.53,77.28,57.7,198.6,8,6,1.29,0.915,1
65.96,52.22,84.92,77.7,329.6,19,3,1.02,0.971,1
26.69,7.0,27.43,43.5,349.1,10,5,10.17,0.797,1
85.39,69.5,80.83,86.1,242.3,10,1,3.11,0.845,1
33.77,14.92,35.38,60.1,161.9,7,4,0.66,0.784,1
69.55,76.04,49.19,55.1,182.0,2,4,0.89,0.637,1
6.5,20.13,87.12,86.8,95.3,10,5,4.68,0.996,1
39.66,36.09,51.36,84.9,61.8,3,6,2.36,0.926,1
37.71,73.51,30.77,70.8,215.2,22,4,0.94,0.855,1
55.54,90.88,27.79,40.9,287.8,2,5,1.11,0.956,1
11.76,38.43,52.84,75.9,113.8,12,1,1.15,0.987,1
78.48,79.65,76.01,56.1,164.3,18,4,0.61,0.947,1
25.25,22.17,94.78,58.6,207.5,7,6,1.63,0.874,0
67.96,77.65,77.99,47.6,320.5,20,5,3.1,0.959,1
79.7,64.17,85.16,65.1,74.4,20,5,1.86,0.834,1
57.25,22.35,74.83,75.7,105.8,23,1,2.33,0.873,1
73.9,32.23,86.63,53.1,323.9,21,0,2.01,0.994,1
66.55,16.86,21.1,85.1,42.7,20,5,0.32,0.779,1
38.06,39.47,89.39,49.3,240.0,0,5,0.62,0.968,1
80.22,23.33,46.71,43.2,234.6,20,4,1.06,0.902,1
32.41,62.96,88.73,70.9,152.6,7,3,4.6,0.675,0
58.12,94.51,21.06,80.8,179.8,8,2,1.06,0.959,1
74.32,6.08,72.22,85.8,303.6,5,1,0.99,0.828,0
40.24,53.68,73.86,76.8,82.8,10,0,0.37,0.995,1
33.16,56.63,94.75,49.6,104.1,9,6,7.36,0.836,0
47.72,87.28,76.51,86.9,194.0,2,0,3.22,0.931,1
81.07,50.54,45.61,84.1,161.1,7,2,3.1,0.823,0
91.48,53.93,59.58,47.8,213.8,4,4,1.17,0.944,1
55.69,47.45,44.32,66.8,324.7,1,6,0.36,0.923,1
66.52,29.2,30.68,66.7,323.5,15,3,0.81,0.965,1
89.0,10.04,34.88,61.2,103.6,0,2,4.03,0.952,0
14.16,41.78,32.76,87.2,126.7,23,4,0.6,0.754,0
26.58,9.73,58.91,42.9,81.9,1,5,4.69,0.977,1
70.93,54.54,87.49,70.1,326.9,2,6,1.73,0.912,1
81.61,32.66,88.02,49.9,157.3,8,4,2.71,0.945,1
84.7,53.02,19.38,65.3,173.9,16,1,1.41,0.953,1
43.6,17.09,21.39,77.4,286.8,23,3,5.59,0.992,1
13.31,88.94,34.61,51.8,194.2,11,3,0.75,0.823,1
45.71,85.51,35.4,58.9,68.3,1,1,1.9,0.979,1
26.46,22.1,22.59,85.6,170.1,23,4,0.34,0.996,1
32.08,35.91,46.08,76.6,231.8,1,4,1.51,0.997,1
76.82,60.21,62.02,67.5,260.1,22,6,7.4,0.81,1
12.02,13.61,61.25,50.7,236.5,18,3,0.38,0.91,1
81.97,36.91,58.47,60.4,68.1,19,3,1.61,0.738,1
44.77,27.6,42.09,77.2,127.4,16,3,2.04,0.971,1
60.43,87.4,71.52,79.4,264.7,16,3,5.57,0.993,1
13.34,81.73,81.12,51.7,311.7,12,4,0.91,0.946,1
36.37,57.18,42.7,71.8,45.1,11,3,1.6,0.895,0
13.34,51.83,21.84,44.6,43.5,10,5,8.92,0.945,1
94.42,88.77,38.71,41.1,235.9,10,4,3.13,0.927,1
80.08,88.92,25.99,66.3,205.4,23,1,3.53,0.998,1
47.75,92.24,52.39,50.8,79.7,7,5,3.23,0.982,1
25.8,16.28,27.47,43.8,205.5,17,0,1.65,0.793,1
91.81,19.45,52.03,75.0,341.8,3,1,1.34,0.975,1
37.05,65.91,32.68,63.9,231.9,17,1,0.79,0.832,1
19.97,53.73,74.1,78.2,173.7,14,2,1.45,0.697,0
57.37,6.66,17.21,71.9,294.8,23,1,0.24,0.895,1
92.77,10.58,59.38,75.0,98.1,6,6,0.4,0.909,1
5.36,84.93,28.56,54.8,162.6,22,2,0.88,0.828,1
27.15,83.2,15.08,52.6,198.9,14,2,1.01,0.933,1
92.28,37.15,84.54,68.8,191.5,18,2,2.66,0.851,0
20.91,85.19,68.72,49.6,324.7,20,5,0.58,0.941,1
15.53,58.43,22.92,79.1,123.7,16,1,3.38,0.932,1
58.03,77.53,68.13,65.1,48.1,9,0,3.43,0.821,1
85.15,43.47,63.93,50.9,323.2,10,6,1.97,0.978,1
49.37,15.21,52.87,70.0,99.5,13,5,1.55,0.996,0
97.49,44.04,48.54,85.4,151.3,3,2,1.46,0.991,1
68.16,46.16,85.97,43.9,199.9,3,6,1.29,0.967,1
11.89,54.58,34.61,45.2,342.3,0,3,0.39,0.934,1
97.33,14.5,46.86,80.5,201.3,11,3,2.33,0.855,1
42.93,94.23,41.33,45.3,173.3,6,4,1.92,0.982,1
31.73,26.97,76.7,41.9,216.8,4,3,0.23,0.954,1
56.88,22.87,88.32,56.7,340.7,0,3,0.65,0.792,0
33.3,52.41,82.98,62.4,291.7,20,2,1.35,0.896,1
13.04,53.35,78.82,67.3,84.1,23,5,4.83,0.866,1
5.13,44.58,93.94,64.4,287.0,7,1,9.47,0.938,1
46.81,74.47,70.77,83.8,299.2,17,5,2.98,0.974,1
82.83,51.5,75.08,76.9,251.0,12,5,2.97,0.912,1
58.23,59.87,93.62,87.2,240.3,16,6,1.27,0.864,0
97.93,70.14,15.56,62.9,171.1,1,3,1.89,0.872,0
31.68,7.25,65.72,44.0,235.3,5,1,0.73,0.803,1
31.08,56.36,74.12,85.9,266.0,20,0,2.88,0.95,1
19.86,84.58,88.43,40.2,69.3,3,6,0.32,0.991,1
20.26,6.56,85.71,77.3,112.3,7,5,1.28,0.994,1
31.52,41.47,82.36,41.5,92.1,14,5,3.76,0.85,1
78.73,88.36,90.66,76.5,299.2,4,3,8.01,0.976,1
89.24,36.78,57.99,85.0,247.6,19,0,2.59,0.864,1
95.68,46.29,15.55,58.7,174.2,10,6,0.64,0.927,1
26.6,93.34,15.88,51.6,294.3,7,0,1.89,0.949,1
86.96,22.94,58.57,50.9,259.4,16,4,1.84,0.889,1
35.53,10.87,49.82,63.6,322.3,8,1,6.95,0.928,1
15.49,82.35,51.1,48.2,54.6,17,1,3.87,0.954,1
85.91,83.16,47.03,72.3,192.9,13,4,0.3,0.983,1
64.16,47.49,88.42,57.7,256.2,23,6,0.7,0.962,1
20.32,51.28,43.73,55.5,96.4,8,2,3.89,0.87,1
44.97,80.22,83.5,62.1,134.7,9,6,7.39,0.908,1
31.71,71.47,87.23,66.0,164.1,23,4,0.9,0.914,1
73.52,28.86,54.96,46.8,284.2,19,6,2.55,0.793,1
47.17,6.52,50.76,74.0,187.9,1,5,0.94,0.849,1
97.0,48.17,75.88,82.4,187.7,2,4,0.28,0.964,1
10.09,82.3,71.64,53.3,167.9,23,4,3.74,0.983,1
38.02,85.63,41.28,48.7,103.1,4,0,2.89,0.947,1
49.82,91.06,23.2,76.5,325.4,3,6,0.31,0.864,1
51.79,84.16,36.19,48.8,131.7,2,6,0.51,0.932,1
34.38,57.2,25.48,42.0,211.6,18,1,12.0,0.932,1
72.82,45.01,38.58,69.7,77.6,9,2,2.3,0.94,0
86.35,74.74,35.95,51.5,169.0,6,3,3.42,0.915,0
92.3,71.58,66.02,48.2,319.2,11,3,1.18,0.94,1
79.87,53.43,91.36,87.1,348.5,7,3,1.66,0.92,1
84.1,12.86,69.86,54.0,145.8,4,2,2.13,0.968,1
56.2,88.35,89.13,83.4,79.3,23,3,3.48,0.981,1
81.81,46.0,77.73,48.6,130.6,12,2,1.03,0.929,0
33.23,37.7,73.23,79.3,134.7,8,3,2.43,0.828,1
42.06,61.66,48.12,64.1,236.2,3,3,3.19,0.712,1
34.47,65.65,40.98,43.8,188.8,1,2,3.47,0.857,1
48.47,23.96,82.7,75.2,275.9,4,1,1.58,0.799,1
31.56,80.32,87.43,82.8,254.4,1,5,1.48,0.984,1
94.43,31.09,51.15,47.8,110.4,17,5,0.42,0.987,1
34.09,21.8,15.73,74.8,281.0,5,2,1.58,0.933,1
14.12,41.58,78.4,61.4,301.2,10,2,2.62,0.923,0
53.99,70.75,37.81,76.2,221.5,9,4,5.27,0.996,1
10.31,91.89,15.79,74.3,326.9,0,0,0.47,0.824,1
15.28,77.84,79.4,41.3,280.5,1,6,7.14,0.991,1
25.4,89.63,56.39,48.6,220.5,20,0,0.73,0.924,1
48.18,17.65,69.82,62.6,320.0,9,1,0.59,0.985,1
45.29,11.41,88.18,84.8,222.1,4,1,0.44,0.985,1
79.37,55.19,58.29,56.4,196.8,11,1,9.44,0.934,0
73.77,31.13,55.26,70.2,144.0,18,0,1.85,0.962,1
44.65,79.52,38.25,40.6,312.5,20,1,0.83,0.891,1
36.03,65.48,39.42,74.1,69.3,1,5,0.96,0.975,1
34.43,92.37,78.72,68.9,181.5,5,1,6.2,0.985,1
76.98,27.93,50.92,74.3,202.0,14,6,4.8,0.856,0
9.84,48.72,28.08,83.4,207.5,7,2,1.06,0.912,1
6.19,50.11,22.56,47.0,238.6,15,5,0.33,0.953,1
78.99,26.53,52.83,52.6,191.9,18,5,3.79,0.944,1
49.37,58.11,52.2,87.8,112.2,17,2,5.12,0.94,1
17.17,44.9,67.28,47.5,304.2,16,6,3.83,0.922,1
26.91,45.2,52.69,74.6,240.4,0,0,5.08,0.692,1
91.72,37.65,26.48,74.8,304.6,10,2,1.92,0.996,1
84.93,6.52,55.62,72.8,118.3,3,1,3.86,0.887,0
71.01,51.99,87.54,50.9,233.9,5,2,5.96,0.98,0
49.85,35.17,27.76,50.3,258.5,6,5,4.61,0.737,1
53.39,5.12,70.18,72.0,152.7,7,4,1.97,0.66,1
95.7,32.71,62.51,48.9,289.9,23,2,2.95,0.929,1
94.82,30.08,74.89,71.8,30.8,9,0,2.76,0.793,1
25.02,40.41,27.05,63.6,220.4,16,1,3.45,0.894,0
80.43,16.87,90.33,58.6,226.3,11,5,0.72,0.986,1
23.34,50.69,64.68,54.4,200.8,7,5,0.2,0.955,1
24.86,67.32,82.77,85.5,231.6,11,1,1.63,0.918,1
67.88,61.72,34.73,64.4,83.5,16,0,3.1,1.0,1
42.67,77.34,74.15,66.9,249.1,2,2,0.47,0.868,1
91.63,45.68,77.48,85.6,137.5,13,6,1.72,0.944,1
13.28,51.72,46.79,71.4,174.7,11,1,0.95,0.644,0
52.57,77.94,45.72,86.0,136.6,4,1,3.84,0.815,0
90.42,43.49,67.62,45.1,181.7,12,4,0.41,0.922,1
89.08,68.14,22.47,80.6,228.9,10,0,3.97,0.996,1
19.56,44.11,73.85,56.1,298.3,15,5,2.09,0.664,0
39.1,42.6,18.43,78.9,184.7,9,5,5.24,0.948,1
62.58,73.42,30.25,81.1,133.4,23,6,5.69,0.684,0
19.82,20.74,68.13,53.0,186.1,7,2,3.51,0.935,1
95.03,35.47,22.87,59.6,250.4,5,2,1.71,0.964,1
90.07,25.18,92.75,74.8,140.9,19,1,0.51,0.972,1
20.53,37.32,84.47,44.8,162.6,19,3,0.71,0.979,1
16.27,25.73,65.1,76.3,210.1,23,4,1.28,0.904,1
12.94,57.15,80.52,45.3,124.1,2,4,2.81,0.842,0
89.58,76.84,86.01,83.9,96.9,23,4,1.77,0.933,1
23.01,75.8,35.76,53.3,74.9,19,5,1.35,0.906,1
43.71,37.81,82.95,67.6,142.8,9,1,1.5,0.969,1
46.74,93.99,30.58,45.6,45.5,17,0,2.91,0.929,0
60.71,58.45,48.07,52.9,216.7,9,0,0.27,0.963,1
11.67,40.95,59.66,59.4,86.3,12,4,1.37,0.752,1
26.09,80.2,72.11,63.4,150.8,13,5,1.9,0.775,1
91.63,70.69,17.41,40.0,116.2,0,3,1.98,0.744,1
89.48,72.43,38.24,82.7,231.7,19,6,2.13,0.996,1
77.66,22.65,63.68,40.4,302.1,14,6,0.31,0.981,1
6.8,47.15,43.59,77.1,232.7,11,5,1.83,0.853,1
35.41,82.56,77.0,62.6,203.6,15,3,1.8,0.935,1
63.4,50.36,67.13,65.1,244.1,6,2,4.06,0.967,0
30.59,66.51,33.75,50.0,39.6,13,3,3.05,0.988,1
89.59,57.91,26.67,69.2,69.3,8,4,0.26,0.769,1
63.95,80.81,65.32,65.8,60.4,8,2,1.82,0.895,0
11.69,30.61,51.04,47.9,61.4,9,4,2.55,0.869,1
89.54,56.79,28.52,51.4,113.4,8,5,1.94,0.973,1
94.07,16.09,41.11,43.2,200.3,15,5,2.46,0.935,1
12.23,67.12,39.24,43.2,66.7,22,0,0.45,0.753,1
54.51,70.88,23.65,40.7,329.2,7,4,0.57,0.957,1
33.21,8.86,58.75,50.6,303.4,1,2,1.95,0.809,0
41.53,65.82,76.09,72.6,340.9,17,4,3.43,0.773,1
21.71,42.32,61.04,55.2,43.6,23,1,0.25,0.978,1
58.76,16.17,81.1,56.5,302.4,17,5,1.35,0.896,1
94.09,42.79,25.21,46.3,287.2,11,2,9.87,0.703,1
51.79,22.48,49.85,67.6,318.7,23,3,3.1,0.994,1
12.71,42.4,63.75,56.4,198.9,2,0,1.4,0.812,0
62.66,39.59,69.08,72.5,282.1,1,3,0.41,0.531,0
36.64,71.46,70.66,75.6,46.4,5,4,1.09,0.947,1
84.6,74.68,73.32,68.1,54.3,5,3,0.54,0.854,1
45.43,59.63,67.11,53.3,67.9,16,2,5.27,0.987,1
22.93,7.04,22.54,64.4,322.7,15,1,2.51,0.882,1
22.77,88.79,70.62,52.1,49.6,22,3,4.07,0.861,1
76.5,66.76,72.98,83.3,62.0,12,4,4.76,0.963,0
29.7,8.08,94.48,76.8,327.7,11,3,2.07,0.991,1
76.35,78.69,70.47,63.7,64.4,10,3,0.21,0.948,1
24.15,23.02,69.95,86.3,308.3,14,6,1.82,0.991,1
34.92,57.13,56.19,66.2,282.6,16,2,3.44,0.897,1
48.29,47.0,84.43,55.8,42.9,19,6,0.96,0.952,1
92.72,42.79,94.75,44.6,37.0,21,6,5.46,0.818,1
91.65,85.07,77.32,66.1,201.0,23,4,11.7,0.861,0
24.24,44.36,64.0,81.3,349.1,7,6,1.79,0.993,1
38.31,11.78,21.32,81.6,311.2,6,4,1.72,0.888,1
18.89,90.2,73.14,69.0,129.2,10,1,2.33,0.906,1
52.43,87.85,71.68,58.9,153.6,20,6,1.87,0.98,1
47.83,66.6,77.05,71.2,154.1,21,2,0.55,0.87,1
88.77,47.11,24.96,76.6,264.9,7,5,0.83,0.981,1
91.49,13.36,67.3,59.8,139.2,18,2,0.65,0.749,1
40.67,76.17,38.66,62.9,77.3,5,0,0.35,0.956,1
50.73,11.79,75.82,72.7,269.1,19,1,0.5,0.932,1
88.35,11.17,34.23,82.1,176.6,18,1,7.37,0.828,1
80.02,53.36,69.72,78.0,54.6,18,4,1.82,0.907,1
5.34,19.41,38.6,41.1,282.8,3,4,0.47,0.892,1
34.77,5.7,15.72,46.0,217.3,21,1,2.7,0.97,1
44.23,43.08,65.67,80.9,186.6,14,2,1.5,0.83,0
26.36,17.35,24.06,80.0,245.5,16,0,0.71,0.955,1
23.56,19.45,67.74,58.7,191.7,17,4,5.95,0.855,1
8.51,11.92,89.05,68.0,237.5,19,0,0.71,0.994,1
64.83,23.46,92.54,83.5,307.6,11,1,0.41,0.959,1
29.41,69.39,33.87,83.8,226.3,9,2,0.66,0.963,1
9.87,77.8,79.74,77.6,241.1,8,0,5.06,0.926,1
26.48,45.73,43.28,50.1,226.4,7,5,4.1,0.924,1
79.58,50.59,87.04,75.1,200.0,7,3,4.69,0.925,1
84.19,7.94,78.0,44.9,85.0,10,1,5.16,0.974,1
49.93,11.24,20.91,82.9,137.4,22,2,0.36,0.894,1
43.69,28.18,47.57,47.2,251.8,11,1,2.68,0.857,1
95.94,53.95,41.99,71.8,166.2,21,1,2.38,0.958,1
23.65,71.56,77.81,69.3,160.0,22,0,10.1,0.793,0
25.03,59.45,47.82,77.3,273.0,5,0,2.71,0.987,1
32.14,40.29,69.77,66.5,31.8,2,3,3.34,0.945,1
21.07,15.65,63.19,42.9,247.3,14,4,2.71,0.976,0
40.28,75.27,93.05,73.9,186.6,5,3,2.14,0.798,1
89.71,37.74,90.02,58.4,150.6,6,5,1.81,0.933,1
62.23,71.24,49.22,55.4,139.0,5,2,7.16,0.784,0
43.31,51.17,72.89,87.6,85.3,1,6,5.71,0.933,1
91.9,71.48,81.36,68.3,137.0,5,2,1.35,0.855,1
9.51,86.66,86.91,74.1,155.3,1,1,0.87,0.784,1
24.56,87.89,20.45,65.3,170.0,0,0,1.62,0.979,1
57.63,53.16,39.17,77.0,245.1,14,1,2.94,0.973,1
62.25,51.04,40.62,76.1,175.1,9,4,1.22,0.902,1
8.68,28.91,49.76,71.5,284.8,9,1,1.74,0.89,1
42.48,89.22,28.54,87.9,234.7,9,5,0.91,0.94,0
65.37,46.21,54.7,62.1,90.7,4,2,1.32,0.633,0
69.92,16.48,68.06,73.9,118.7,3,5,6.51,0.891,1
64.35,43.94,54.79,78.3,55.4,14,2,0.68,0.898,1
34.81,16.43,68.26,58.0,332.6,8,5,9.17,0.982,1
13.7,50.23,20.32,61.9,313.7,15,3,0.69,0.765,1
44.72,55.51,85.08,86.5,57.1,8,6,0.97,0.895,1
16.97,35.4,90.13,41.5,213.7,18,5,0.38,0.989,1
93.13,11.45,64.43,56.1,337.3,13,1,2.99,0.926,1
49.19,89.92,85.51,63.3,269.1,11,0,0.24,0.824,1
34.51,74.6,25.52,40.1,187.4,11,4,3.3,0.868,1
76.27,80.5,78.8,83.2,107.2,2,4,1.92,0.952,1
51.31,38.02,24.53,53.7,119.3,18,5,2.96,0.895,1
33.83,73.47,47.64,52.4,265.6,10,0,3.26,0.761,1
80.51,48.68,40.91,79.4,279.8,4,4,0.47,0.915,1
85.65,23.1,61.85,53.3,199.2,5,5,0.24,0.91,1
67.59,16.2,39.12,71.6,68.7,5,5,0.57,0.988,1
9.37,36.05,65.99,79.4,328.8,18,0,1.17,0.984,0
57.67,17.38,44.39,78.0,300.3,13,0,0.35,0.9,1
75.99,94.84,83.86,77.5,75.0,15,3,1.42,0.807,0
17.69,9.43,65.71,44.3,48.2,11,5,0.87,0.894,1
26.27,44.7,32.22,43.8,201.5,17,1,1.1,0.843,1
87.07,45.69,41.89,54.7,120.9,21,2,5.84,0.867,1
6.87,32.06,82.79,41.7,120.6,12,2,2.78,0.937,1
75.0,56.42,45.92,64.0,57.9,19,5,2.35,0.776,1
49.06,18.5,57.86,58.9,335.1,8,1,2.32,0.97,1
46.55,75.55,66.92,66.7,295.7,17,4,1.82,0.989,1
5.66,34.92,42.82,54.3,66.4,3,6,1.64,0.968,1
81.2,58.22,38.52,63.3,310.5,10,0,4.48,0.918,1
38.46,69.41,53.02,56.1,248.5,17,2,0.36,0.992,1
55.29,85.01,32.19,49.4,134.1,20,3,0.88,0.989,1
67.99,80.22,37.74,71.2,308.8,2,4,0.42,0.97,1
70.34,59.75,19.97,72.3,221.4,3,3,0.22,0.977,1
93.91,39.96,39.32,79.8,301.6,8,2,0.23,0.969,1
54.41,50.29,40.66,82.0,180.2,12,1,0.25,0.716,1
42.17,74.19,91.95,73.8,190.2,14,1,2.49,0.96,1
93.69,83.98,62.18,73.0,123.1,9,3,0.44,0.842,1
64.72,14.34,77.99,42.7,154.1,20,5,0.65,0.921,0
32.73,39.64,18.63,45.3,211.7,8,4,1.29,1.0,1
16.76,74.85,23.52,79.0,333.1,15,2,0.83,0.876,1
83.36,43.85,80.16,51.2,222.0,15,0,3.59,0.954,1
38.68,34.9,64.88,57.1,77.2,12,1,2.15,0.96,1
66.42,42.02,30.28,47.0,32.2,4,3,1.01,0.956,1
48.79,59.26,47.38,49.4,302.3,9,6,0.96,0.976,1
23.5,94.98,58.09,77.2,146.6,23,2,2.5,0.832,1
60.96,49.37,82.49,52.6,130.8,0,4,0.57,0.893,1
10.64,23.76,19.83,61.6,286.2,2,5,0.86,0.799,1
43.44,19.66,62.74,47.3,332.5,20,0,1.07,0.62,0
55.84,8.81,72.36,72.5,269.4,2,0,1.41,0.991,1
45.55,55.29,93.23,75.0,85.6,9,5,0.62,0.942,1
74.63,54.01,79.57,57.4,155.2,16,1,0.54,0.743,1
82.0,23.47,37.1,77.7,273.0,17,0,9.4,0.875,1
76.73,67.58,71.77,51.5,320.2,12,2,5.09,0.82,1
8.61,71.7,76.06,73.2,349.6,1,1,1.68,0.653,1
23.05,28.32,73.38,75.0,193.7,15,1,3.1,0.891,1
54.9,35.97,80.61,86.5,293.2,3,1,2.44,0.84,0
91.94,94.14,87.3,51.2,44.9,21,5,0.36,0.977,1
82.65,38.68,22.87,44.5,121.5,17,6,1.66,0.88,1
83.36,73.47,23.38,52.6,148.9,13,2,0.61,0.638,1
33.2,45.75,78.71,45.9,342.2,5,3,1.95,0.993,1
44.94,76.4,35.19,48.1,31.1,10,0,0.33,0.79,0
48.78,74.21,19.68,56.0,128.6,16,0,0.56,0.931,1
19.64,65.1,47.1,59.9,327.7,7,3,3.24,0.853,1
7.89,81.93,80.59,83.4,128.1,2,1,3.91,0.983,1
93.06,89.53,25.13,49.4,102.0,23,4,4.96,0.911,0
27.39,57.2,68.75,86.6,263.6,2,2,4.74,0.91,1
27.32,26.37,15.29,78.9,268.5,16,1,4.95,0.979,1
12.75,40.88,23.78,82.3,181.1,3,1,0.4,0.968,1
91.35,73.25,43.07,84.6,333.0,18,1,2.35,0.997,1
58.92,63.58,21.69,76.2,94.9,7,0,2.61,0.751,1
67.03,21.0,82.67,77.9,322.3,16,5,0.82,0.92,1
89.78,9.61,84.13,61.0,271.8,21,5,10.1,0.894,1
37.14,66.47,75.45,64.5,147.8,4,6,0.87,0.999,1
62.8,27.6,34.4,84.8,288.2,10,5,1.91,0.995,1
8.61,49.97,56.86,58.2,72.6,11,0,4.32,0.97,1
22.37,72.21,29.74,42.0,71.9,20,5,0.88,0.942,1
82.31,55.64,37.5,76.6,327.6,14,4,2.07,0.963,1
76.31,12.5,56.28,67.5,60.3,11,2,2.75,0.974,1
37.61,21.7,73.8,79.1,31.3,21,6,2.17,0.812,1
40.04,24.74,22.57,43.6,154.5,6,1,1.24,0.868,1
54.62,28.21,38.74,69.8,63.2,23,6,5.99,0.93,0
5.02,55.89,89.13,51.9,306.2,2,5,2.1,0.933,1
27.44,50.36,49.33,83.4,325.3,9,6,0.71,0.985,1
24.37,23.28,90.11,45.3,184.4,15,6,3.48,0.947,1
28.29,11.08,94.31,80.5,166.2,0,0,2.33,0.962,1
79.95,20.43,57.13,44.3,202.5,20,3,0.43,0.854,1
31.01,93.59,38.04,41.2,102.4,10,0,0.85,0.822,1
22.81,47.17,78.26,51.3,125.3,16,1,0.54,0.975,1
51.9,83.06,27.74,56.0,62.3,13,1,0.35,0.939,1
85.5,81.39,35.16,70.1,172.9,17,0,0.72,0.95,1
27.45,51.04,77.79,46.3,225.7,11,3,0.85,0.897,1
12.3,68.6,49.69,61.0,327.7,15,3,1.46,0.796,0
38.15,22.35,31.12,49.8,266.5,7,6,7.16,0.813,1
74.53,66.96,67.09,81.1,261.4,2,1,5.94,0.863,0
56.21,29.51,73.62,42.2,128.6,10,6,3.0,0.934,1
80.96,79.89,25.01,57.1,314.3,14,0,2.28,0.916,1
94.24,12.54,37.16,70.3,333.0,3,2,6.09,0.767,1
78.72,74.58,32.7,83.8,328.3,15,2,0.51,0.987,1
61.15,13.99,45.39,81.7,42.4,21,1,1.0,0.823,1
50.88,84.31,76.08,83.0,223.4,23,3,1.81,0.914,1
8.73,32.38,72.1,43.0,235.8,16,2,3.56,0.981,1
96.54,63.9,68.0,80.4,124.4,13,0,2.16,0.795,1
40.66,48.88,15.5,77.4,347.6,1,6,3.51,0.933,1
19.16,37.97,26.37,83.3,123.2,21,4,0.53,0.958,0
67.0,63.09,32.86,55.0,99.3,14,4,0.63,0.853,1
31.44,90.28,36.76,83.8,184.9,23,3,2.9,0.927,1
59.48,8.71,26.71,59.3,133.4,7,5,1.06,0.913,1
59.57,87.7,47.83,70.4,325.7,12,4,1.35,0.902,1
46.45,59.82,21.01,60.4,170.8,2,0,3.34,0.936,1
82.76,77.66,75.0,60.5,161.2,3,5,0.35,0.974,1
29.64,39.55,78.02,66.2,230.3,3,1,0.57,0.845,1
46.72,47.47,60.94,57.1,56.0,3,1,0.9,0.975,0
55.01,83.2,22.18,78.1,272.2,1,0,4.5,0.971,1
66.72,42.34,86.21,70.4,275.9,12,1,1.24,0.727,1
77.91,53.12,92.25,73.1,181.7,21,0,0.78,0.98,1
41.72,6.82,31.19,51.1,335.8,7,0,2.47,0.966,1
65.08,19.27,71.37,86.5,215.4,8,4,0.26,0.792,1
19.01,62.75,82.36,71.7,252.5,0,5,3.18,0.927,1
91.74,69.53,58.19,49.5,325.8,0,4,2.59,0.66,1
40.62,57.43,40.87,76.0,243.2,8,3,0.31,0.967,1
72.85,17.9,53.28,48.3,168.2,10,4,1.58,0.986,1
6.89,45.09,55.98,43.0,37.9,15,1,1.24,0.616,0
24.08,36.96,47.05,65.3,263.1,3,5,0.54,0.826,1
50.3,49.61,89.39,66.6,338.8,14,4,0.53,0.948,0
86.68,83.33,74.51,49.1,180.5,6,0,0.55,0.875,1
54.03,74.83,34.3,56.7,138.7,1,4,2.03,0.953,1
91.48,12.56,61.84,85.4,196.2,9,1,0.58,0.95,1
49.99,85.13,70.1,53.7,263.1,16,3,0.32,0.838,1
50.61,47.46,26.21,47.5,30.2,10,5,6.52,0.927,1
16.14,71.95,43.67,87.6,313.9,22,2,0.28,0.999,1
79.65,17.6,87.44,54.5,313.6,21,5,2.38,0.945,1
27.97,65.36,60.37,72.7,203.2,18,0,5.7,0.894,0
88.66,26.27,32.36,51.1,69.2,9,1,0.28,0.971,1
89.71,44.45,24.82,66.4,245.0,3,1,6.95,0.994,0
92.73,6.52,56.46,58.5,74.1,12,6,1.6,0.861,1
53.38,18.64,58.81,86.2,192.4,0,2,3.28,0.939,1
67.97,13.29,41.75,60.8,60.0,6,3,2.16,0.965,1
77.4,26.58,65.43,68.0,218.5,8,0,2.12,0.966,1
17.18,14.0,20.49,85.3,131.8,0,3,3.31,0.721,0
60.89,67.27,26.61,87.5,295.9,17,2,0.34,0.984,1
8.19,7.61,58.7,44.9,286.0,17,0,1.2,0.92,1
51.27,60.6,19.95,80.0,349.5,15,4,7.18,0.914,1
19.4,17.66,85.47,58.3,112.4,21,3,0.31,0.942,1
22.01,90.06,26.37,68.6,49.8,15,4,0.81,0.996,1
38.95,88.98,68.91,58.0,171.8,4,0,2.43,0.965,1
45.22,25.3,46.3,59.3,56.7,13,2,0.41,0.992,1
62.96,60.3,46.98,47.6,87.1,21,4,1.74,0.604,0
11.92,7.52,76.19,67.5,221.1,0,4,2.7,0.91,1
51.84,88.86,54.96,66.2,219.5,5,1,3.03,0.78,0
21.98,52.07,73.05,49.1,43.9,5,0,1.85,0.971,1
58.38,8.89,55.42,66.0,171.7,22,5,1.59,0.878,1
64.28,35.82,62.43,86.7,199.7,11,2,2.7,0.982,1
56.77,11.92,75.86,74.3,115.8,17,1,0.51,0.968,1
73.66,40.36,63.58,63.1,309.1,21,3,2.48,0.737,1
36.21,65.29,64.25,84.0,81.6,8,2,5.23,0.807,0
76.15,47.29,78.14,67.6,111.2,15,6,2.5,0.865,0
45.25,39.53,90.93,46.5,80.2,14,1,0.3,0.822,0
50.03,15.72,45.14,66.3,67.3,1,6,1.61,0.909,1
65.27,27.04,61.17,48.7,311.3,4,3,2.79,0.881,0
6.71,14.01,21.9,76.8,118.9,22,6,0.29,0.884,1
65.82,77.67,43.7,86.4,261.2,20,2,3.07,0.774,0
62.53,17.17,47.96,57.3,167.0,12,1,0.86,0.991,1
33.82,58.58,81.82,60.9,233.5,18,2,1.98,0.968,1
12.98,35.85,56.07,60.2,327.0,0,4,6.98,0.947,1
13.46,25.34,73.49,53.7,300.3,15,1,10.77,0.973,0
90.86,62.55,16.52,78.1,52.1,6,4,2.21,0.96,1
69.1,46.13,52.16,69.7,300.5,12,1,1.55,0.742,1
16.82,41.01,87.11,43.1,174.6,23,4,0.59,0.978,1
38.18,58.36,32.95,80.3,142.0,21,6,0.67,0.977,1
60.1,49.21,17.52,49.0,245.2,15,0,1.32,0.818,0
82.71,32.31,49.67,87.0,334.1,11,4,2.62,0.918,0
9.06,55.32,71.35,58.1,60.1,6,0,3.13,0.772,1
27.01,65.25,51.36,69.6,275.8,13,5,0.7,0.954,1
87.75,7.4,51.8,43.7,95.1,17,2,1.73,0.882,1
5.85,46.93,68.58,56.5,151.6,20,6,1.99,0.99,1
23.73,10.19,35.35,78.5,309.6,18,3,4.67,0.979,1
94.19,21.78,75.15,62.9,204.7,12,3,4.38,0.927,0
62.05,55.45,27.25,83.4,51.6,1,3,3.6,0.899,1
29.34,82.96,46.66,67.6,192.6,18,0,1.65,0.951,1
11.23,84.45,67.48,84.6,282.7,3,3,0.33,0.991,1
7.62,11.29,81.27,87.2,199.2,13,3,1.01,0.866,1
27.76,42.72,78.32,61.8,83.4,1,4,2.14,0.809,1
86.98,57.47,72.73,67.1,172.4,17,5,2.23,0.68,1
43.68,18.24,43.73,80.1,325.8,23,3,3.98,0.979,0
71.99,73.89,24.78,50.6,240.6,18,0,1.15,0.821,1
90.4,71.98,32.35,81.4,263.6,18,4,5.72,0.915,1
42.95,86.3,84.19,68.4,281.5,3,0,0.56,0.839,0
22.79,5.76,83.59,74.8,59.0,20,1,0.3,0.775,1
53.09,24.5,91.12,43.8,216.1,18,3,0.59,0.972,1
89.45,79.45,21.08,76.8,150.3,21,0,1.44,0.935,1
79.81,65.35,57.94,54.9,74.5,2,0,3.66,0.919,1
11.12,85.5,66.89,78.7,94.9,7,4,0.53,0.983,1
69.41,10.15,71.85,64.4,280.0,3,1,1.79,0.95,1
58.19,58.73,66.51,53.2,81.7,20,1,3.2,0.905,1
89.39,56.21,76.6,85.7,130.0,2,3,0.27,0.963,0
16.39,8.21,43.76,76.7,121.2,4,6,0.28,0.907,1
54.67,51.22,29.35,87.3,45.6,10,5,1.55,0.958,1
86.79,59.86,31.37,57.5,177.9,22,2,0.6,0.715,1
43.13,22.22,15.96,71.2,275.1,18,2,1.4,0.874,1
49.83,29.6,43.03,69.4,37.1,18,4,0.29,0.9,1
11.55,62.63,22.34,73.0,66.0,16,6,7.73,0.93,1
30.87,47.15,40.72,41.8,260.5,1,3,2.32,0.998,1
35.18,82.22,65.26,54.0,219.9,19,4,2.52,0.827,1
92.9,35.81,86.56,83.6,258.9,8,5,1.63,0.893,1
31.29,29.0,82.17,60.3,103.6,2,3,3.68,0.925,1
47.86,93.64,35.21,86.1,287.2,9,1,3.78,0.933,1
67.43,87.0,25.73,50.2,183.6,20,2,0.55,0.998,1
20.08,7.61,30.45,87.9,225.3,8,0,3.13,0.961,0
50.24,74.37,92.68,73.5,59.5,19,2,1.87,0.888,0
73.68,14.93,58.96,77.3,95.6,3,3,3.07,0.699,1
85.62,7.47,29.6,59.0,277.5,21,6,5.22,0.993,1
63.24,29.63,82.26,83.5,101.7,6,5,1.02,0.948,0
67.22,29.24,46.62,66.2,59.6,11,2,1.89,0.876,1
16.74,78.74,86.94,72.7,221.1,10,0,3.3,0.711,0
92.96,68.96,35.85,44.6,205.3,21,1,8.85,0.81,0
17.33,93.34,46.46,70.3,224.5,14,1,2.1,0.899,1
77.04,69.04,55.4,82.2,227.9,19,3,2.75,0.918,1
29.63,42.64,86.41,48.6,190.1,13,2,3.95,0.921,1
91.82,67.9,84.5,75.4,188.0,6,3,2.98,0.934,1
71.96,94.95,60.95,41.2,325.7,14,2,5.91,0.915,1
75.1,68.91,32.74,84.5,200.8,13,6,0.72,0.873,1
25.37,73.55,47.27,87.2,227.5,10,4,4.97,0.995,0
46.2,89.45,93.05,57.0,115.4,9,3,0.66,0.706,0
62.46,15.23,63.62,45.1,308.7,18,2,1.87,0.821,1
76.61,68.43,77.49,71.6,37.8,2,4,1.68,0.766,1
14.67,81.57,50.99,41.4,208.3,11,6,3.76,0.94,1
94.5,90.89,57.56,63.2,152.8,12,3,1.22,0.91,0
87.79,23.99,49.32,53.0,223.2,6,6,0.51,0.952,1
30.14,50.35,71.23,62.7,145.3,11,1,2.65,0.974,1
81.52,66.25,83.12,40.9,259.7,21,5,2.07,0.999,1
53.2,27.27,55.59,42.5,36.5,1,4,3.71,0.948,0
47.95,59.04,53.47,40.8,159.9,0,6,3.04,0.823,1
34.24,28.18,42.22,69.7,296.0,5,3,4.7,0.651,0
59.03,35.01,29.17,66.9,110.1,18,0,3.85,0.89,0
72.88,44.74,90.14,51.2,46.9,5,5,2.52,0.917,1
43.22,52.63,40.29,71.0,188.9,12,1,1.45,0.95,1
63.52,45.44,79.06,82.4,342.5,3,5,0.24,0.666,1
70.04,49.39,72.23,53.3,50.5,13,5,0.94,0.91,1
71.13,31.87,78.27,79.9,52.4,15,4,2.8,0.997,1
9.83,19.31,89.94,71.8,220.4,1,2,0.32,0.842,1
84.96,9.26,64.87,41.6,110.0,8,0,3.03,0.972,1
47.62,22.64,86.84,58.0,161.3,12,2,1.65,0.797,0
29.4,57.37,28.42,64.4,295.8,20,5,4.25,0.975,1
27.48,75.75,65.14,75.1,93.6,13,0,2.36,0.895,1
49.92,20.23,76.78,53.8,260.2,13,3,3.4,0.843,0
87.48,14.77,36.73,87.2,191.4,4,6,0.58,0.981,1
40.19,72.44,74.26,72.9,319.6,1,3,0.58,0.955,1
74.72,32.46,77.28,57.9,341.3,4,2,0.67,0.801,1
14.0,90.63,81.5,44.7,185.2,5,5,1.01,0.988,1
49.27,69.29,40.03,48.7,217.1,1,2,4.9,0.882,1
97.23,34.41,69.53,63.4,268.7,0,2,3.18,0.938,1
76.65,31.06,39.34,63.7,132.0,15,4,1.11,0.942,1
24.58,52.13,74.12,76.9,102.6,21,5,5.21,0.876,1
51.63,12.12,52.04,74.9,338.7,8,1,3.22,0.945,1
26.73,15.59,62.8,49.7,168.4,13,2,2.33,0.999,1
43.09,20.83,48.27,68.6,30.5,8,3,1.35,0.873,1
77.55,74.73,27.96,41.0,298.1,4,6,2.31,0.966,1
76.72,51.25,29.24,59.1,221.9,14,5,2.0,0.966,0
26.21,5.95,21.21,76.7,83.9,9,5,3.25,0.899,1
90.77,65.62,64.45,59.2,39.6,14,5,0.71,0.777,0
60.11,43.13,82.89,80.1,123.3,16,6,4.54,0.967,1
40.33,50.98,16.67,86.9,326.9,2,3,1.99,0.988,1
51.68,24.27,20.3,69.1,328.7,7,2,3.49,0.828,0
61.27,54.66,51.6,47.0,129.5,3,5,1.05,0.996,1
57.07,93.12,74.02,58.2,297.5,10,5,1.19,0.957,1
50.24,11.61,27.62,40.5,171.4,18,6,5.74,0.735,1
51.96,30.55,36.73,68.9,239.4,13,2,2.15,0.844,1
21.41,26.87,33.56,79.4,137.0,17,6,0.96,0.943,1
80.58,27.37,46.92,70.2,195.1,20,3,0.37,0.873,1
55.38,39.08,33.0,77.7,124.0,1,4,1.34,0.724,1
17.19,78.63,43.21,78.4,49.6,8,5,3.98,0.834,1
76.25,87.16,73.28,80.8,74.6,9,0,0.78,0.685,1
91.72,23.2,63.88,52.8,123.0,12,3,4.14,0.957,1
93.1,53.87,21.49,81.8,342.4,18,0,0.55,0.959,1
39.32,62.32,66.02,71.4,339.0,3,2,0.48,0.963,1
17.6,51.96,53.17,53.9,294.9,15,1,2.06,0.848,1
53.21,44.07,89.77,87.4,104.4,11,2,3.47,0.998,0
15.47,22.28,38.14,85.6,171.3,15,6,3.23,0.996,1
91.86,48.94,73.09,67.6,170.7,16,2,1.77,0.726,1
22.07,41.11,73.47,80.5,153.8,15,2,2.24,0.796,0
28.51,76.6,32.72,52.6,44.4,6,5,0.8,0.709,0
42.82,73.72,87.26,60.0,201.0,1,3,1.8,0.746,1
40.63,17.06,54.29,48.8,53.3,8,3,0.67,0.995,1
78.9,12.97,69.31,65.0,286.6,11,1,5.47,0.651,0
47.44,86.73,26.67,63.8,251.2,12,6,2.47,0.954,0
20.88,53.2,35.62,50.2,142.9,13,0,1.86,0.872,1
29.85,82.2,61.89,72.3,237.1,11,6,0.77,0.804,1
52.35,10.23,40.52,45.7,104.6,2,0,1.25,0.988,1
18.71,52.39,54.98,43.0,114.9,21,0,3.23,0.96,1
61.88,53.55,44.92,58.5,130.5,20,2,0.75,0.929,1
57.61,82.46,66.24,59.7,285.0,15,1,0.48,0.892,1
71.47,13.78,53.97,55.3,97.4,17,2,0.93,0.889,1
92.21,26.64,15.37,52.4,210.1,2,1,3.36,0.631,1
89.84,41.59,66.97,56.3,94.1,21,4,4.49,0.846,1
92.99,82.93,48.77,47.8,121.2,8,3,1.27,0.986,0
27.76,89.5,42.34,59.4,105.4,14,5,3.24,0.915,0
17.24,94.35,22.53,83.4,236.4,7,5,1.01,0.943,1
33.11,91.33,32.63,50.8,198.6,9,5,1.62,0.971,1
88.24,5.53,32.9,72.9,260.8,20,2,0.24,0.795,1
95.4,9.29,89.83,46.8,100.4,21,4,2.69,0.971,1
84.92,18.28,49.6,57.0,32.9,2,0,2.74,0.883,0
15.23,36.4,18.37,55.4,247.8,4,5,0.41,0.982,1
93.11,79.69,26.11,85.0,66.8,5,4,1.09,0.707,1
44.37,85.34,21.32,60.5,108.8,13,5,1.52,0.929,1
5.87,21.82,62.11,73.1,127.8,18,3,3.18,0.952,1
46.14,60.77,29.93,68.9,269.0,17,5,3.67,0.772,0
9.28,87.56,54.88,46.8,230.3,6,3,2.74,0.871,0
55.58,46.74,44.6,85.1,89.0,3,5,0.69,0.872,1
36.49,14.32,79.31,56.6,221.3,2,5,1.08,0.945,1
49.03,46.2,40.64,42.1,256.6,12,3,0.77,0.943,0
62.02,38.82,51.66,54.4,154.4,3,6,2.23,0.944,1
85.8,56.99,72.7,56.1,108.7,8,5,2.28,0.753,1
66.56,44.48,49.67,44.5,247.3,5,4,0.23,0.703,1
45.37,6.56,78.46,69.8,225.5,10,6,2.83,0.905,1
81.21,94.46,67.93,56.6,54.9,8,0,0.72,0.967,1
89.22,53.92,47.84,70.2,243.3,8,2,3.43,0.992,1
16.14,47.63,55.32,40.3,186.3,21,5,3.78,0.784,1
54.47,90.92,92.38,87.1,271.1,20,6,3.39,0.941,1
31.46,19.03,67.93,48.2,91.0,18,0,1.25,0.749,0
9.38,22.03,87.4,71.6,112.6,0,6,1.06,0.885,1
67.17,77.72,29.3,74.4,203.9,3,6,1.34,0.926,1
85.24,28.47,53.66,48.2,184.2,0,1,1.7,0.908,1
20.15,76.93,87.69,45.4,153.6,12,1,0.78,0.972,1
80.55,29.44,40.81,47.3,268.7,15,2,5.57,0.896,0
84.37,7.99,92.41,51.8,210.7,11,5,1.6,0.994,1
90.03,51.53,22.77,48.1,257.3,0,5,0.35,0.802,1
29.67,22.7,87.21,72.4,79.0,14,3,11.96,0.994,1
89.07,73.21,50.62,60.2,263.3,21,2,1.52,0.977,0
34.82,62.71,20.9,65.8,177.7,4,4,6.07,0.787,0
56.37,88.12,85.36,42.3,40.8,22,5,1.19,0.938,1
9.7,75.47,35.16,81.3,105.0,0,3,0.71,0.989,1
9.08,21.27,16.78,48.2,38.2,16,2,2.87,0.951,1
71.99,77.01,25.86,57.3,176.2,7,2,1.33,0.992,0
46.34,62.76,67.73,43.5,134.3,21,6,4.46,0.953,1
28.84,65.21,93.22,46.6,346.0,7,4,1.45,0.663,1
22.71,79.9,23.92,72.0,307.9,21,4,1.03,0.885,1
67.31,56.64,51.96,73.2,294.2,21,0,7.0,0.947,1
5.04,46.94,29.45,72.5,190.4,14,1,3.75,0.967,1
79.95,62.3,74.6,66.5,288.3,22,2,0.66,0.963,1
12.37,31.82,24.44,85.7,115.4,11,6,1.54,0.987,1
22.81,21.43,34.19,64.3,209.4,15,0,0.44,0.883,1
40.92,60.49,30.71,61.6,155.7,17,3,0.43,0.957,1
50.09,26.05,59.2,51.9,84.8,2,3,4.04,0.985,1
38.01,12.19,84.85,44.7,53.2,3,1,5.57,0.948,1
34.83,5.05,55.89,66.3,208.6,14,3,2.89,0.781,1
94.64,59.75,19.66,55.1,61.2,13,1,9.26,0.932,1
64.67,37.59,60.07,65.2,259.8,0,3,0.29,0.998,1
7.18,72.71,78.8,49.9,324.9,19,3,1.01,0.764,0
45.01,38.77,25.57,80.2,81.9,16,2,0.48,0.897,1
86.38,48.74,20.82,88.0,180.7,16,4,3.25,0.997,1
33.04,41.64,30.02,55.5,266.4,21,2,4.62,0.916,1
13.79,63.55,74.69,80.4,121.8,17,0,1.39,0.786,1
75.53,37.05,62.33,81.9,324.6,0,4,3.73,0.888,1
61.36,91.74,58.25,87.8,314.3,1,2,3.96,0.924,0
58.04,89.25,34.96,56.5,63.2,22,4,0.5,0.861,1
9.98,81.32,41.58,76.3,38.8,15,4,1.15,0.818,0
18.07,87.83,92.27,51.0,342.5,13,4,0.62,0.833,1
62.9,45.42,34.25,70.0,336.1,19,3,2.42,0.971,1
24.33,53.28,87.13,73.8,165.1,22,4,1.18,0.94,1
51.88,71.79,61.44,75.6,46.2,22,3,2.4,0.928,1
55.67,67.65,24.86,49.9,228.0,19,5,4.37,0.93,1
31.37,85.16,52.38,80.7,123.9,17,4,1.26,0.957,1
93.2,69.47,90.88,60.2,329.8,8,3,7.35,0.788,0
83.35,94.81,48.49,50.4,284.3,13,4,1.25,0.911,1
72.18,36.37,84.07,66.0,237.9,12,0,0.68,1.0,1
12.25,79.97,35.51,81.4,121.0,13,2,1.71,0.917,0
14.87,67.79,60.67,86.4,254.4,18,5,1.22,0.938,0
50.83,67.22,82.51,75.9,122.5,16,4,0.47,0.809,1
19.95,34.33,88.66,40.3,42.0,7,0,0.25,0.996,1
95.98,75.7,53.87,46.5,192.7,3,2,2.93,0.938,1
19.74,86.03,66.18,43.7,186.4,8,1,5.6,0.93,0
50.33,24.67,15.24,44.9,274.2,23,5,1.36,0.981,1
38.86,61.29,35.26,58.4,307.0,10,5,0.34,0.933,1
64.46,40.29,37.3,56.2,143.4,6,4,2.9,0.883,0
17.0,94.06,22.48,45.5,173.8,14,1,4.24,0.875,1
45.02,48.09,37.38,82.3,180.5,17,2,0.98,0.893,1
30.55,25.55,40.69,69.5,133.8,19,2,0.7,0.853,1
87.56,39.37,92.5,78.2,267.9,4,4,1.02,0.96,1
8.77,63.85,68.49,57.8,197.1,15,0,4.98,0.889,0
89.98,11.85,49.08,59.7,322.5,20,4,1.28,0.837,1
82.47,59.32,94.04,55.2,238.1,11,0,2.32,0.998,1
32.67,88.81,27.26,61.0,97.8,16,6,0.35,0.622,0
78.4,81.53,53.08,69.3,82.7,14,4,0.86,0.901,1
7.9,11.09,66.76,63.7,149.2,20,0,0.72,0.995,1
94.92,94.41,19.45,80.2,141.0,18,3,0.33,0.924,0
53.97,67.89,72.36,83.2,160.3,23,0,0.46,0.926,1
33.21,19.61,22.99,62.5,88.7,6,0,1.28,0.927,1
38.72,6.12,26.22,51.5,343.0,20,2,1.83,0.979,1
11.18,20.42,27.78,85.4,76.6,11,1,0.95,0.999,1
97.01,80.44,89.31,75.3,238.8,16,4,1.29,0.861,1
8.65,6.95,69.66,70.7,34.2,6,2,3.05,0.867,1
65.91,25.98,67.43,75.8,160.2,10,1,0.77,0.675,0
46.17,73.16,59.44,43.6,128.9,0,2,0.27,0.926,1
93.25,57.75,38.42,43.2,152.2,16,5,0.79,0.961,1
27.88,75.45,64.67,47.3,189.4,21,2,5.29,0.922,1
54.48,72.15,47.81,47.1,222.1,6,4,0.24,0.822,1
49.86,9.55,26.63,60.2,216.7,1,5,0.48,0.94,1
70.37,85.33,70.17,47.6,231.8,10,3,0.33,0.933,1
11.32,25.43,25.37,81.0,300.3,15,2,1.15,0.972,1
23.02,54.81,30.25,67.7,313.7,14,4,2.29,0.961,1
24.95,62.99,80.42,57.7,265.9,7,0,5.02,0.899,1
73.65,20.18,67.81,43.3,55.3,14,1,3.36,0.681,1
22.59,92.86,65.48,68.4,337.6,6,6,0.78,0.96,1
58.33,48.93,48.46,45.6,333.2,4,4,2.21,0.917,1
25.02,10.19,46.7,75.7,257.7,7,3,2.38,0.931,1
85.13,89.35,70.22,78.5,195.6,1,6,0.39,0.948,1
92.62,57.76,74.2,66.1,110.2,5,4,1.31,0.843,1
53.22,67.93,55.82,47.2,272.0,3,4,0.95,0.97,1
37.76,52.27,92.54,77.8,310.9,6,0,0.54,0.95,1
26.77,80.13,91.46,54.8,242.9,5,1,0.32,0.954,1
9.63,7.98,47.99,50.7,231.3,21,6,0.26,0.971,1
29.97,29.15,80.65,62.6,91.8,4,5,4.11,0.969,0
65.84,47.27,58.46,84.3,144.5,4,1,1.0,0.903,1
54.63,11.89,55.94,54.3,261.4,17,3,1.56,0.658,1
92.8,68.53,19.4,83.5,35.4,10,5,0.89,0.753,0
41.85,40.43,60.92,42.6,235.2,22,5,0.56,0.993,1
69.53,29.54,87.05,44.0,275.3,22,1,0.81,0.922,1
50.51,5.3,77.41,73.5,137.1,7,0,0.57,0.667,1
52.67,69.78,77.91,49.1,54.4,19,3,3.04,0.972,1
29.9,80.04,27.79,55.2,292.1,10,0,4.96,0.943,1
47.31,40.55,43.68,46.5,75.4,18,0,1.34,0.987,1
48.78,55.78,33.66,55.9,148.7,18,5,3.66,0.996,0
70.72,25.49,40.27,53.5,256.3,1,4,1.31,0.954,1
92.48,61.0,61.36,75.3,291.4,9,4,1.38,0.856,1
35.63,6.09,44.18,73.7,306.0,6,4,1.53,0.894,1
8.92,48.98,59.86,85.8,199.7,11,5,3.63,0.656,1
51.16,62.98,50.08,74.8,182.3,1,6,5.71,0.94,0
55.63,87.64,37.93,73.4,301.5,6,2,2.93,0.96,1
20.66,39.32,22.63,73.3,210.2,18,0,4.59,0.995,1
75.72,73.87,86.35,82.4,215.2,0,1,2.26,0.628,1
96.6,58.79,15.91,54.2,168.9,10,3,3.86,0.726,1
92.96,88.43,15.13,54.4,149.3,7,2,1.83,0.994,1
23.33,40.85,81.14,75.6,183.8,7,4,3.16,0.813,1
86.41,33.72,94.74,51.0,146.8,13,5,2.64,0.964,1
70.52,84.84,73.17,83.8,139.9,12,6,2.97,0.859,1
47.21,9.43,16.22,65.7,348.0,9,2,0.73,0.896,0
55.28,17.27,33.14,54.4,137.6,16,5,0.53,0.999,1
84.01,12.42,92.75,77.3,112.0,5,2,2.32,0.762,0
49.65,80.88,79.69,55.0,143.3,19,0,1.52,0.855,1
39.71,5.95,60.34,86.2,219.1,20,0,3.09,0.826,0
50.87,82.55,33.95,87.2,321.5,13,5,0.52,0.946,1
58.86,45.61,16.15,72.0,282.1,23,1,6.1,0.963,1
22.58,5.36,16.67,45.5,299.5,7,3,2.64,0.895,1
88.78,41.15,63.96,52.6,304.9,6,3,0.25,0.796,0
67.7,21.81,16.75,64.7,324.6,4,4,1.92,0.875,1
63.89,61.2,94.49,80.9,105.2,5,1,0.95,0.723,1
14.25,66.14,29.67,48.9,176.7,7,3,0.84,0.909,1
61.19,48.88,71.86,45.0,153.3,20,6,4.85,0.82,0
16.25,8.65,27.4,43.6,152.2,2,2,3.82,0.956,1
12.32,64.05,58.21,64.3,238.7,8,2,0.22,0.994,1
54.04,80.78,21.45,82.5,158.6,9,3,0.6,0.955,1
42.46,69.83,76.34,42.0,227.2,0,2,2.74,0.871,1
59.76,79.7,61.79,50.2,152.3,6,5,3.97,0.831,1
13.3,23.05,21.89,73.3,129.6,19,2,2.73,0.963,0
45.08,85.0,82.89,79.6,143.0,5,5,1.69,0.96,1
21.26,34.0,58.76,78.8,287.2,12,4,8.54,0.918,0
96.8,6.21,88.73,77.7,222.3,6,2,3.39,0.988,1
57.19,80.91,88.33,46.2,341.7,7,5,1.46,0.898,1
68.93,89.76,88.64,59.1,296.4,20,3,1.95,0.813,1
35.26,64.0,21.22,87.3,185.4,4,0,0.29,0.771,1
13.81,25.83,24.68,87.5,107.6,11,2,6.89,0.772,0
95.76,27.66,94.02,68.9,245.7,5,3,1.1,0.972,1
31.62,46.99,54.01,74.0,262.5,22,2,2.37,0.934,1
44.41,85.8,34.06,85.7,178.5,14,6,2.4,0.811,1
65.44,18.46,76.57,61.6,103.6,20,1,0.32,0.981,1
7.3,79.34,36.14,46.6,208.3,20,5,0.82,0.891,1
80.35,31.22,73.18,72.1,111.2,3,4,2.34,0.974,1
54.9,77.77,81.98,86.1,330.8,16,6,5.06,0.857,1
30.87,87.82,77.74,73.5,231.2,13,0,3.22,0.96,1
10.73,43.47,36.92,78.6,123.4,6,5,1.94,0.892,1
20.11,37.85,47.13,60.3,99.0,22,2,0.73,0.97,1
88.24,77.2,48.06,44.6,259.4,12,3,6.15,0.668,1
68.8,52.65,54.3,48.1,256.5,21,0,1.23,0.959,1
28.24,66.6,28.39,87.2,221.1,9,2,0.52,0.825,1
11.1,61.05,51.2,63.7,226.6,17,1,0.24,0.994,1
69.23,18.76,55.86,40.6,223.2,1,3,6.2,0.938,1
58.23,81.03,57.54,85.9,145.2,21,4,3.21,0.857,1
42.62,22.62,80.59,63.9,330.0,11,2,0.69,0.488,0
38.82,88.91,56.39,80.1,183.4,12,3,0.51,0.9,1
25.16,27.55,33.46,66.3,36.5,20,6,6.61,0.964,0
67.27,71.05,68.05,44.9,141.5,6,2,0.75,0.931,1
95.27,30.62,78.79,69.5,71.7,17,4,1.44,0.593,0
21.34,33.6,40.55,87.9,146.3,21,1,2.09,0.926,0
60.53,32.9,66.62,41.7,224.6,10,5,0.33,0.881,1
44.45,72.31,26.76,80.4,37.3,21,4,1.04,0.848,1
46.54,55.11,42.35,51.3,308.5,9,6,5.95,0.814,0
28.64,84.47,87.74,58.9,225.3,21,4,2.61,0.947,1
81.74,32.66,87.9,57.9,124.5,5,4,1.12,0.92,1
50.13,67.28,61.03,83.1,129.6,13,5,3.34,0.98,1
55.54,72.77,71.19,64.2,179.0,19,0,3.83,0.783,1
33.34,18.63,83.32,61.5,109.4,4,3,0.53,0.916,1
21.91,41.05,91.68,79.3,31.4,19,2,1.97,0.97,1
12.99,48.45,54.19,42.3,38.5,5,5,1.11,0.996,1
71.41,37.01,59.93,44.1,144.5,8,1,1.61,0.799,0
23.25,33.99,48.25,41.0,69.8,4,2,1.47,0.958,1
69.18,66.78,20.76,73.0,37.2,4,0,1.6,0.77,0
41.31,24.43,48.82,65.2,305.0,18,1,1.68,0.898,1
43.67,68.85,78.25,82.0,117.7,12,0,0.34,0.797,1
48.63,89.15,79.39,63.9,191.0,22,2,0.59,0.951,1
39.2,55.87,86.39,50.6,87.4,4,1,1.87,0.62,1
14.36,60.03,19.12,78.6,45.0,13,6,5.7,1.0,1
33.8,11.2,57.17,54.1,268.4,1,5,2.94,0.933,1
66.73,82.8,23.59,84.9,70.0,4,2,0.75,0.526,1
66.92,30.69,31.06,52.0,38.2,22,3,1.1,0.844,1
31.62,60.35,87.02,48.1,217.9,22,0,1.02,0.92,1
47.79,93.12,54.74,63.7,34.3,11,3,3.14,0.95,0
22.99,58.6,75.68,42.4,169.6,23,6,7.37,0.995,1
24.56,70.22,20.15,41.7,122.4,19,6,1.08,0.752,1
7.14,45.08,48.35,63.8,132.2,6,3,0.23,0.828,1
88.4,10.43,68.94,50.3,31.2,2,2,5.73,0.87,0
24.6,76.78,25.67,40.4,338.6,8,6,3.0,0.951,1
26.16,8.15,41.07,54.2,195.4,14,2,3.8,0.778,1
31.0,68.06,20.16,62.9,213.2,14,4,0.67,0.928,1
16.85,7.06,67.11,58.9,243.2,7,4,2.27,0.998,1
64.45,82.61,92.67,46.5,285.2,15,1,0.73,0.781,1
11.99,19.19,81.16,67.8,224.5,1,2,0.22,0.981,1
17.48,51.28,92.97,74.1,273.9,19,0,0.54,0.97,1
64.96,58.74,82.65,72.4,173.6,0,2,5.32,0.926,1
36.59,46.18,83.42,58.9,148.8,23,2,0.68,0.8,1
70.84,35.67,61.17,46.6,293.4,3,5,1.96,0.835,1
56.84,47.1,56.46,64.0,306.9,3,3,7.08,0.96,1
28.81,33.03,47.5,82.7,74.1,22,3,0.36,0.805,1
65.53,44.43,80.45,62.5,203.7,5,6,3.5,0.983,0
15.81,37.3,29.57,49.4,248.8,2,4,2.02,0.809,0
54.89,55.96,19.5,44.5,56.8,7,5,0.98,0.777,0
45.65,26.41,90.83,85.3,327.5,1,1,1.11,0.96,1
29.91,93.98,15.3,75.7,196.4,16,1,0.26,0.755,1
61.17,50.08,93.15,55.0,236.5,11,2,0.79,0.916,1
86.03,22.47,73.31,54.2,87.0,11,5,1.3,0.798,0
97.9,47.94,41.28,83.0,114.6,14,0,2.72,0.925,1
61.52,82.98,70.83,48.5,68.7,17,3,0.84,0.803,1
42.64,6.96,80.43,65.7,114.5,8,0,1.94,0.865,1
25.94,66.16,34.63,74.2,187.6,20,5,2.83,0.945,1
28.91,54.32,76.67,59.0,296.8,4,3,2.6,0.904,1
49.59,20.26,79.35,41.9,200.8,21,5,1.98,0.991,1
39.16,78.57,34.95,50.9,108.2,2,5,1.94,0.779,1
89.98,38.2,18.35,83.3,44.3,16,2,2.75,0.866,1
39.25,31.44,31.33,65.1,229.0,23,1,1.02,0.971,1
39.73,79.53,31.05,79.1,164.5,22,5,1.4,0.953,0
40.67,62.47,20.22,66.7,345.0,11,2,6.97,0.846,1
82.81,85.84,73.08,85.3,279.5,13,3,2.41,0.985,0
65.52,61.69,45.4,83.6,288.7,7,5,1.67,0.67,1
62.12,71.67,85.75,63.2,33.9,8,1,1.93,0.856,1
36.08,80.28,35.17,55.3,278.9,1,0,0.42,0.963,1
81.07,9.93,51.26,68.9,92.3,20,0,1.99,0.773,1
8.57,74.84,66.12,72.4,217.5,1,4,3.82,0.961,1
85.98,60.23,85.2,63.9,173.2,23,6,1.68,0.752,1
52.69,11.26,56.97,79.5,212.9,15,0,0.59,0.882,0
42.04,50.77,44.88,48.8,72.7,19,4,1.39,0.963,1
51.24,12.42,84.36,56.1,176.2,10,1,0.85,0.828,1
67.07,71.24,39.82,72.9,41.8,19,2,1.09,0.67,1
6.19,54.19,21.35,51.8,43.1,9,5,0.71,0.876,0
86.05,90.82,50.6,61.1,240.5,7,5,1.01,0.966,1
46.55,21.48,77.81,86.3,334.5,6,6,3.65,0.975,1
36.9,59.54,17.46,70.0,278.8,0,2,3.04,0.993,1
17.86,24.04,61.87,85.6,180.1,22,5,1.55,0.952,0
45.87,60.27,62.56,74.7,47.9,9,1,3.25,0.982,0
51.16,70.04,89.28,74.8,44.4,18,5,7.62,0.83,0
42.54,70.01,37.92,68.4,80.5,4,6,1.24,0.987,1
68.12,78.36,37.31,46.8,342.3,23,5,8.02,0.935,1
44.14,81.82,50.24,64.9,157.6,21,1,0.76,0.892,1
94.41,11.95,43.55,52.1,299.9,7,3,6.38,0.984,1
60.73,35.89,73.91,87.9,255.6,20,0,4.2,0.907,1
80.1,66.84,66.34,52.8,223.7,8,0,0.64,0.987,1
15.17,49.87,75.71,51.1,333.3,12,0,1.06,0.936,1
41.95,22.16,80.6,69.9,103.7,13,4,2.66,0.881,1
36.33,54.74,88.84,64.5,175.6,5,0,0.63,0.94,1
57.96,41.67,49.47,41.0,306.7,10,5,1.99,0.96,1
85.08,40.1,93.78,46.2,206.6,8,5,1.73,0.998,1
12.29,77.88,32.25,78.9,108.9,12,3,0.89,0.994,1
11.75,41.68,72.15,63.2,96.9,3,2,0.91,0.77,0
84.08,7.38,57.72,47.0,270.9,1,6,1.65,0.929,1
24.8,10.23,80.35,62.3,34.1,23,2,0.91,0.914,1
67.19,82.06,53.14,52.2,322.5,20,5,0.6,0.978,1
55.49,91.45,77.72,50.7,35.9,1,4,3.17,0.879,1
82.46,66.96,89.41,86.0,231.9,21,3,1.94,0.937,0
16.63,37.79,73.58,57.4,223.5,12,1,1.35,0.976,1
17.07,89.47,77.09,42.2,215.1,18,5,0.6,0.978,1
56.78,64.65,20.37,86.6,181.8,0,2,2.0,0.868,1
93.01,80.99,31.4,78.2,302.8,5,6,2.18,0.99,1
43.59,73.93,92.94,52.2,241.0,7,3,1.51,0.846,1
35.41,39.12,70.45,59.6,280.2,16,6,1.13,0.772,1
61.42,48.08,59.92,81.4,67.0,2,6,4.24,0.941,1
91.53,21.75,44.36,57.2,46.0,5,1,2.64,0.871,1
82.83,31.28,18.55,67.2,39.1,18,6,1.08,0.96,1
97.58,75.03,44.53,65.7,77.1,6,4,2.0,0.956,1
7.1,85.46,54.91,59.3,243.4,14,5,0.73,0.882,0
15.5,70.2,31.92,70.7,188.1,5,0,0.22,0.701,1
61.68,46.87,28.85,62.7,270.7,21,5,4.26,0.779,1
81.31,12.79,55.67,41.0,91.4,22,3,3.62,0.9,1
31.53,10.13,61.87,79.1,147.4,17,5,2.24,0.965,1
27.25,38.69,34.19,45.4,314.3,9,2,3.54,0.926,1
78.19,46.74,61.99,62.3,329.4,3,4,3.24,0.841,0
10.24,59.82,87.03,67.8,325.0,4,5,4.14,0.934,1
39.35,5.58,52.85,73.9,291.9,17,3,4.65,0.95,1
52.04,94.08,83.59,59.7,250.2,9,4,3.62,0.704,1
57.11,37.75,89.18,75.3,322.4,9,1,4.02,0.917,1
72.76,81.33,22.39,46.3,258.5,9,3,1.59,0.97,1
38.0,53.15,22.66,71.4,335.3,6,5,2.66,0.922,1
61.98,16.74,53.08,79.7,37.9,19,5,1.01,0.966,1
59.44,76.78,62.05,82.7,324.9,13,0,4.15,0.927,1
55.93,68.88,49.07,67.8,207.8,7,1,4.11,0.948,1
64.56,52.47,41.12,55.0,65.8,8,0,0.34,0.975,1
29.13,51.31,66.28,47.8,98.8,23,4,1.05,0.755,0
12.87,12.87,15.17,56.6,302.7,4,6,0.58,0.953,1
16.09,64.03,92.45,65.9,192.0,20,0,0.49,0.918,0
25.89,87.01,33.57,49.4,344.5,7,1,1.27,0.864,1
51.52,13.39,88.37,85.7,67.6,19,1,2.17,0.98,1
83.16,28.72,23.72,83.1,162.0,4,1,1.04,0.958,1
70.22,86.21,34.05,41.6,136.2,19,5,0.94,0.863,0
78.38,30.59,33.79,67.0,195.2,17,4,0.4,0.927,1
37.64,63.85,94.69,77.9,232.7,3,2,1.17,0.736,1
42.63,53.13,15.37,51.8,241.7,10,4,1.47,0.998,1
41.61,58.67,66.17,65.1,30.4,20,1,1.22,0.767,1
22.84,42.42,84.57,59.5,58.5,21,4,2.48,0.936,1
10.69,32.0,68.78,49.4,41.2,19,6,0.88,0.938,1
59.96,9.37,44.02,69.5,306.7,10,3,2.72,0.935,1
97.0,71.99,91.66,87.7,130.3,13,6,4.49,0.942,0
20.52,72.15,86.48,57.5,147.5,12,6,1.99,0.821,0
9.34,65.37,49.72,66.5,174.1,3,3,1.18,0.892,1
77.5,62.93,60.87,55.7,301.8,15,2,0.6,0.882,0
28.49,26.93,92.4,82.1,34.5,5,6,5.59,0.945,1
82.16,7.01,93.6,81.5,68.0,22,4,2.99,0.962,1
70.47,77.78,50.99,48.6,249.3,12,6,0.77,0.801,0
92.95,49.2,82.79,83.2,338.4,22,6,0.53,0.901,1
43.03,32.62,39.16,47.3,235.7,19,5,0.3,0.927,1
66.56,14.17,44.75,44.6,113.6,4,6,0.62,0.885,1
48.23,10.64,28.19,71.3,196.4,18,4,2.84,0.818,1
63.64,36.4,31.73,58.5,342.0,20,3,2.19,0.919,1
46.81,77.43,67.55,65.5,199.0,9,1,7.05,0.988,1
22.54,87.69,55.86,71.3,149.5,4,0,0.98,0.862,0
52.23,85.71,33.49,42.5,152.7,13,1,3.29,0.797,1
54.16,87.8,47.23,54.1,339.5,3,2,0.46,0.773,1
80.39,86.7,44.85,62.1,260.1,5,0,1.85,0.849,1
73.4,52.45,93.99,52.8,249.9,4,1,1.46,0.949,0
66.73,24.75,83.29,42.4,104.3,23,4,3.84,0.997,1
15.54,76.82,46.04,44.2,209.0,1,5,2.62,0.725,1
72.02,24.23,88.11,78.5,144.2,5,6,0.63,0.855,1
51.53,29.05,42.41,83.7,106.9,1,4,8.46,0.845,0
88.15,25.99,68.43,47.3,316.6,11,3,3.66,0.968,0
90.55,51.35,92.33,52.0,152.6,21,4,1.08,0.967,1
10.13,33.96,46.22,71.3,120.5,3,4,3.7,0.971,1
81.32,18.87,69.39,85.8,328.2,12,2,6.49,0.831,0
8.51,45.79,38.67,54.4,93.2,16,6,4.62,0.925,1
39.15,83.65,36.3,81.1,268.6,5,5,1.82,0.977,1
55.43,56.35,60.93,64.3,238.9,2,0,1.92,0.918,1
18.77,84.05,93.34,85.9,324.6,12,1,0.43,0.868,1
74.41,22.63,51.25,46.5,296.3,22,1,0.56,0.632,1
5.78,20.03,90.01,86.7,255.7,2,2,8.3,0.968,1
20.68,56.8,88.15,61.2,130.7,19,0,3.14,0.974,1
59.01,46.7,35.3,85.7,188.6,8,6,0.25,0.783,0
71.44,64.42,47.15,62.0,332.2,22,4,1.79,0.817,0
90.25,76.52,66.46,65.4,37.4,3,5,1.05,0.587,1
70.61,72.62,56.44,78.6,284.2,1,6,0.95,0.798,1
67.48,89.8,22.68,74.7,110.6,4,2,1.83,0.926,0
41.67,40.84,94.5,69.7,89.2,7,4,0.97,0.787,0
5.12,23.57,75.21,60.0,104.3,1,1,0.78,0.899,1
16.17,54.58,50.02,78.0,49.1,4,2,5.76,0.94,1
54.71,14.97,64.45,85.5,347.4,5,5,0.28,0.881,0
67.79,31.0,22.01,40.5,308.4,6,2,1.35,0.946,0
43.82,23.71,54.62,68.2,196.7,12,2,1.63,0.981,1
72.95,40.69,89.47,81.6,258.8,8,6,1.36,0.836,1
53.53,15.01,86.73,71.3,208.1,6,1,2.34,0.789,0
11.9,7.87,41.99,78.4,289.7,3,5,0.25,0.96,1
22.86,64.11,57.51,83.0,300.3,4,1,4.53,0.629,0
83.12,59.92,70.79,76.0,104.5,2,3,1.59,0.94,1
72.42,68.75,42.2,74.4,177.1,16,5,1.81,0.848,1
88.21,64.43,20.19,86.3,233.2,18,1,1.44,0.837,1
15.93,15.29,55.44,81.5,343.1,12,5,1.38,0.757,0
97.09,31.2,63.13,79.1,248.5,0,1,0.61,0.947,1
24.47,16.66,15.47,44.1,317.2,4,4,1.6,0.95,1
6.1,80.87,22.65,51.5,300.8,22,1,1.29,0.824,1
97.76,72.22,31.58,66.7,216.3,8,5,1.46,0.975,1
31.14,23.14,42.84,74.1,316.0,3,0,0.23,0.698,0
67.13,35.72,58.28,54.6,150.8,9,4,0.48,0.727,1
21.43,92.0,38.51,44.5,151.4,13,5,3.08,0.872,1
58.96,58.47,37.09,54.9,279.9,9,5,1.29,0.942,0
89.08,77.1,84.55,77.0,73.1,0,5,2.92,0.961,1
34.78,28.81,26.6,82.1,127.9,22,3,0.58,0.908,0
67.33,23.9,54.64,83.8,224.7,18,0,2.6,0.527,1
22.48,75.55,91.23,58.2,164.4,16,3,0.88,0.956,1
63.11,66.73,65.0,57.9,331.0,19,2,2.64,0.612,1
36.29,66.29,72.38,59.5,336.7,14,6,0.38,0.958,1
24.64,54.74,49.5,58.0,190.8,21,2,1.01,0.977,1
34.13,55.72,16.59,72.0,202.5,5,2,0.45,0.839,1
21.63,71.21,66.69,57.2,261.9,6,6,2.19,0.783,0
88.88,29.3,65.55,41.0,176.3,0,1,1.2,0.954,1
41.94,36.75,23.83,61.1,90.8,4,6,0.35,0.953,1
27.81,83.45,51.97,50.8,269.0,19,1,1.69,0.96,1
46.7,32.8,88.23,41.4,266.1,19,4,0.25,0.946,1
34.81,54.17,31.41,62.6,108.4,6,0,3.61,0.992,1
74.23,68.24,51.89,49.9,296.5,1,6,5.77,0.918,1
95.32,94.99,51.89,61.7,226.4,20,0,3.52,0.526,1
45.74,44.18,79.86,53.3,105.6,22,5,6.25,0.744,0
85.08,43.53,80.97,69.0,238.7,2,2,4.75,0.892,0
57.63,80.83,75.74,87.6,104.8,1,2,4.71,0.986,1
19.62,77.5,44.24,66.3,114.9,15,5,0.76,0.932,1
69.23,70.8,20.76,71.1,301.4,16,1,0.73,0.866,1
52.75,46.69,42.96,84.1,327.4,20,3,3.52,0.937,1
65.51,34.15,69.38,58.0,112.2,11,5,1.55,0.892,1
87.74,59.79,71.22,48.0,327.0,4,6,5.91,0.871,0
45.96,83.86,92.2,53.6,106.4,3,0,4.75,0.976,1
88.81,84.54,51.29,59.3,67.5,23,0,4.67,0.936,1
74.81,14.76,65.59,71.0,48.6,15,3,0.99,0.997,1
50.44,43.55,58.14,40.2,107.5,17,0,0.49,0.808,0
61.1,46.82,27.05,81.0,153.3,12,0,2.47,0.914,0
35.28,92.99,51.9,43.7,326.8,19,6,1.36,0.93,0
96.47,66.02,58.59,83.2,107.5,20,1,5.63,0.981,1
67.06,41.65,91.06,85.6,146.9,8,0,4.05,0.964,0
9.08,7.35,44.32,87.5,264.9,15,2,5.49,0.842,0
35.38,55.88,93.41,78.9,126.7,2,2,1.88,0.79,1
62.97,13.65,58.38,46.8,249.0,16,4,1.69,0.93,1
10.24,80.1,34.4,73.9,168.3,19,1,3.96,0.899,1
7.22,72.73,30.33,49.8,92.9,9,1,1.63,0.849,1
46.85,46.45,26.34,83.1,264.9,21,2,4.81,0.959,1
35.94,43.63,51.23,55.2,38.7,22,1,0.27,0.912,1
45.76,85.76,16.75,55.7,123.5,19,6,1.09,0.923,1
29.43,30.96,50.6,84.0,144.0,3,1,3.8,0.919,0
20.32,27.41,94.07,40.6,176.6,21,4,0.67,0.928,1
69.09,89.53,68.61,49.3,247.6,0,3,1.22,0.936,0
52.86,77.83,75.78,60.3,177.0,20,5,0.22,0.933,1
23.61,78.86,24.52,73.6,220.2,15,0,0.92,0.886,1
34.72,22.57,52.85,71.1,220.6,10,4,0.97,0.832,1
60.04,17.9,37.9,72.1,149.4,18,6,2.84,0.967,1
11.72,7.34,86.53,82.2,328.9,7,3,2.46,0.874,1
18.71,26.33,29.5,45.8,335.9,4,0,1.38,0.964,1
11.81,74.68,51.7,65.1,216.2,22,2,2.81,0.963,0
80.55,26.6,62.04,74.8,52.9,23,3,1.32,0.678,1
74.97,70.62,56.12,70.5,187.2,7,0,1.34,0.758,1
75.06,27.67,81.42,61.5,89.0,17,4,2.27,0.688,1
71.62,40.58,33.52,40.8,184.6,14,0,2.77,0.747,0
67.25,93.48,45.19,42.9,90.3,17,1,3.95,0.942,1
49.36,27.03,78.37,45.7,255.2,12,5,2.98,0.955,0
64.73,38.87,57.25,56.5,55.7,14,0,2.42,0.777,1
8.57,32.1,47.17,45.6,335.1,20,2,1.85,0.93,1
62.8,14.87,17.36,60.5,92.5,12,4,0.94,0.985,1
77.34,49.09,75.27,48.6,241.4,2,6,0.81,0.892,1
51.53,39.08,92.77,77.4,323.4,11,3,3.91,0.958,1
38.25,67.54,64.62,81.8,109.3,11,0,2.73,0.984,1
30.8,78.58,83.52,58.7,329.0,9,4,2.39,0.951,1
64.78,53.98,56.35,64.5,154.4,0,2,0.8,0.98,1
69.43,7.9,33.53,85.8,337.4,23,6,7.2,0.69,0
86.0,60.7,16.16,65.7,340.8,5,5,0.37,0.901,1
36.84,9.99,67.27,87.8,90.2,18,3,3.84,0.955,1
76.59,60.47,54.45,46.8,295.9,23,6,0.67,0.675,0
57.21,66.65,77.57,81.4,91.9,12,0,1.2,0.818,1
87.1,22.8,70.57,63.9,102.5,0,2,1.32,0.921,1
54.09,78.74,94.04,41.1,56.9,18,1,2.37,0.891,1
53.14,87.0,55.83,86.7,80.1,5,4,1.78,0.814,0
58.74,78.18,49.17,86.3,232.3,0,4,0.61,0.962,1
74.69,32.46,37.94,58.4,173.8,22,0,0.26,0.984,1
94.72,57.8,53.15,85.8,283.1,16,2,2.73,0.961,1
11.84,87.33,84.83,46.8,136.2,16,3,1.61,0.857,1
9.97,33.86,18.4,72.6,340.0,20,3,1.1,0.787,1
92.19,78.8,93.23,49.2,46.0,10,3,0.87,0.976,1
54.28,5.85,94.46,51.8,50.1,19,3,3.66,0.93,1
62.19,5.33,62.83,77.4,254.4,11,0,3.37,0.79,1
49.87,73.37,41.52,58.1,314.0,23,0,3.7,0.927,1
13.71,73.53,32.84,40.3,284.6,12,6,0.69,0.994,1
76.43,76.01,37.12,59.9,186.7,17,4,4.02,0.991,1
74.49,88.7,19.01,50.9,116.3,21,6,8.67,0.983,1
33.99,15.61,53.01,72.8,34.3,23,2,2.03,0.835,1
33.48,25.88,19.59,49.3,193.0,0,1,0.3,0.918,1
82.92,86.34,72.48,80.4,182.2,2,0,2.62,0.951,1
11.73,20.95,44.75,52.8,140.2,16,6,1.74,0.881,1
86.94,66.4,30.95,58.9,215.0,6,3,2.69,0.93,1
28.87,52.74,58.59,54.3,263.2,16,1,0.62,0.986,1
60.15,12.49,92.9,70.9,254.3,15,6,2.06,0.978,1
92.05,30.67,70.61,44.9,114.2,11,4,1.75,0.997,0
68.07,51.83,54.34,62.9,217.3,7,3,2.05,0.99,1
43.54,81.71,77.15,56.1,77.6,10,5,2.8,0.951,1
69.13,68.68,74.0,82.4,68.9,2,2,1.77,0.887,1
36.99,60.97,86.34,43.5,281.5,11,1,0.98,0.94,1
30.79,49.64,31.37,79.8,252.0,3,4,0.94,0.954,1
97.69,31.88,83.71,48.0,275.7,8,6,2.58,0.983,1
74.82,15.73,39.08,44.3,78.8,21,0,2.38,0.982,1
64.96,41.82,90.28,49.7,322.7,20,2,1.3,0.899,1
38.04,7.57,37.49,44.9,72.6,20,3,1.07,0.936,1
9.57,24.0,89.15,65.0,308.4,16,1,2.14,0.949,1
7.89,43.92,92.1,87.4,142.8,15,4,0.95,0.899,1
56.54,42.67,26.64,41.6,63.7,11,1,6.81,0.952,0
75.87,8.99,92.96,62.1,121.8,14,2,2.02,0.922,1
54.98,58.02,21.86,58.5,88.1,14,6,1.99,0.994,1
83.19,54.47,32.49,56.3,187.0,0,0,0.49,0.863,1
8.11,12.03,50.53,55.9,333.9,2,0,2.08,0.996,1
39.11,89.88,94.49,83.0,134.9,1,6,0.9,0.915,0
27.05,13.94,54.09,40.9,225.9,16,5,1.4,0.972,1
46.6,81.94,59.03,77.2,315.4,11,2,1.75,0.792,0
11.73,5.03,70.55,52.1,231.6,4,3,1.5,0.932,1
93.73,84.41,92.46,58.4,145.9,10,1,3.52,0.999,1
25.76,6.77,77.67,60.2,347.1,18,3,0.41,0.966,1
90.77,73.2,32.93,54.6,90.0,14,4,0.57,0.87,1
44.61,37.55,39.24,44.5,197.4,6,3,0.54,0.932,1
96.65,71.44,22.81,45.5,284.9,7,5,3.59,0.542,1
56.53,41.16,66.56,54.3,30.2,9,2,0.45,0.971,0
91.57,11.38,29.46,79.4,254.7,5,5,7.31,0.968,1
5.5,74.08,35.59,46.5,115.3,20,0,7.16,0.894,1
74.59,11.41,86.05,75.6,84.3,14,5,9.81,0.983,0
88.98,87.99,41.14,53.9,117.7,9,2,7.99,0.811,0
17.99,9.59,60.33,82.4,339.4,20,2,0.52,0.995,1
13.94,48.14,46.81,60.6,315.4,16,1,2.34,0.994,1
44.49,70.07,20.92,48.2,98.4,21,2,1.22,0.983,1
91.83,40.39,44.03,87.3,67.4,5,4,2.83,0.626,1
55.44,24.55,47.65,48.5,146.5,18,1,1.24,0.83,1
54.05,73.32,86.66,67.2,219.5,19,1,1.17,0.934,1
18.12,75.59,40.96,67.3,307.5,19,3,4.89,0.89,1
5.07,88.04,45.34,57.9,339.1,5,5,1.56,0.999,1
80.34,38.85,77.63,85.7,270.4,13,2,2.89,0.882,1
13.14,50.56,75.72,80.5,221.7,23,3,2.3,0.823,0
63.95,37.68,78.86,79.8,75.5,12,3,2.34,0.968,1
90.06,28.14,91.3,86.8,53.7,12,5,1.06,0.996,0
24.4,72.59,78.64,61.9,220.7,8,1,0.78,0.975,1
66.87,35.57,47.61,44.7,202.5,8,3,4.53,0.869,1
12.32,43.53,80.72,76.7,300.7,20,3,0.25,0.884,1
61.15,41.33,55.69,58.3,133.2,23,1,0.58,0.998,1
20.25,69.14,37.22,49.1,42.7,7,1,0.48,0.963,1
73.44,87.6,39.23,63.2,165.6,9,0,6.17,0.86,0
33.01,65.01,32.91,84.4,340.1,19,2,0.21,0.959,0
48.1,47.44,26.6,48.2,284.6,3,0,0.22,0.788,0
60.75,75.13,29.76,80.7,40.8,2,5,0.71,0.891,0
20.93,62.69,20.05,60.1,309.9,12,6,0.85,0.956,1
73.97,10.45,86.08,46.6,180.9,20,1,1.84,0.952,1
33.15,13.61,89.48,80.7,146.7,7,4,6.7,0.995,1
66.6,8.41,61.94,86.5,141.0,23,3,1.45,0.955,1
19.72,46.11,82.24,54.0,220.4,8,3,0.88,0.828,0
68.99,79.33,29.69,54.6,199.8,13,1,3.6,0.467,0
16.92,33.18,87.13,58.7,240.1,0,3,1.17,0.994,1
44.56,39.57,55.51,79.1,213.6,13,0,0.51,0.988,1
27.99,86.85,20.37,40.5,76.1,11,3,3.37,0.978,1
74.6,80.32,26.31,50.7,112.3,3,4,0.2,0.862,1
29.37,64.85,39.72,73.9,299.1,21,2,0.66,0.877,1
87.0,29.01,18.48,59.5,242.2,20,5,2.22,0.913,1
87.94,15.53,39.74,55.9,173.5,3,5,0.42,0.899,1
23.27,6.45,19.79,81.9,88.4,12,5,0.79,0.638,1
62.09,14.63,33.88,84.0,32.5,15,6,1.2,0.76,1
13.16,31.33,36.25,85.5,129.8,10,0,1.21,0.814,0
41.41,54.66,94.55,53.1,47.6,2,2,7.41,0.929,1
71.34,10.76,33.84,83.8,184.3,1,2,2.45,0.967,1
66.33,17.26,34.13,75.4,293.0,2,4,0.28,0.81,1
63.1,21.3,69.94,47.4,121.3,19,5,0.7,0.921,1
31.28,61.88,83.75,69.3,301.3,16,4,2.12,0.744,1
40.16,60.42,45.96,41.3,255.5,0,4,2.7,0.906,1
14.57,54.57,85.05,74.0,70.1,10,4,1.16,0.554,1
71.87,27.55,42.21,75.2,236.3,15,5,4.08,0.835,0
51.86,38.4,30.76,77.9,78.5,19,0,5.94,0.933,1
70.92,13.7,41.37,48.3,239.5,9,6,2.1,0.981,1
28.15,25.38,63.75,70.2,75.7,19,4,1.85,0.821,1
35.17,85.79,44.37,48.6,155.6,5,0,2.98,0.62,1
36.08,93.17,68.83,85.4,211.3,1,3,3.25,0.91,0
7.39,63.29,33.95,72.4,46.1,21,2,0.69,0.977,1
36.72,87.51,71.08,44.6,79.1,6,5,1.52,0.969,1
79.71,62.85,42.8,49.0,132.5,16,3,1.39,0.959,0
88.45,7.99,51.47,71.8,177.9,7,6,5.88,0.953,0
53.19,94.71,59.62,62.9,304.7,12,3,0.44,0.835,1
47.36,13.91,69.9,75.3,89.9,21,1,5.95,0.905,1
7.87,66.44,34.1,53.5,141.2,3,5,1.9,0.944,1
86.77,27.76,81.88,71.6,182.2,10,3,0.88,0.899,1
6.21,40.28,72.75,48.5,124.6,1,3,4.27,0.942,1
92.86,63.13,33.73,66.1,230.2,7,1,0.3,0.924,1
50.5,44.28,93.0,86.0,112.1,17,5,0.97,0.802,1
36.8,27.55,68.18,70.2,277.2,7,6,2.99,0.732,1
90.95,35.1,51.19,42.4,191.6,10,3,3.72,0.94,1
7.27,35.74,27.6,87.5,57.6,23,1,0.57,0.894,1
59.07,91.34,57.66,47.5,230.6,4,6,5.89,0.986,1
56.05,76.88,28.18,74.5,212.2,6,0,0.31,0.951,1
25.4,46.27,49.36,65.6,138.4,22,2,1.34,0.849,0
44.89,22.98,47.7,54.1,33.6,3,4,0.41,0.917,1
65.66,77.99,72.6,48.5,94.2,21,3,0.41,0.992,1
72.62,19.15,30.39,48.5,159.8,9,6,5.1,0.99,1
5.07,23.94,80.75,81.2,94.0,5,0,4.89,0.737,1
92.13,37.94,41.09,81.9,214.8,12,2,2.11,0.961,1
20.3,84.23,50.52,62.3,257.9,15,6,6.98,0.939,0
26.72,16.86,76.79,45.0,303.9,21,6,1.55,0.813,1
29.5,16.0,65.03,82.4,237.0,1,6,3.25,0.904,1
8.52,49.46,39.64,63.4,250.5,23,0,0.4,0.992,1
16.44,29.88,45.9,61.1,224.7,14,1,1.21,0.936,1
96.73,56.19,39.46,59.6,345.4,7,6,1.65,0.692,1
34.32,45.65,62.58,57.5,113.5,16,0,3.21,0.914,1
15.72,44.15,41.61,65.2,115.2,13,6,1.01,0.903,1
14.95,15.08,73.06,69.0,70.4,17,3,8.06,0.985,1
71.91,17.69,61.38,62.4,185.4,13,3,2.85,0.966,1
84.47,78.9,26.66,83.0,60.8,3,5,1.72,0.995,0
28.9,84.73,39.82,55.2,116.4,20,4,1.0,0.474,0
6.94,26.12,32.72,67.8,184.5,20,4,2.25,0.939,1
25.75,15.21,46.23,54.4,336.4,21,3,2.44,0.638,1
10.26,9.81,56.28,76.2,338.4,22,0,2.47,0.923,1
14.62,59.75,55.54,44.9,268.0,0,6,1.96,0.756,0
45.13,69.38,75.36,49.1,154.6,22,6,1.22,0.63,0
26.38,38.55,30.13,78.5,306.9,5,5,3.59,0.922,1
52.98,66.17,90.72,48.8,310.1,4,5,0.8,0.792,1
28.57,69.17,42.43,70.0,321.3,14,6,2.16,0.902,1
92.47,89.18,39.02,86.6,234.8,15,6,1.48,0.935,1
89.25,10.84,69.81,65.1,94.6,21,3,4.67,0.959,1
57.71,22.31,79.44,49.0,59.1,7,0,1.99,0.728,1
37.96,11.17,45.28,55.4,322.7,5,3,4.07,0.892,1
40.45,83.12,74.75,79.5,47.8,4,2,6.33,0.993,1
43.3,76.33,85.7,56.9,124.7,5,0,0.47,0.995,1
72.66,56.72,76.34,74.7,185.8,0,1,1.82,0.661,1
47.0,12.53,17.74,77.3,37.0,13,6,4.51,0.949,1
84.68,29.6,81.19,64.1,320.2,18,1,4.31,0.86,0
92.8,31.79,76.96,77.6,121.9,18,6,0.64,0.916,1
36.24,55.47,68.54,55.2,39.1,14,6,1.51,0.961,1
57.14,28.22,75.8,64.8,347.9,18,4,0.7,0.949,1
13.84,11.57,93.35,73.0,129.6,5,2,4.74,0.944,1
23.64,70.77,49.49,48.1,310.6,4,1,0.21,0.917,1
43.45,31.92,20.38,53.1,175.1,15,6,0.69,0.728,1
24.18,45.71,51.87,71.3,242.2,8,3,1.25,0.996,1
86.52,16.49,18.71,71.5,107.1,14,1,0.7,0.954,1
19.72,77.23,38.54,63.7,190.9,21,3,7.47,0.748,1
47.38,55.9,61.95,78.2,112.4,7,2,0.76,0.88,1
61.33,86.14,39.77,63.1,334.3,7,5,1.1,0.964,1
69.34,49.59,69.83,82.3,49.5,3,5,0.58,0.859,1
40.63,89.73,80.76,75.3,117.9,23,5,5.43,0.99,1
85.83,85.27,48.64,55.1,315.8,1,6,1.26,0.827,1
57.85,56.88,87.01,59.0,183.6,15,4,0.81,0.896,1
45.87,89.05,21.39,72.0,222.0,2,5,0.77,0.91,1
11.25,34.08,82.21,82.9,238.5,8,1,1.96,0.961,0
48.22,37.91,81.29,48.6,52.7,3,4,7.8,0.971,1
81.33,9.09,40.76,64.7,35.7,1,5,7.51,0.95,1
62.15,58.03,38.9,45.7,330.1,18,5,8.2,0.849,0
82.39,69.97,39.41,53.4,116.9,22,2,1.18,0.788,1
50.94,74.62,79.91,72.9,151.7,14,0,5.12,0.636,0
16.02,18.48,81.53,43.7,248.3,6,5,1.38,0.94,1
6.27,44.97,41.38,71.8,105.6,7,2,1.63,0.975,1
33.2,20.92,62.41,83.2,264.6,2,2,1.67,0.875,1
69.91,64.59,26.11,86.5,176.6,22,6,0.33,0.985,0
78.49,19.22,52.5,50.4,304.1,14,2,0.59,0.968,1
32.51,86.37,94.9,75.9,119.1,0,0,4.54,0.931,0
51.1,25.76,27.71,84.5,95.2,15,0,4.73,0.987,1
44.16,31.23,90.81,44.4,296.1,21,2,0.65,0.919,1
43.18,81.58,80.94,59.9,134.4,2,0,0.92,0.902,1
26.52,46.26,92.78,84.1,161.8,1,3,3.74,0.8,0
17.68,7.16,29.37,49.7,284.0,14,2,0.66,0.908,1
23.29,49.51,32.08,84.8,233.4,3,5,4.45,0.545,0
10.15,12.61,16.35,65.3,171.4,13,1,3.67,0.819,1
23.43,93.68,72.98,44.8,110.0,8,3,3.5,0.943,0
5.86,57.93,66.53,61.6,274.5,21,2,4.65,0.958,1
63.34,28.09,29.25,55.7,87.7,8,1,4.56,0.677,1
34.42,55.73,78.29,53.5,327.0,13,6,5.18,0.929,0
95.5,11.92,38.94,66.0,78.1,14,5,4.43,0.897,1
23.02,76.99,25.8,63.2,287.6,23,1,2.07,0.892,0
37.16,88.28,48.81,63.1,165.8,4,4,0.54,0.795,1
38.28,83.7,22.28,44.2,89.5,23,6,2.08,0.946,1
5.79,35.76,36.06,78.5,158.8,1,4,5.9,0.833,1
83.05,34.32,44.71,63.1,100.9,23,6,7.06,0.856,0
7.98,8.16,83.15,79.4,73.5,16,1,2.81,0.926,1
92.44,63.63,78.4,79.6,106.5,10,2,2.57,0.993,1
87.96,53.14,50.42,55.2,307.6,12,2,5.78,0.987,1
54.8,46.34,72.97,40.2,63.9,11,2,0.89,0.891,1
55.55,86.69,60.49,83.7,341.2,2,2,0.53,0.995,1
65.8,20.11,42.27,76.5,31.6,22,1,0.88,0.726,0
41.0,5.87,73.07,45.1,240.6,19,5,6.15,0.947,1
65.19,11.6,69.68,73.7,304.1,12,0,0.68,0.851,1
9.16,25.1,64.53,41.0,328.9,14,6,0.71,0.957,1
10.03,8.0,64.44,41.3,76.1,10,0,0.63,0.923,0
47.52,50.26,69.64,65.2,253.4,15,5,1.53,0.927,0
56.11,33.27,45.76,44.6,64.4,6,5,3.38,0.98,1
87.57,21.24,84.53,86.3,142.8,0,6,1.16,0.961,0
14.73,72.51,27.98,82.9,264.2,22,2,0.41,0.908,1
81.51,23.4,85.71,71.2,140.7,18,4,2.9,0.78,1
24.53,66.88,42.38,43.1,130.3,17,1,2.08,0.802,1
41.65,36.43,25.0,55.6,67.1,8,0,1.5,0.942,1
34.44,51.06,63.0,57.8,51.3,17,5,6.85,0.972,1
42.21,89.05,45.08,63.1,66.9,2,1,1.47,0.993,1
19.0,8.36,80.24,48.1,310.2,2,4,2.84,0.893,1
51.83,50.02,49.46,67.7,33.6,3,5,0.55,0.909,0
79.55,81.9,68.49,60.9,251.7,15,1,1.28,0.94,1
46.06,57.92,39.66,85.5,276.0,10,4,0.68,0.905,1
50.63,29.92,31.76,84.9,211.7,22,5,1.06,0.987,1
83.94,40.79,46.04,67.1,263.8,22,4,1.51,0.876,1
70.66,66.22,63.54,70.9,238.7,14,6,0.58,0.636,1
50.61,85.17,67.56,46.6,175.8,8,3,3.45,0.843,1
28.97,8.7,61.26,50.7,152.5,7,5,1.14,0.956,1
87.3,11.44,94.04,83.2,331.2,21,4,4.74,0.931,0
58.66,34.25,70.29,73.6,341.0,5,3,2.45,0.651,1
25.57,25.95,89.52,49.1,238.4,20,5,0.59,0.996,1
30.03,28.84,24.43,67.4,93.1,17,5,2.25,0.691,0
79.69,24.91,19.91,84.9,173.3,5,4,0.25,0.982,1
9.11,22.62,39.88,56.6,188.9,5,6,3.49,0.958,1
97.26,16.76,25.93,48.9,272.6,11,4,7.52,0.825,0
17.12,89.06,57.07,85.2,243.7,4,1,2.46,0.903,1
79.03,17.98,56.52,62.1,194.7,13,6,5.42,0.991,1
41.71,23.4,61.0,60.0,247.7,5,6,0.9,0.933,1
50.78,27.16,74.62,52.8,37.7,20,3,1.3,0.964,1
86.9,88.97,92.71,82.8,278.5,19,5,1.31,0.95,1
43.4,73.01,85.26,80.6,97.7,18,0,0.44,0.642,0
54.99,76.07,24.47,59.3,240.1,13,0,3.38,0.941,1
9.58,14.43,42.08,41.5,66.5,0,1,1.57,0.854,1
5.22,80.27,35.47,61.4,66.6,19,0,1.55,0.957,1
27.77,41.74,29.15,48.7,41.4,22,0,2.41,0.942,1
68.29,28.65,58.58,46.9,321.3,6,4,0.58,0.747,0
16.28,56.82,59.26,58.9,223.5,6,2,3.52,0.929,1
15.58,79.0,33.18,44.8,145.8,13,2,1.11,0.993,1
43.22,75.08,71.95,86.0,282.1,19,0,0.37,0.943,0
65.25,85.1,73.63,42.3,230.3,15,1,0.62,0.917,1
71.22,88.53,16.68,59.3,228.4,11,1,0.78,0.964,1
21.6,26.43,46.66,47.8,185.9,22,3,0.59,0.83,1
12.4,43.15,86.21,73.1,32.5,10,1,0.75,0.997,1
92.46,6.32,56.63,43.8,112.7,17,1,11.17,0.929,1
29.24,84.14,42.81,66.2,64.9,11,4,1.74,0.999,1
84.36,18.91,35.29,77.1,242.0,23,4,2.05,0.757,1
85.3,82.53,34.47,85.6,109.6,9,5,0.56,0.954,1
76.84,34.64,22.98,73.5,174.1,23,0,0.29,0.935,1
20.7,38.13,80.38,44.8,143.1,4,5,0.94,0.798,0
81.43,8.52,21.93,44.2,75.8,23,1,3.14,0.674,0
76.54,34.42,38.38,75.1,336.7,1,2,1.84,0.982,0
60.5,84.95,18.65,50.3,328.7,9,1,0.22,0.935,1
36.36,7.3,77.51,61.5,57.1,23,6,3.31,0.773,0
29.41,41.57,18.14,86.9,294.8,15,1,0.42,0.947,1
16.34,7.83,39.66,79.4,186.3,5,0,1.36,0.917,0
52.41,38.38,60.86,80.6,277.6,5,2,12.0,0.567,0
59.43,20.54,47.76,81.3,78.4,19,0,0.46,0.965,1
38.42,27.7,37.58,69.7,72.3,23,1,3.58,0.735,1
49.21,83.98,37.02,75.7,315.0,22,2,3.41,0.747,0
38.81,44.24,78.82,57.2,317.3,11,1,1.38,0.963,1
64.61,29.64,92.92,87.9,179.1,8,5,9.09,0.861,1
88.82,58.04,42.84,53.4,308.5,16,0,0.94,0.84,1
20.24,17.79,18.13,68.3,243.6,9,6,0.96,0.956,1
40.47,28.35,17.93,53.5,89.2,7,0,0.53,0.992,1
18.1,54.16,75.74,45.4,135.3,23,4,1.12,0.688,0
63.12,26.38,59.19,67.2,73.5,8,2,0.9,0.972,1
72.78,66.12,77.69,57.0,277.7,6,4,2.06,0.904,1
91.67,49.23,70.8,68.0,345.3,9,5,0.28,0.879,0
30.94,74.48,87.6,66.8,204.8,23,6,0.94,0.958,1
93.37,90.34,85.87,66.0,239.9,0,2,0.21,0.994,0
10.88,15.42,78.07,45.9,268.7,18,3,0.21,0.825,1
61.08,35.12,53.02,61.1,101.8,21,6,3.63,0.935,1
10.31,33.76,39.65,79.0,137.5,10,2,2.97,0.966,0
88.12,18.61,55.56,55.1,161.9,22,6,2.93,0.978,0
54.27,77.93,55.17,61.3,220.3,19,6,1.07,0.917,1
67.25,73.39,63.82,63.7,302.2,9,1,2.6,0.833,1
82.34,48.6,29.89,81.4,111.3,1,2,0.79,0.98,1
18.98,53.4,67.45,71.5,180.7,13,4,0.94,0.947,1
8.59,10.36,51.53,44.8,270.5,11,0,1.85,0.969,0
86.74,55.0,64.62,81.5,58.0,3,0,2.61,0.959,0
34.29,76.22,34.17,79.9,194.1,21,2,0.82,0.851,1
17.0,56.64,49.75,76.2,76.2,12,3,2.47,0.957,1
48.57,28.88,31.82,62.4,202.5,19,0,6.77,0.976,1
60.64,65.08,85.02,76.4,275.7,9,5,1.56,0.84,1
7.88,37.53,54.04,63.0,105.8,1,0,1.25,0.846,1
30.57,54.04,33.0,75.4,301.8,16,6,0.73,0.86,0
8.05,48.88,18.3,82.2,137.1,9,5,1.08,0.983,1
44.09,39.31,69.06,82.7,91.1,22,5,1.71,0.938,1
88.24,69.7,32.17,61.8,178.9,15,5,5.97,0.998,1
96.39,84.55,94.17,81.2,310.3,8,0,0.8,0.928,1
64.25,5.47,57.7,44.9,52.1,18,3,0.73,0.854,0
20.03,89.03,38.12,44.9,134.8,10,4,6.67,0.988,0
89.24,51.04,67.61,66.3,239.0,5,2,2.06,0.948,1
53.01,68.07,37.02,71.3,144.4,3,5,2.86,0.929,1
19.3,82.01,80.62,47.3,52.7,15,3,3.74,0.942,0
90.72,47.04,39.66,62.7,136.2,11,6,0.37,0.927,1
75.44,80.15,94.06,44.5,292.7,23,6,1.53,0.721,1
73.05,20.99,63.41,68.9,339.8,23,2,0.5,0.945,1
70.95,19.33,82.55,81.0,42.7,15,1,2.16,0.978,1
23.63,64.17,20.83,75.4,212.2,22,5,6.35,0.982,1
24.62,83.31,42.86,58.2,63.7,21,2,0.32,0.854,1
69.01,85.32,74.0,87.7,247.7,2,5,0.84,0.865,0
25.43,62.94,67.4,71.8,32.5,11,0,12.0,0.989,1
45.8,52.29,30.54,79.1,34.7,14,3,0.21,0.874,1
77.73,34.83,43.5,72.1,278.6,19,5,0.5,0.914,1
77.91,93.2,36.08,87.5,53.8,11,3,0.37,0.792,1
47.15,33.77,64.07,79.4,127.7,8,4,3.09,0.997,1
78.67,71.98,42.57,64.9,336.6,9,1,2.98,0.937,1
82.99,52.88,39.72,57.6,345.3,22,6,3.21,0.923,1
65.89,59.77,31.59,72.7,81.6,7,6,3.18,0.866,1
26.24,40.41,47.72,68.3,209.5,12,4,3.81,0.903,1
30.48,91.83,30.64,70.2,208.9,21,4,3.16,0.859,1
34.28,56.45,92.01,56.5,174.8,14,1,1.52,0.983,1
15.86,89.4,27.36,60.6,325.9,16,0,2.94,0.954,1
30.4,5.68,88.06,66.8,271.3,11,3,2.02,0.931,0
24.49,56.54,49.28,80.3,274.6,15,2,1.11,0.738,1
47.35,69.55,45.23,76.6,116.3,10,1,3.82,0.97,1
89.48,72.06,33.51,45.7,169.0,18,4,3.3,0.976,1
14.72,86.45,65.86,51.8,186.0,12,6,0.58,0.981,1
