gpu_vram_gb,workload_type,framework,model_size_mb,batch_size,dataset_size_mb,epochs,runtime_minutes
24.0,Inference,TensorFlow,2388.1,64,9342.6,100,284.0
10.0,Training,TensorFlow,2915.7,8,5216.3,10,360.0
48.0,Training,JAX,365.4,64,7494.9,50,56.75
12.0,Inference,PyTorch,3076.4,8,8087.6,50,360.0
24.0,FineTuning,PyTorch,1277.6,32,13771.5,5,77.33
8.0,Inference,PyTorch,3230.7,8,14727.2,50,360.0
24.0,Training,TensorFlow,2061.2,8,12251.6,10,360.0
48.0,FineTuning,PyTorch,1134.7,8,8475.4,50,360.0
12.0,FineTuning,TensorFlow,3813.4,16,13928.8,50,360.0
10.0,Training,PyTorch,3072.0,8,2753.9,10,360.0
48.0,FineTuning,PyTorch,3943.5,256,10477.8,30,75.64
48.0,FineTuning,PyTorch,1489.7,128,6961.0,50,56.12
8.0,Training,PyTorch,2614.4,32,2256.8,100,360.0
16.0,Training,PyTorch,2465.8,16,1220.6,5,74.87
12.0,FineTuning,PyTorch,2765.8,128,7263.1,20,238.01
6.0,FineTuning,PyTorch,201.4,32,3660.6,5,16.15
48.0,Inference,PyTorch,1202.3,16,3832.5,100,122.43
16.0,Training,TensorFlow,3641.9,32,4871.2,5,185.03
6.0,Training,TensorFlow,1724.1,64,10803.6,30,360.0
12.0,Inference,PyTorch,3844.5,32,2544.9,30,146.59
4.0,Inference,PyTorch,893.3,64,10791.6,5,34.18
16.0,Training,PyTorch,3989.8,64,11762.4,50,360.0
80.0,FineTuning,JAX,2805.4,256,8957.8,5,5.61
4.0,Training,PyTorch,3116.8,32,3788.6,100,360.0
8.0,Training,PyTorch,1617.6,64,867.8,50,150.67
24.0,Training,TensorFlow,3632.7,256,6178.4,10,44.71
10.0,Training,PyTorch,2204.6,16,12726.9,10,360.0
80.0,Inference,TensorFlow,2739.7,64,1617.9,30,6.94
8.0,FineTuning,PyTorch,424.5,8,11198.0,20,360.0
12.0,Inference,PyTorch,2545.1,16,7071.6,20,360.0
8.0,FineTuning,PyTorch,3522.4,256,13492.6,100,360.0
24.0,Training,TensorFlow,754.2,16,5407.4,30,360.0
12.0,FineTuning,TensorFlow,2964.0,16,10600.8,10,360.0
80.0,Inference,PyTorch,150.3,8,11127.8,30,14.89
24.0,FineTuning,PyTorch,3708.5,8,3061.3,10,360.0
6.0,FineTuning,PyTorch,3932.5,8,2456.4,50,360.0
10.0,Inference,JAX,1449.0,8,1481.7,100,360.0
80.0,Training,PyTorch,472.9,256,10553.6,10,3.41
6.0,FineTuning,TensorFlow,2651.4,8,8267.4,10,360.0
80.0,Inference,PyTorch,167.8,256,1392.1,10,0.95
12.0,Inference,PyTorch,1955.8,256,4694.2,20,10.45
6.0,Training,PyTorch,1123.5,128,2221.0,10,35.97
10.0,FineTuning,TensorFlow,1919.7,128,1480.9,5,10.19
24.0,FineTuning,TensorFlow,122.2,8,4551.7,50,97.0
48.0,Training,PyTorch,253.9,256,1534.8,20,2.24
8.0,FineTuning,PyTorch,113.1,16,3976.8,5,14.32
4.0,Training,PyTorch,2495.6,64,8335.5,20,360.0
10.0,Training,PyTorch,2262.4,64,8457.5,20,360.0
6.0,Training,JAX,971.0,128,2603.2,5,20.23
48.0,FineTuning,PyTorch,2604.2,8,2946.1,30,360.0
10.0,Training,TensorFlow,3542.6,32,12839.1,100,360.0
6.0,FineTuning,TensorFlow,1145.4,64,2587.3,100,360.0
16.0,Training,TensorFlow,3336.4,256,781.5,100,74.84
16.0,Training,JAX,2666.9,256,3747.8,30,112.7
10.0,Training,PyTorch,183.6,64,8688.8,10,28.0
16.0,Training,TensorFlow,1531.8,16,207.6,5,8.84
6.0,FineTuning,PyTorch,2055.6,64,14776.3,10,360.0
6.0,FineTuning,PyTorch,2940.2,128,3532.8,100,360.0
10.0,Training,TensorFlow,1184.2,8,3648.0,30,360.0
48.0,Training,PyTorch,3931.8,8,11105.4,5,360.0
24.0,FineTuning,TensorFlow,2753.9,256,3797.9,5,7.17
80.0,Training,TensorFlow,1522.6,64,6002.7,5,10.82
48.0,Inference,TensorFlow,433.2,32,8204.4,10,6.27
12.0,FineTuning,PyTorch,766.4,128,425.9,20,4.46
6.0,Training,PyTorch,1976.1,256,12575.7,20,338.39
12.0,Training,PyTorch,2004.0,64,7729.6,100,360.0
48.0,FineTuning,TensorFlow,3082.5,128,4762.5,20,41.73
80.0,Training,PyTorch,2918.4,32,6056.8,5,43.63
80.0,Training,PyTorch,845.0,256,931.8,30,2.08
4.0,Training,PyTorch,2400.1,128,10797.9,10,360.0
80.0,FineTuning,PyTorch,131.5,256,8138.6,10,1.49
24.0,FineTuning,PyTorch,1624.3,128,13718.5,30,148.09
80.0,Training,PyTorch,3068.2,128,7016.4,20,60.03
48.0,FineTuning,PyTorch,1628.1,256,12443.2,100,106.78
4.0,Training,TensorFlow,3350.6,8,2906.1,50,360.0
48.0,FineTuning,PyTorch,3905.8,32,942.0,30,56.94
48.0,Training,PyTorch,2448.5,256,14231.8,20,71.7
8.0,FineTuning,PyTorch,622.8,8,3928.7,5,138.46
4.0,Inference,TensorFlow,1549.7,16,12520.4,30,360.0
48.0,Training,PyTorch,87.5,64,3934.3,20,3.92
8.0,Training,PyTorch,2430.8,256,2422.0,10,36.69
8.0,Training,PyTorch,3295.2,8,11014.7,50,360.0
4.0,Training,PyTorch,2538.3,256,11698.3,50,360.0
12.0,Training,PyTorch,3155.0,256,12669.8,50,360.0
24.0,Inference,PyTorch,3209.6,256,12986.5,20,30.99
80.0,Inference,TensorFlow,3411.5,128,7298.7,20,9.19
24.0,Training,PyTorch,1103.3,16,6063.2,5,94.1
80.0,FineTuning,PyTorch,3491.5,32,11289.4,50,360.0
48.0,FineTuning,PyTorch,2633.7,32,8583.9,10,118.03
6.0,FineTuning,PyTorch,1194.4,256,14482.7,100,360.0
4.0,Training,JAX,3949.8,8,5700.0,50,360.0
24.0,Training,PyTorch,3803.2,256,738.8,30,21.48
24.0,FineTuning,TensorFlow,2319.0,128,8880.6,30,129.45
48.0,Training,TensorFlow,3380.7,128,5366.7,10,42.86
12.0,FineTuning,PyTorch,1082.9,256,5205.8,20,31.25
8.0,FineTuning,JAX,1693.3,32,8511.3,100,360.0
48.0,Training,PyTorch,776.7,128,13834.5,50,115.95
16.0,Training,PyTorch,2104.4,64,4077.7,100,360.0
8.0,Inference,PyTorch,2009.2,8,5755.9,30,360.0
4.0,FineTuning,PyTorch,890.6,8,13379.6,10,360.0
8.0,Inference,PyTorch,2707.6,128,13438.8,5,37.68
12.0,Training,PyTorch,515.3,32,3595.4,30,181.34
8.0,FineTuning,PyTorch,293.7,256,10624.3,30,40.96
4.0,FineTuning,PyTorch,1570.4,64,6291.9,50,360.0
12.0,Inference,PyTorch,1668.8,64,14046.4,20,112.83
24.0,Training,PyTorch,1313.0,256,11010.5,30,82.27
24.0,Training,PyTorch,1068.9,64,7465.9,30,166.14
80.0,Training,PyTorch,1388.2,16,12279.4,50,360.0
8.0,Inference,PyTorch,695.3,128,14968.4,20,33.22
24.0,Inference,PyTorch,1643.6,64,6760.9,100,152.14
4.0,Inference,PyTorch,3623.2,128,5665.3,5,45.08
10.0,Inference,PyTorch,936.5,32,9144.8,100,360.0
10.0,Training,PyTorch,2753.6,32,10277.9,5,360.0
12.0,Training,JAX,610.0,256,10596.3,5,12.29
24.0,Training,PyTorch,1447.9,32,7156.4,5,74.72
24.0,Training,PyTorch,1318.6,16,5051.2,20,360.0
10.0,Inference,PyTorch,3751.3,32,12346.7,5,116.0
24.0,Inference,PyTorch,1740.5,128,14378.1,50,79.67
8.0,Training,PyTorch,2777.3,8,12973.3,50,360.0
16.0,FineTuning,PyTorch,2429.7,8,10267.1,50,360.0
6.0,Inference,PyTorch,607.1,128,5466.2,5,6.01
80.0,FineTuning,PyTorch,3761.2,8,9375.0,50,360.0
12.0,Training,TensorFlow,1416.2,64,1607.3,50,199.1
16.0,FineTuning,PyTorch,226.8,8,8055.3,10,109.49
10.0,Training,PyTorch,1236.8,16,11740.1,5,360.0
24.0,FineTuning,TensorFlow,1375.8,32,3840.8,50,225.66
80.0,Training,PyTorch,416.3,8,7572.9,100,360.0
24.0,Training,TensorFlow,2498.9,8,1191.8,20,360.0
4.0,Inference,PyTorch,1419.7,256,12593.6,50,145.96
4.0,FineTuning,PyTorch,2535.1,16,5318.5,10,360.0
80.0,FineTuning,PyTorch,76.6,256,8774.9,20,1.04
80.0,Inference,JAX,3929.1,16,5740.2,20,65.89
10.0,Training,PyTorch,723.5,8,9004.2,100,360.0
80.0,Training,JAX,2654.4,64,11188.5,100,360.0
8.0,Inference,PyTorch,2877.3,8,4969.5,100,360.0
24.0,Training,PyTorch,727.9,64,7837.0,30,122.58
16.0,FineTuning,JAX,491.3,256,11943.6,10,13.14
48.0,Training,PyTorch,652.7,32,10349.0,10,50.07
80.0,Training,JAX,1024.9,128,950.4,50,6.35
12.0,FineTuning,PyTorch,714.5,32,8574.5,10,103.21
4.0,Training,JAX,2712.3,8,5707.4,20,360.0
8.0,FineTuning,PyTorch,1712.3,8,10660.8,20,360.0
48.0,FineTuning,PyTorch,2174.3,64,348.4,50,10.9
16.0,Inference,TensorFlow,237.0,16,5025.9,20,18.07
48.0,FineTuning,PyTorch,3451.9,256,1388.7,50,18.63
80.0,Training,PyTorch,723.8,256,13815.3,100,75.9
10.0,Inference,PyTorch,1472.6,256,13159.8,30,39.9
4.0,FineTuning,PyTorch,334.0,64,14524.5,10,146.64
4.0,FineTuning,JAX,590.3,16,9687.7,10,360.0
10.0,Inference,PyTorch,2679.9,16,12125.0,10,360.0
24.0,FineTuning,PyTorch,2785.7,16,9216.8,30,360.0
6.0,FineTuning,PyTorch,2724.0,16,7431.5,10,360.0
8.0,FineTuning,TensorFlow,2230.9,8,12523.9,100,360.0
4.0,Training,PyTorch,3812.5,128,11664.9,30,360.0
12.0,Training,PyTorch,2053.3,256,11025.8,30,315.97
4.0,FineTuning,PyTorch,1825.2,128,13419.3,50,360.0
48.0,Training,PyTorch,1027.8,32,13938.3,100,360.0
4.0,Training,TensorFlow,440.5,32,6734.8,5,154.4
4.0,Training,PyTorch,2215.2,32,4314.0,5,360.0
6.0,FineTuning,PyTorch,1293.8,64,7725.6,50,360.0
6.0,Training,PyTorch,2119.9,32,1486.7,50,360.0
16.0,FineTuning,TensorFlow,864.2,256,14078.6,50,138.29
24.0,Training,PyTorch,3360.8,32,14759.4,10,360.0
12.0,FineTuning,PyTorch,3998.8,32,9825.3,20,360.0
4.0,Training,PyTorch,1323.5,8,11217.8,50,360.0
4.0,FineTuning,TensorFlow,3377.2,32,4922.7,30,360.0
8.0,Training,PyTorch,3498.3,128,13007.4,5,252.85
6.0,Inference,PyTorch,3984.5,8,13514.5,10,360.0
12.0,Inference,PyTorch,1403.7,16,1245.8,100,167.0
16.0,Inference,PyTorch,3036.4,64,2058.5,20,29.14
24.0,Inference,JAX,953.8,8,3986.7,5,22.81
10.0,Training,PyTorch,2517.9,8,10584.7,5,360.0
24.0,FineTuning,JAX,2834.1,128,2832.1,5,12.12
48.0,FineTuning,PyTorch,2977.4,256,3379.2,30,19.3
4.0,FineTuning,PyTorch,868.3,256,5789.8,30,109.83
16.0,Inference,PyTorch,3402.5,32,9213.4,30,360.0
48.0,FineTuning,JAX,1712.8,16,14647.0,20,360.0
12.0,Inference,PyTorch,904.7,128,11780.0,5,6.87
10.0,Training,TensorFlow,2193.0,128,8418.7,50,360.0
6.0,Inference,PyTorch,3460.3,8,835.9,20,272.58
16.0,FineTuning,PyTorch,3870.0,16,7800.9,30,360.0
16.0,FineTuning,TensorFlow,3005.4,128,3140.9,30,104.94
4.0,Training,JAX,72.2,256,4571.0,30,15.42
80.0,FineTuning,PyTorch,582.1,64,3837.8,100,28.16
16.0,Inference,PyTorch,351.3,64,5277.0,10,4.9
8.0,Training,PyTorch,449.8,128,1027.7,100,57.54
10.0,FineTuning,PyTorch,1563.0,8,8694.9,5,360.0
10.0,Training,PyTorch,1387.0,64,781.7,50,101.4
8.0,Inference,PyTorch,499.1,8,9942.7,5,86.12
8.0,FineTuning,PyTorch,3534.8,32,10989.0,20,360.0
8.0,Training,PyTorch,2480.9,32,7342.4,10,360.0
10.0,Training,JAX,3196.0,8,11740.7,20,360.0
24.0,FineTuning,PyTorch,1517.6,128,14514.1,30,199.23
10.0,Training,PyTorch,1670.4,32,5166.8,30,360.0
80.0,FineTuning,JAX,1304.6,256,9321.7,50,20.36
4.0,Inference,PyTorch,1781.8,32,4923.6,5,70.77
48.0,Inference,PyTorch,2461.0,256,6706.4,20,5.5
24.0,Training,PyTorch,1997.3,64,410.3,100,82.47
6.0,Inference,PyTorch,3359.8,128,1207.8,30,26.03
48.0,FineTuning,TensorFlow,3605.5,8,11983.2,50,360.0
4.0,Training,PyTorch,1905.3,32,2184.6,50,360.0
80.0,Training,PyTorch,997.0,128,10517.4,20,28.06
80.0,Training,PyTorch,3783.5,32,10662.1,5,119.96
6.0,Inference,JAX,2953.4,64,14943.8,10,181.12
24.0,Training,PyTorch,2578.5,128,10464.4,50,360.0
8.0,Training,PyTorch,2994.4,16,2018.3,20,360.0
24.0,FineTuning,PyTorch,350.1,64,9435.5,30,50.81
80.0,FineTuning,PyTorch,317.1,8,7909.7,10,26.39
10.0,FineTuning,PyTorch,654.8,128,13769.1,10,59.62
4.0,FineTuning,PyTorch,632.4,256,10383.2,5,24.44
6.0,Training,PyTorch,1711.6,32,7825.3,20,360.0
4.0,Inference,PyTorch,671.7,256,9400.8,5,6.05
12.0,Training,PyTorch,3425.4,128,6707.6,50,360.0
12.0,FineTuning,PyTorch,2333.5,8,7675.3,50,360.0
24.0,FineTuning,TensorFlow,1504.6,256,10862.9,100,226.6
80.0,Training,PyTorch,325.0,256,1267.4,20,0.98
80.0,Inference,PyTorch,2384.6,256,9268.5,30,8.22
8.0,FineTuning,PyTorch,510.3,128,1414.4,100,52.36
8.0,Training,PyTorch,2985.7,32,12840.6,100,360.0
8.0,Inference,PyTorch,3220.9,256,14142.7,50,182.79
10.0,FineTuning,TensorFlow,2198.7,64,11725.0,50,360.0
48.0,FineTuning,PyTorch,640.9,64,10798.7,30,51.06
16.0,FineTuning,JAX,3158.1,32,14161.8,100,360.0
48.0,Inference,JAX,1265.9,16,3356.1,10,12.57
4.0,Training,PyTorch,929.5,16,3509.6,20,360.0
48.0,Training,TensorFlow,1908.7,64,7267.1,10,62.82
10.0,FineTuning,PyTorch,3694.5,256,211.2,5,2.27
4.0,Training,PyTorch,1224.6,8,14479.5,30,360.0
48.0,FineTuning,PyTorch,3627.0,128,580.6,20,5.07
10.0,Training,PyTorch,261.9,32,8982.1,30,288.87
16.0,Training,JAX,379.9,8,5374.2,30,360.0
48.0,Training,TensorFlow,2809.3,256,1634.2,10,5.48
10.0,FineTuning,TensorFlow,802.8,128,466.8,10,3.09
8.0,Inference,PyTorch,1300.7,64,4010.0,5,11.6
80.0,Training,PyTorch,588.7,32,1689.6,20,10.67
8.0,FineTuning,PyTorch,1362.4,8,14110.9,30,360.0
80.0,Training,PyTorch,1157.8,128,3746.9,100,49.78
6.0,FineTuning,PyTorch,2958.5,64,1502.6,5,37.3
6.0,Training,PyTorch,2823.0,64,11568.3,30,360.0
6.0,FineTuning,PyTorch,3822.0,128,6272.4,5,143.91
16.0,FineTuning,PyTorch,2911.5,16,12670.6,30,360.0
8.0,Inference,PyTorch,2794.5,16,12592.6,10,360.0
80.0,Training,PyTorch,2792.1,128,14886.5,50,293.28
10.0,FineTuning,TensorFlow,3537.7,128,12077.0,5,113.85
4.0,FineTuning,PyTorch,1220.1,128,3290.9,5,25.33
10.0,Inference,PyTorch,1235.4,64,8838.1,50,137.12
4.0,Training,TensorFlow,2977.8,256,7941.1,10,329.51
12.0,Training,JAX,953.4,256,7672.0,5,14.2
10.0,Inference,TensorFlow,3652.5,32,4522.4,10,90.97
48.0,Training,PyTorch,2162.4,64,3231.1,100,291.26
48.0,Training,PyTorch,1235.5,64,10781.7,30,161.07
24.0,Training,JAX,3115.6,16,1616.2,100,360.0
8.0,Inference,TensorFlow,1283.7,128,839.3,30,6.78
4.0,Training,PyTorch,3854.9,64,5780.5,50,360.0
4.0,Inference,PyTorch,3932.8,64,11184.5,20,360.0
8.0,FineTuning,PyTorch,2683.8,128,13041.1,10,249.7
16.0,Training,PyTorch,498.9,256,8147.9,20,29.03
24.0,Training,PyTorch,1089.7,32,12615.0,20,360.0
16.0,Training,PyTorch,2085.9,16,476.8,10,46.33
16.0,FineTuning,JAX,3413.2,8,6885.0,20,360.0
16.0,FineTuning,PyTorch,780.3,256,2087.5,5,3.26
8.0,FineTuning,TensorFlow,462.4,64,8782.5,30,171.61
16.0,Training,PyTorch,344.2,32,13822.7,100,360.0
48.0,FineTuning,PyTorch,2052.5,8,207.1,50,51.19
6.0,Inference,PyTorch,3544.6,256,10056.5,10,43.74
12.0,FineTuning,TensorFlow,217.3,256,11906.0,50,33.86
4.0,Inference,PyTorch,888.7,128,11192.8,100,353.05
4.0,Training,PyTorch,2788.4,8,394.6,30,360.0
12.0,Inference,TensorFlow,3312.2,128,2690.9,50,57.15
8.0,Training,PyTorch,3239.2,256,1506.5,10,35.18
10.0,Training,JAX,3151.0,256,1373.3,50,89.45
8.0,Inference,JAX,562.7,256,10979.7,20,12.09
4.0,Inference,JAX,1619.1,32,6429.4,20,284.54
4.0,FineTuning,PyTorch,3939.7,256,10899.8,30,360.0
12.0,Training,PyTorch,3956.1,8,5475.2,20,360.0
16.0,Training,JAX,2429.6,16,1844.0,50,360.0
8.0,FineTuning,PyTorch,2851.6,32,10804.9,5,360.0
80.0,Inference,PyTorch,3807.6,8,9428.3,50,360.0
12.0,Training,TensorFlow,1827.2,64,1783.3,5,26.06
48.0,Inference,PyTorch,590.6,8,13873.0,50,248.33
4.0,Training,TensorFlow,2692.3,8,4702.9,5,360.0
12.0,Inference,TensorFlow,3842.4,16,9855.5,5,183.36
8.0,Inference,TensorFlow,2804.0,32,576.5,10,14.03
4.0,Training,PyTorch,3223.1,64,6701.3,10,360.0
10.0,Training,PyTorch,1719.9,256,14469.0,100,360.0
12.0,Inference,PyTorch,431.0,32,13309.0,50,122.29
24.0,FineTuning,PyTorch,717.1,32,3398.1,20,45.41
4.0,FineTuning,PyTorch,3931.5,64,13199.0,10,360.0
8.0,FineTuning,PyTorch,1998.1,64,4466.7,5,80.36
6.0,Training,PyTorch,97.5,16,12798.3,50,360.0
80.0,Inference,PyTorch,3823.7,128,10965.5,20,15.63
16.0,Training,TensorFlow,2016.2,16,5345.6,50,360.0
8.0,Inference,PyTorch,3353.3,256,13670.8,5,23.51
48.0,Training,PyTorch,2216.4,64,7330.7,10,75.61
48.0,FineTuning,PyTorch,451.7,8,4833.6,10,41.5
6.0,Training,TensorFlow,2481.5,8,4267.3,30,360.0
16.0,Training,PyTorch,3989.7,32,14092.1,30,360.0
24.0,Training,PyTorch,187.2,32,11402.9,100,335.46
6.0,FineTuning,PyTorch,3375.1,128,5313.5,100,360.0
6.0,FineTuning,PyTorch,980.1,128,3887.1,100,360.0
4.0,Inference,JAX,1605.8,128,3253.1,50,107.08
48.0,Training,JAX,1522.2,128,3742.9,50,52.41
4.0,FineTuning,PyTorch,3600.2,8,1753.6,20,360.0
80.0,FineTuning,TensorFlow,2042.7,64,7322.6,100,216.46
16.0,Training,TensorFlow,1816.3,256,712.0,10,5.37
24.0,Training,JAX,3281.2,256,271.6,100,21.6
24.0,FineTuning,PyTorch,243.2,128,9309.3,10,7.71
8.0,Training,PyTorch,391.5,16,1418.3,100,360.0
6.0,Training,PyTorch,135.7,256,12693.6,30,49.35
80.0,FineTuning,PyTorch,2767.5,128,1690.3,5,2.36
48.0,Training,PyTorch,2126.2,8,8185.8,5,297.0
24.0,FineTuning,TensorFlow,3510.3,32,10165.0,100,360.0
80.0,Inference,TensorFlow,2019.2,16,3514.4,30,32.44
10.0,FineTuning,TensorFlow,926.2,128,13335.1,50,360.0
10.0,FineTuning,PyTorch,3230.3,8,7272.7,100,360.0
4.0,Training,PyTorch,1212.6,32,4798.3,100,360.0
48.0,Inference,PyTorch,3746.0,128,13526.8,10,15.96
8.0,Training,PyTorch,1039.2,8,12889.3,10,360.0
24.0,FineTuning,JAX,712.5,8,10673.4,100,360.0
6.0,Inference,PyTorch,1998.6,64,4428.2,10,45.16
6.0,FineTuning,TensorFlow,249.5,8,5914.1,5,132.45
24.0,FineTuning,PyTorch,193.8,128,10377.0,50,28.73
16.0,Training,PyTorch,2009.3,8,2860.7,100,360.0
8.0,Training,PyTorch,899.7,16,7477.2,5,284.67
80.0,FineTuning,PyTorch,86.9,8,11092.1,50,64.74
16.0,Training,PyTorch,1219.4,8,9899.9,30,360.0
16.0,FineTuning,PyTorch,1935.6,256,10827.0,50,211.39
4.0,Training,PyTorch,1607.4,16,13389.6,5,360.0
10.0,Inference,JAX,585.1,128,14527.5,10,13.29
16.0,Training,TensorFlow,2339.7,32,6929.9,5,239.34
16.0,FineTuning,JAX,2855.8,64,993.7,30,73.45
12.0,FineTuning,TensorFlow,2718.4,256,12531.8,10,79.6
4.0,FineTuning,TensorFlow,1605.4,32,1857.7,5,94.04
48.0,Training,PyTorch,593.5,128,3369.7,10,4.84
12.0,FineTuning,PyTorch,2023.0,128,9832.2,30,285.52
12.0,Training,PyTorch,3567.2,256,11211.5,50,360.0
24.0,Training,TensorFlow,1901.5,16,10450.2,50,360.0
10.0,Training,PyTorch,822.9,32,6633.5,20,360.0
16.0,FineTuning,PyTorch,417.6,8,13779.2,10,333.4
10.0,Training,JAX,3778.5,16,12499.7,100,360.0
8.0,Inference,PyTorch,2984.9,16,9988.9,30,360.0
24.0,FineTuning,JAX,1286.2,64,6672.0,5,20.98
48.0,Training,TensorFlow,1216.6,16,7011.0,100,360.0
10.0,FineTuning,PyTorch,3586.1,32,2721.9,5,96.94
6.0,Inference,PyTorch,751.4,128,11717.6,20,42.21
8.0,Training,TensorFlow,2163.4,256,13002.9,5,90.41
4.0,FineTuning,PyTorch,2868.3,64,12426.5,30,360.0
48.0,FineTuning,TensorFlow,1615.7,256,8251.8,30,28.2
8.0,Training,TensorFlow,207.6,256,12585.3,50,81.15
24.0,Inference,PyTorch,949.6,8,11877.1,10,117.29
12.0,Training,PyTorch,3612.1,32,12502.2,10,360.0
12.0,Training,PyTorch,2116.3,8,14730.8,5,360.0
24.0,Inference,PyTorch,3271.0,16,12169.0,10,205.47
80.0,FineTuning,PyTorch,2245.0,32,4133.3,20,58.3
12.0,Inference,TensorFlow,3777.2,256,12330.9,10,25.95
4.0,FineTuning,PyTorch,3641.1,64,5697.0,100,360.0
4.0,FineTuning,TensorFlow,1957.4,256,7791.3,5,54.07
6.0,Inference,PyTorch,1307.2,64,11966.4,10,83.27
16.0,Training,PyTorch,2426.6,8,4819.1,100,360.0
80.0,FineTuning,PyTorch,2715.8,128,488.6,30,4.5
48.0,FineTuning,TensorFlow,2018.5,256,10800.4,30,35.5
12.0,Training,PyTorch,3298.0,64,13542.4,50,360.0
4.0,FineTuning,PyTorch,774.1,8,13925.5,50,360.0
24.0,Training,TensorFlow,1370.9,128,12003.8,50,336.06
12.0,FineTuning,PyTorch,2761.2,32,14033.6,50,360.0
16.0,FineTuning,PyTorch,1024.4,64,12327.8,10,116.06
24.0,Inference,PyTorch,1787.4,64,548.5,100,11.49
8.0,Training,TensorFlow,3856.7,256,5309.9,5,64.97
8.0,FineTuning,PyTorch,2522.2,256,5108.0,10,51.42
12.0,Training,PyTorch,3798.8,8,3365.5,5,360.0
16.0,FineTuning,PyTorch,2903.6,64,11989.3,5,131.48
80.0,FineTuning,JAX,2912.4,8,7849.3,5,135.19
12.0,FineTuning,PyTorch,2387.8,64,12560.7,5,153.1
4.0,Inference,PyTorch,611.7,8,9060.1,30,360.0
10.0,Inference,PyTorch,2102.9,64,8900.1,100,360.0
12.0,Training,PyTorch,1048.0,32,5823.8,5,84.44
12.0,Training,TensorFlow,3994.8,256,11865.1,10,186.7
24.0,FineTuning,PyTorch,1104.5,32,10278.1,5,51.17
10.0,FineTuning,TensorFlow,961.2,8,5147.4,30,360.0
4.0,Training,TensorFlow,2514.3,32,14904.2,10,360.0
12.0,FineTuning,JAX,2068.2,8,6995.6,100,360.0
24.0,Training,PyTorch,134.3,256,4817.2,20,3.68
16.0,Training,JAX,561.7,8,10348.1,10,360.0
12.0,Inference,PyTorch,3253.6,256,3419.8,30,25.51
10.0,Training,TensorFlow,1960.6,16,12476.6,100,360.0
6.0,Training,PyTorch,626.8,32,10237.4,30,360.0
10.0,Training,TensorFlow,1887.7,16,13064.0,50,360.0
8.0,Inference,PyTorch,1049.9,256,5002.9,20,9.98
4.0,Inference,TensorFlow,933.2,256,12830.9,5,11.59
48.0,FineTuning,JAX,3833.0,16,7563.9,30,360.0
12.0,Training,TensorFlow,1480.0,256,981.4,50,35.72
10.0,Inference,TensorFlow,233.4,64,2993.1,50,12.7
48.0,FineTuning,PyTorch,3882.8,8,3343.0,100,360.0
24.0,Inference,PyTorch,3189.6,128,11543.1,5,10.46
6.0,FineTuning,JAX,1054.9,16,3126.6,100,360.0
4.0,Training,PyTorch,1665.1,64,8472.6,10,360.0
10.0,FineTuning,PyTorch,3456.0,32,9822.9,20,360.0
48.0,Training,PyTorch,1461.8,128,11630.5,5,15.8
6.0,Training,PyTorch,2291.2,256,11779.8,100,360.0
8.0,FineTuning,PyTorch,2162.7,8,10792.3,5,360.0
4.0,Inference,PyTorch,1635.1,64,3276.4,10,49.54
4.0,FineTuning,PyTorch,2576.0,128,8197.7,10,360.0
8.0,FineTuning,PyTorch,1919.5,8,4423.5,30,360.0
12.0,Training,PyTorch,133.9,8,11649.0,10,180.9
8.0,Training,PyTorch,3266.8,128,11246.6,10,360.0
4.0,Training,PyTorch,497.0,64,3521.7,20,191.47
4.0,FineTuning,PyTorch,1883.2,256,9656.0,100,360.0
48.0,FineTuning,JAX,2340.6,128,970.6,100,34.58
6.0,Training,PyTorch,2836.7,16,11551.4,20,360.0
8.0,Inference,TensorFlow,1672.6,8,11725.0,20,360.0
6.0,Training,JAX,2955.4,32,5270.5,5,360.0
8.0,Inference,PyTorch,568.8,256,12113.2,20,12.56
24.0,FineTuning,PyTorch,2631.1,128,12888.6,20,177.09
4.0,Training,PyTorch,3314.0,128,2931.9,50,360.0
48.0,FineTuning,PyTorch,3563.3,8,5328.3,20,360.0
6.0,FineTuning,PyTorch,2339.3,8,3990.1,5,360.0
8.0,FineTuning,PyTorch,1285.9,128,5677.9,100,360.0
80.0,FineTuning,PyTorch,695.3,32,6758.9,50,77.1
24.0,Training,PyTorch,1415.0,8,7698.5,5,360.0
10.0,FineTuning,JAX,2182.9,8,623.0,5,76.36
12.0,Inference,PyTorch,825.5,16,922.0,50,42.81
6.0,Training,JAX,3812.4,64,9863.0,50,360.0
48.0,Training,PyTorch,3593.7,16,6696.8,50,360.0
10.0,Inference,PyTorch,180.2,32,1437.1,50,7.99
80.0,Training,PyTorch,2269.7,64,5854.8,5,15.47
12.0,FineTuning,JAX,3167.8,128,7184.9,50,360.0
80.0,FineTuning,PyTorch,1019.3,32,9570.3,10,31.06
10.0,FineTuning,PyTorch,2119.4,32,1863.1,100,360.0
12.0,Training,TensorFlow,1653.7,16,14922.6,20,360.0
80.0,Training,PyTorch,826.4,64,7173.1,20,36.21
48.0,Training,PyTorch,2478.2,32,10243.8,100,360.0
8.0,FineTuning,JAX,3975.1,64,13632.5,10,360.0
4.0,FineTuning,TensorFlow,1492.9,256,574.2,100,73.15
8.0,FineTuning,PyTorch,2231.9,128,9060.2,5,91.52
10.0,FineTuning,PyTorch,1345.0,64,8151.3,5,59.11
6.0,Training,JAX,3513.9,16,955.4,20,360.0
4.0,Training,JAX,3465.2,16,10426.1,30,360.0
24.0,Inference,PyTorch,756.2,32,3389.7,100,58.72
48.0,FineTuning,TensorFlow,3604.8,64,10558.0,10,79.58
24.0,Training,PyTorch,648.5,16,5503.2,10,121.11
12.0,Training,PyTorch,427.0,8,11574.9,20,360.0
4.0,Training,PyTorch,2629.1,16,14132.2,50,360.0
24.0,Training,PyTorch,1574.3,128,12921.6,100,360.0
24.0,Inference,PyTorch,2146.4,8,7290.3,30,360.0
80.0,Inference,PyTorch,2627.7,64,3456.6,5,3.28
8.0,Inference,PyTorch,258.7,256,14887.1,5,3.05
80.0,Inference,PyTorch,1207.2,32,9926.5,5,5.73
4.0,Inference,PyTorch,1870.6,8,5999.7,5,293.63
4.0,FineTuning,JAX,1103.0,16,7274.7,10,360.0
10.0,Training,TensorFlow,243.4,32,2008.0,10,18.3
80.0,FineTuning,PyTorch,392.4,256,7628.9,50,7.37
16.0,Training,JAX,3216.9,256,2680.2,10,25.78
8.0,Training,PyTorch,3650.0,32,5549.6,50,360.0
4.0,Training,PyTorch,651.3,32,7427.3,50,360.0
10.0,FineTuning,JAX,1034.6,32,14222.2,5,149.1
80.0,Training,PyTorch,2626.4,64,9407.9,5,37.95
8.0,Training,PyTorch,3819.4,64,5641.2,10,360.0
80.0,FineTuning,PyTorch,1233.4,64,1785.0,10,4.6
24.0,Inference,PyTorch,3428.1,16,11233.1,50,360.0
10.0,FineTuning,PyTorch,2048.8,64,7056.1,20,334.41
8.0,Inference,JAX,3828.4,32,1115.5,5,19.31
12.0,Training,PyTorch,588.2,8,9887.4,30,360.0
12.0,Training,JAX,3896.0,8,5316.6,20,360.0
8.0,FineTuning,JAX,1791.9,256,6118.0,5,23.87
80.0,FineTuning,PyTorch,3814.1,8,12598.9,5,273.88
10.0,FineTuning,PyTorch,1861.8,8,2145.9,10,345.79
12.0,FineTuning,PyTorch,2143.8,8,5171.6,30,360.0
10.0,FineTuning,PyTorch,3228.9,256,5518.7,100,360.0
12.0,Inference,PyTorch,2904.4,128,149.6,30,2.72
24.0,Training,JAX,2497.4,8,12695.4,5,360.0
80.0,Training,TensorFlow,1697.1,8,12546.2,100,360.0
24.0,FineTuning,PyTorch,3180.1,8,9961.4,100,360.0
12.0,Training,PyTorch,3795.5,256,13494.2,50,360.0
24.0,Training,PyTorch,88.8,16,4166.0,30,35.05
12.0,Training,PyTorch,2372.0,128,3387.4,20,136.2
8.0,Training,JAX,3470.6,8,1121.0,50,360.0
24.0,Training,TensorFlow,2629.8,256,8921.0,10,48.37
6.0,Training,PyTorch,3213.3,256,7495.7,5,119.03
80.0,FineTuning,PyTorch,3585.5,64,12174.9,5,37.19
4.0,FineTuning,PyTorch,3016.3,16,7271.2,20,360.0
16.0,FineTuning,PyTorch,2882.2,256,3128.2,20,31.12
24.0,FineTuning,PyTorch,3860.7,256,12163.0,100,360.0
48.0,Training,PyTorch,3461.6,128,6886.3,10,58.12
80.0,Training,PyTorch,3270.7,64,14341.9,10,96.82
6.0,Training,PyTorch,391.3,64,8063.6,100,360.0
6.0,Inference,PyTorch,994.2,16,1839.4,100,360.0
12.0,FineTuning,PyTorch,2249.2,256,12780.3,30,177.03
12.0,Training,PyTorch,2852.8,64,13188.3,50,360.0
16.0,Training,PyTorch,1247.7,32,6736.9,5,97.08
8.0,Inference,PyTorch,418.6,16,487.3,30,11.13
48.0,FineTuning,PyTorch,1278.8,16,542.9,10,7.84
4.0,Inference,TensorFlow,3095.6,32,5332.1,20,360.0
16.0,Training,PyTorch,3515.7,16,10771.9,30,360.0
10.0,Training,PyTorch,3656.0,64,5032.7,20,360.0
4.0,FineTuning,JAX,1546.5,64,215.2,100,113.23
24.0,FineTuning,PyTorch,1521.5,64,12743.7,50,360.0
80.0,FineTuning,TensorFlow,1656.5,32,14534.1,20,151.55
10.0,FineTuning,PyTorch,1534.4,64,5260.9,5,54.28
10.0,FineTuning,PyTorch,2681.5,32,1188.8,50,360.0
16.0,FineTuning,PyTorch,1465.4,32,4442.0,20,219.64
8.0,Training,PyTorch,130.4,32,12005.2,30,198.6
16.0,Training,PyTorch,1784.1,16,8179.7,5,360.0
24.0,Inference,PyTorch,935.4,128,5821.4,5,3.8
8.0,Training,JAX,163.8,256,5080.0,10,6.21
24.0,FineTuning,PyTorch,1909.8,32,1819.4,10,37.16
8.0,FineTuning,PyTorch,863.5,64,5158.8,30,179.28
6.0,Inference,PyTorch,1838.3,32,7104.6,100,360.0
10.0,Training,TensorFlow,1147.1,256,10129.8,10,59.03
48.0,Training,TensorFlow,2434.7,8,4005.0,20,360.0
80.0,Inference,TensorFlow,3964.0,16,13470.9,100,360.0
24.0,Inference,PyTorch,2211.6,64,7323.5,10,23.72
4.0,FineTuning,PyTorch,2605.2,16,6136.9,5,360.0
8.0,FineTuning,PyTorch,3681.1,16,8949.9,30,360.0
80.0,Training,PyTorch,1527.3,8,2597.6,20,146.91
4.0,FineTuning,TensorFlow,707.9,32,1688.1,5,31.21
80.0,Inference,JAX,1167.0,64,5263.5,5,2.19
48.0,Inference,PyTorch,1641.0,128,695.0,50,2.46
4.0,Training,PyTorch,2597.8,16,5726.0,10,360.0
16.0,Training,PyTorch,68.1,256,10105.1,100,22.44
12.0,FineTuning,PyTorch,3420.9,128,12200.6,20,360.0
16.0,Inference,PyTorch,350.6,128,8738.5,30,10.38
12.0,FineTuning,PyTorch,3607.6,32,10400.8,30,360.0
16.0,Training,JAX,3800.3,128,12513.6,30,360.0
12.0,Training,PyTorch,3960.9,64,11619.6,50,360.0
12.0,FineTuning,JAX,3247.6,32,4867.7,20,360.0
10.0,Training,PyTorch,610.3,256,8644.0,5,13.96
8.0,Inference,PyTorch,2839.4,128,4046.3,100,257.21
8.0,FineTuning,PyTorch,853.1,32,8687.4,50,360.0
10.0,FineTuning,PyTorch,3593.7,64,6447.4,100,360.0
80.0,Training,PyTorch,1300.6,16,5654.7,100,360.0
6.0,Inference,PyTorch,1340.8,8,2835.1,10,153.45
80.0,Training,PyTorch,3674.7,32,8470.1,5,84.98
4.0,Training,JAX,102.3,256,10966.8,30,48.22
4.0,Inference,PyTorch,816.2,8,8612.1,10,360.0
12.0,Inference,TensorFlow,1716.6,16,1131.5,20,38.98
16.0,Inference,PyTorch,2817.9,256,13872.5,20,41.32
16.0,Training,PyTorch,2607.9,64,181.8,100,63.81
8.0,Training,PyTorch,2694.2,256,13287.4,50,360.0
24.0,Training,TensorFlow,3526.1,16,11514.5,20,360.0
80.0,Training,PyTorch,528.1,8,1538.7,30,56.23
48.0,FineTuning,PyTorch,2112.5,64,3624.8,50,113.91
16.0,Training,PyTorch,2915.6,256,5299.6,50,210.39
48.0,FineTuning,PyTorch,2562.7,128,13663.5,30,117.41
12.0,Training,TensorFlow,1820.8,128,14700.9,20,360.0
48.0,Training,PyTorch,117.6,32,1398.8,10,1.97
10.0,Inference,PyTorch,288.8,128,6014.3,50,12.92
48.0,Training,TensorFlow,519.8,256,2324.3,10,2.32
6.0,Training,PyTorch,1405.7,8,4248.7,10,360.0
12.0,Training,PyTorch,514.7,128,14717.9,10,76.8
80.0,Training,PyTorch,1733.0,32,14767.9,100,360.0
10.0,FineTuning,TensorFlow,755.6,64,7134.9,10,57.33
16.0,Training,JAX,3127.7,128,2828.8,30,162.97
4.0,FineTuning,PyTorch,3492.4,32,8250.6,5,360.0
80.0,Inference,TensorFlow,1589.1,128,4878.2,20,4.12
4.0,FineTuning,PyTorch,2069.8,128,13939.6,5,200.94
12.0,Training,PyTorch,3816.3,256,12291.4,100,360.0
10.0,FineTuning,PyTorch,2165.3,8,4701.7,5,360.0
8.0,Training,PyTorch,3980.5,32,372.8,50,360.0
16.0,FineTuning,PyTorch,611.4,32,14970.9,5,62.2
6.0,FineTuning,TensorFlow,3455.8,16,10281.8,5,360.0
8.0,Training,PyTorch,2014.0,16,6443.3,30,360.0
12.0,Inference,JAX,139.7,32,4398.0,10,4.82
80.0,Inference,PyTorch,3890.3,256,165.9,5,1.36
6.0,Inference,PyTorch,3861.9,8,2394.0,5,176.34
48.0,Training,PyTorch,1563.9,128,187.5,100,6.06
6.0,FineTuning,PyTorch,3818.9,64,9004.0,50,360.0
12.0,Inference,TensorFlow,607.0,256,9983.8,20,9.66
24.0,Training,PyTorch,2736.4,128,11525.3,50,360.0
48.0,Inference,JAX,808.1,64,2886.3,20,3.84
4.0,Training,JAX,1024.3,8,1530.0,20,360.0
16.0,Training,PyTorch,3128.4,16,9791.8,20,360.0
4.0,FineTuning,PyTorch,1540.6,32,7548.4,30,360.0
6.0,FineTuning,PyTorch,78.2,8,13147.7,30,360.0
4.0,FineTuning,PyTorch,1686.2,64,8045.7,10,360.0
12.0,Inference,PyTorch,950.9,256,6727.8,20,8.59
80.0,Training,PyTorch,2749.2,32,7371.6,30,322.02
16.0,Training,PyTorch,818.1,64,11756.6,30,360.0
4.0,Inference,TensorFlow,3376.9,128,372.7,100,41.38
4.0,Training,PyTorch,1105.0,128,13781.4,100,360.0
6.0,FineTuning,PyTorch,1602.5,256,10741.4,100,360.0
80.0,FineTuning,PyTorch,1227.2,128,13290.8,5,7.77
8.0,Training,JAX,2593.5,32,14398.0,20,360.0
4.0,Training,PyTorch,449.6,16,3467.5,50,360.0
12.0,FineTuning,PyTorch,1938.5,16,8717.3,100,360.0
24.0,Inference,TensorFlow,1371.1,64,7342.1,5,7.17
16.0,FineTuning,TensorFlow,3542.3,16,8110.5,30,360.0
4.0,FineTuning,TensorFlow,340.0,16,804.6,30,103.29
12.0,FineTuning,PyTorch,3327.3,64,13718.4,30,360.0
12.0,Training,TensorFlow,712.3,64,14324.8,30,360.0
16.0,Training,PyTorch,399.9,64,10308.4,50,229.61
8.0,Training,JAX,849.2,32,3948.3,10,155.67
12.0,Training,PyTorch,455.5,64,11829.4,10,93.91
24.0,Training,JAX,2107.9,32,10989.6,20,360.0
12.0,Training,JAX,3953.4,32,8661.4,100,360.0
12.0,Training,PyTorch,185.6,32,2636.6,30,47.73
12.0,Training,JAX,1871.5,64,3097.6,20,171.98
8.0,FineTuning,PyTorch,1575.0,16,8882.1,50,360.0
4.0,FineTuning,PyTorch,1391.4,256,2019.5,20,36.76
12.0,Training,PyTorch,1360.9,256,10886.6,10,75.6
80.0,Inference,JAX,3585.3,16,3267.7,10,18.72
4.0,Training,PyTorch,125.0,64,13666.1,100,360.0
8.0,Inference,PyTorch,3110.9,16,13505.9,10,360.0
10.0,Training,PyTorch,1049.1,64,4474.7,20,222.91
4.0,Inference,JAX,1564.0,32,1342.5,30,78.8
4.0,Training,TensorFlow,1709.6,128,9210.1,5,217.15
48.0,FineTuning,PyTorch,1253.7,8,6781.4,10,143.11
6.0,Training,PyTorch,419.6,256,2241.3,20,16.43
48.0,FineTuning,PyTorch,501.6,64,8019.1,5,5.2
24.0,Training,PyTorch,1227.6,32,14891.6,10,292.12
6.0,Training,PyTorch,3296.1,128,1127.8,10,52.52
16.0,FineTuning,PyTorch,581.8,32,4032.0,50,214.97
16.0,Training,TensorFlow,2983.4,8,8125.4,10,360.0
8.0,Inference,PyTorch,1191.0,256,11921.1,5,6.56
6.0,Training,PyTorch,3539.7,16,379.5,5,102.95
4.0,FineTuning,PyTorch,1741.9,16,11018.1,30,360.0
16.0,FineTuning,PyTorch,728.3,32,2184.3,5,13.58
12.0,Training,PyTorch,3944.1,8,12477.1,20,360.0
80.0,Training,PyTorch,747.7,32,10413.4,20,76.16
4.0,FineTuning,TensorFlow,2292.1,16,6902.0,100,360.0
24.0,FineTuning,PyTorch,2298.7,32,12341.6,100,360.0
12.0,Inference,PyTorch,1522.6,128,11022.4,100,257.26
12.0,Training,TensorFlow,3808.4,8,11411.8,10,360.0
6.0,FineTuning,TensorFlow,3383.3,16,4422.1,30,360.0
8.0,Training,TensorFlow,3327.8,256,9329.3,10,181.13
24.0,Training,JAX,3897.9,256,2202.5,30,46.03
16.0,FineTuning,TensorFlow,1855.6,32,12330.8,50,360.0
6.0,Training,PyTorch,433.9,8,7948.5,30,360.0
16.0,Training,TensorFlow,3073.6,32,12390.8,50,360.0
6.0,Training,PyTorch,1554.2,16,3246.2,100,360.0
6.0,FineTuning,PyTorch,801.9,8,2042.1,50,360.0
6.0,Inference,PyTorch,1958.8,16,10365.6,10,360.0
8.0,FineTuning,PyTorch,3706.6,128,970.1,20,58.79
6.0,FineTuning,PyTorch,726.9,128,3735.4,30,81.99
10.0,FineTuning,PyTorch,3402.4,256,13639.8,10,131.52
80.0,FineTuning,PyTorch,1701.9,64,2078.1,50,31.2
16.0,Training,TensorFlow,590.4,8,5695.8,50,360.0
4.0,Training,JAX,3401.1,128,14189.2,5,360.0
48.0,Training,PyTorch,3880.0,64,398.0,5,4.24
24.0,FineTuning,TensorFlow,1200.5,256,6735.2,30,35.5
8.0,Inference,PyTorch,1249.0,8,11818.2,20,360.0
4.0,Training,JAX,1592.7,16,13643.8,5,360.0
12.0,Training,PyTorch,3265.8,32,11060.1,100,360.0
10.0,Inference,PyTorch,91.1,32,13337.0,100,80.67
48.0,Inference,PyTorch,934.6,16,612.1,50,7.13
4.0,FineTuning,PyTorch,2838.3,128,1588.2,10,74.09
4.0,Training,PyTorch,1652.3,32,11092.1,20,360.0
10.0,Training,PyTorch,1354.7,16,11324.6,30,360.0
48.0,Training,PyTorch,3495.5,64,9118.5,10,148.01
12.0,Training,PyTorch,3673.5,64,10981.1,30,360.0
6.0,Training,PyTorch,3794.5,16,12885.0,10,360.0
16.0,FineTuning,JAX,1126.6,8,8227.7,10,360.0
12.0,Training,PyTorch,3654.4,128,14215.1,20,360.0
6.0,Training,PyTorch,2961.0,128,10444.1,30,360.0
8.0,Training,PyTorch,659.1,16,7132.5,5,219.45
80.0,FineTuning,TensorFlow,2460.6,32,6380.6,10,51.53
24.0,FineTuning,PyTorch,154.0,256,11277.5,100,23.25
24.0,FineTuning,TensorFlow,2848.1,128,9494.0,10,79.03
16.0,Training,PyTorch,2947.6,128,12279.9,100,360.0
48.0,Training,PyTorch,3167.9,64,11736.7,5,76.36
10.0,Training,PyTorch,731.5,64,7910.6,20,209.39
48.0,Training,PyTorch,2531.6,64,14191.0,20,325.89
10.0,Inference,PyTorch,756.5,256,10593.4,20,13.5
48.0,Inference,PyTorch,3789.3,128,3092.5,50,20.21
80.0,FineTuning,PyTorch,2716.3,128,9315.5,50,115.22
8.0,Inference,TensorFlow,426.5,256,3107.0,20,3.43
8.0,FineTuning,PyTorch,788.8,128,8426.9,20,87.98
6.0,Training,PyTorch,2670.7,32,11870.0,5,360.0
8.0,Inference,PyTorch,1932.8,32,12206.3,50,360.0
8.0,Training,PyTorch,2958.4,32,9797.3,100,360.0
12.0,FineTuning,PyTorch,1159.1,8,11771.3,30,360.0
12.0,Training,TensorFlow,2648.8,128,7136.3,20,267.68
6.0,Training,TensorFlow,749.0,256,8304.8,20,127.06
16.0,FineTuning,PyTorch,2197.7,128,13206.1,20,181.34
12.0,Training,JAX,3833.3,256,7446.9,10,117.59
16.0,Training,PyTorch,2531.5,16,5328.8,50,360.0
4.0,Training,PyTorch,247.5,16,11975.2,30,360.0
12.0,Training,PyTorch,3955.6,8,852.1,10,360.0
80.0,Inference,PyTorch,669.6,16,14379.5,10,15.07
6.0,FineTuning,PyTorch,2886.4,32,5167.0,30,360.0
4.0,FineTuning,PyTorch,2153.5,8,9481.3,30,360.0
80.0,Training,PyTorch,1212.7,8,10313.3,30,360.0
80.0,Inference,TensorFlow,750.4,8,2142.5,30,14.18
80.0,Training,PyTorch,751.9,64,12360.6,100,208.81
16.0,Training,TensorFlow,3440.7,16,8624.5,30,360.0
48.0,Training,PyTorch,3498.0,128,4986.1,100,303.35
4.0,Inference,PyTorch,1887.3,64,12775.2,20,360.0
10.0,Training,TensorFlow,459.3,256,9413.7,100,237.1
4.0,Training,PyTorch,3542.5,32,11808.1,100,360.0
48.0,FineTuning,PyTorch,1973.7,64,14885.4,30,264.98
4.0,Training,PyTorch,1783.1,32,2041.1,30,360.0
8.0,FineTuning,PyTorch,1659.1,128,11269.0,50,360.0
10.0,FineTuning,PyTorch,1491.8,128,11389.3,20,215.91
48.0,Training,PyTorch,2127.7,16,13132.9,10,360.0
16.0,Training,TensorFlow,2437.9,256,6180.2,20,109.82
24.0,Training,PyTorch,1892.4,64,13057.8,5,93.96
48.0,Inference,PyTorch,3591.8,128,9634.3,30,28.37
6.0,Inference,PyTorch,1304.8,32,1124.7,10,17.47
48.0,Training,PyTorch,2334.3,128,569.6,5,2.95
8.0,Training,PyTorch,1234.8,16,7274.1,100,360.0
24.0,Training,PyTorch,3025.7,32,11808.9,10,360.0
8.0,FineTuning,PyTorch,453.4,8,5825.0,20,360.0
24.0,FineTuning,TensorFlow,795.4,256,12792.3,100,128.91
6.0,Training,PyTorch,3214.7,16,7432.6,5,360.0
16.0,FineTuning,JAX,773.6,16,491.7,100,111.43
8.0,FineTuning,PyTorch,2521.7,8,14607.6,100,360.0
8.0,Inference,PyTorch,3882.5,256,7395.2,100,224.57
80.0,Training,PyTorch,2115.4,128,9787.0,30,66.65
24.0,Training,TensorFlow,790.2,16,3069.4,30,231.67
12.0,Training,PyTorch,1316.7,8,4530.2,5,360.0
24.0,Inference,TensorFlow,3302.7,256,7315.8,20,16.91
80.0,FineTuning,TensorFlow,1439.1,8,12857.2,5,113.45
4.0,FineTuning,TensorFlow,2907.9,256,1619.1,20,63.82
24.0,Training,PyTorch,3120.5,16,11727.1,10,360.0
16.0,Training,TensorFlow,2029.7,64,8732.3,20,360.0
80.0,Training,TensorFlow,3143.7,16,7545.0,5,99.08
4.0,FineTuning,PyTorch,1301.8,256,13161.2,5,68.02
10.0,Training,TensorFlow,2088.8,64,1860.0,10,75.35
80.0,Training,JAX,2761.9,128,14862.2,100,360.0
10.0,FineTuning,PyTorch,713.9,8,12834.0,5,360.0
8.0,Training,PyTorch,1130.8,32,4953.5,50,360.0
80.0,FineTuning,PyTorch,2625.5,16,6828.5,100,360.0
6.0,Training,PyTorch,2638.7,32,472.5,5,36.38
10.0,Inference,PyTorch,1998.5,128,7961.3,50,136.56
16.0,FineTuning,PyTorch,3192.6,16,8261.0,5,360.0
6.0,Inference,PyTorch,1954.1,32,13906.0,5,128.45
48.0,FineTuning,PyTorch,3531.2,128,5880.1,10,24.86
48.0,Inference,TensorFlow,2956.8,64,8602.2,100,163.89
4.0,Inference,PyTorch,1293.0,128,11135.2,50,230.54
8.0,FineTuning,JAX,1611.3,16,9166.9,10,360.0
80.0,Inference,PyTorch,2687.4,256,2427.0,50,3.92
12.0,Training,TensorFlow,3583.1,256,2660.0,50,235.58
16.0,Training,TensorFlow,755.9,256,2161.3,30,15.97
10.0,Training,PyTorch,2082.9,16,3344.2,50,360.0
6.0,FineTuning,PyTorch,519.2,16,4992.1,10,194.75
48.0,FineTuning,PyTorch,1153.8,128,11121.0,10,14.31
16.0,FineTuning,TensorFlow,2759.6,16,1007.8,20,164.69
12.0,Training,TensorFlow,357.1,128,12324.6,100,360.0
80.0,Training,PyTorch,2666.3,256,4010.7,100,81.89
4.0,Training,PyTorch,3608.2,8,9240.0,100,360.0
12.0,FineTuning,PyTorch,3879.0,8,8336.2,5,360.0
16.0,Training,PyTorch,905.7,8,2394.9,30,360.0
12.0,Inference,JAX,3008.1,32,4380.7,5,36.2
16.0,Training,PyTorch,3709.2,8,4509.2,10,360.0
16.0,Training,JAX,410.9,8,9395.1,30,360.0
24.0,Inference,TensorFlow,1685.4,128,11848.7,50,64.16
10.0,FineTuning,JAX,3681.7,128,14944.7,100,360.0
48.0,Training,PyTorch,851.0,256,1528.9,10,2.16
24.0,FineTuning,PyTorch,3738.4,16,14086.1,10,360.0
80.0,Training,PyTorch,2132.4,16,8466.7,10,215.95
24.0,Inference,TensorFlow,444.6,16,5415.8,10,14.07
8.0,FineTuning,PyTorch,1827.0,256,4340.2,30,109.02
8.0,Training,PyTorch,1338.7,128,3214.7,5,26.32
48.0,FineTuning,TensorFlow,1164.7,128,8400.4,5,7.36
12.0,Training,PyTorch,2188.8,8,14195.7,100,360.0
10.0,FineTuning,PyTorch,1960.2,64,2814.1,50,360.0
48.0,Inference,PyTorch,1953.8,128,6598.9,10,4.84
16.0,Inference,PyTorch,398.2,256,3137.3,100,7.35
6.0,Training,PyTorch,3219.2,64,2716.9,10,355.01
10.0,Training,PyTorch,1951.7,128,13014.5,100,360.0
10.0,Training,TensorFlow,3292.6,256,4003.2,5,40.87
16.0,FineTuning,TensorFlow,3307.1,128,3794.8,100,360.0
16.0,FineTuning,PyTorch,1302.7,32,13655.9,50,360.0
4.0,FineTuning,TensorFlow,67.2,64,5852.0,100,114.81
48.0,Inference,PyTorch,3649.4,32,229.9,20,3.59
16.0,Training,PyTorch,3054.7,8,10845.7,30,360.0
8.0,Training,TensorFlow,473.6,32,7803.5,100,360.0
80.0,Training,PyTorch,2821.8,32,11634.6,100,360.0
6.0,Training,PyTorch,129.1,256,8597.4,5,6.85
48.0,Training,PyTorch,159.6,8,5333.9,30,101.42
8.0,FineTuning,PyTorch,2127.0,64,1091.8,5,18.12
12.0,Training,PyTorch,429.3,16,13002.5,50,360.0
16.0,Training,TensorFlow,3859.1,128,3185.6,10,66.41
16.0,FineTuning,PyTorch,3580.6,256,14573.1,20,227.89
10.0,Training,TensorFlow,2616.8,64,3762.9,30,360.0
8.0,FineTuning,PyTorch,301.7,8,12422.8,20,360.0
10.0,Training,PyTorch,1333.1,32,11852.3,10,360.0
4.0,FineTuning,PyTorch,1518.3,16,6994.9,5,360.0
10.0,Inference,PyTorch,1949.5,32,6085.4,50,360.0
4.0,Training,TensorFlow,717.2,128,10578.6,10,216.16
4.0,FineTuning,PyTorch,2331.2,8,7975.4,20,360.0
16.0,Inference,PyTorch,1771.3,16,9516.2,20,221.16
12.0,FineTuning,PyTorch,3791.8,64,7106.2,20,360.0
10.0,Training,PyTorch,3748.0,64,8401.6,5,309.94
8.0,Training,PyTorch,2283.6,8,2918.3,100,360.0
4.0,FineTuning,PyTorch,2595.2,8,925.4,20,360.0
16.0,Inference,PyTorch,594.3,256,5403.3,5,2.19
6.0,Training,PyTorch,932.1,32,7041.3,20,360.0
48.0,Training,JAX,3607.8,16,13599.8,30,360.0
12.0,Training,PyTorch,2811.7,128,6267.7,100,360.0
24.0,Training,JAX,798.2,8,6565.4,30,360.0
6.0,Training,PyTorch,2302.3,16,10155.0,100,360.0
48.0,Training,PyTorch,3742.3,256,3181.1,10,11.61
6.0,Training,PyTorch,1413.4,8,13087.4,10,360.0
10.0,Training,PyTorch,784.0,8,6471.9,100,360.0
4.0,Inference,PyTorch,3771.0,64,13968.7,50,360.0
12.0,Training,PyTorch,1872.0,16,4141.9,20,360.0
80.0,Training,PyTorch,1698.1,64,7037.3,20,61.75
4.0,Training,TensorFlow,1106.9,256,11694.6,5,80.4
80.0,Inference,JAX,3571.8,64,8383.3,100,95.91
48.0,FineTuning,TensorFlow,3390.2,256,9952.6,10,22.26
16.0,FineTuning,PyTorch,1641.8,16,4282.4,100,360.0
24.0,Training,PyTorch,170.9,256,4994.0,30,7.39
8.0,Inference,PyTorch,1814.3,256,7663.4,5,8.89
4.0,Training,PyTorch,764.4,64,3116.9,30,360.0
12.0,Training,PyTorch,613.8,32,1982.0,5,19.39
6.0,FineTuning,PyTorch,1602.7,128,12672.7,10,235.24
12.0,Inference,PyTorch,441.4,128,11645.3,20,16.15
48.0,FineTuning,TensorFlow,3832.0,32,13987.6,100,360.0
80.0,Inference,TensorFlow,237.8,8,8839.6,20,12.33
6.0,Inference,PyTorch,1635.4,64,6362.0,10,47.47
8.0,Training,PyTorch,692.7,128,1635.0,100,159.52
8.0,Training,TensorFlow,2770.8,16,12772.0,30,360.0
4.0,Training,PyTorch,361.3,256,6898.3,50,130.1
48.0,Inference,PyTorch,2209.9,256,8460.9,50,16.91
16.0,Training,PyTorch,3103.8,8,4771.5,10,360.0
48.0,Inference,PyTorch,3802.7,128,7905.7,5,4.36
80.0,Training,PyTorch,2809.2,64,11748.1,20,146.14
12.0,Training,TensorFlow,443.0,128,10712.7,30,134.07
8.0,Training,PyTorch,399.7,64,14834.9,50,360.0
12.0,Training,PyTorch,2939.8,8,7485.2,20,360.0
12.0,Inference,PyTorch,900.6,256,7992.5,10,4.71
12.0,Training,TensorFlow,1816.6,32,885.6,20,113.04
8.0,Training,PyTorch,3907.7,256,5901.8,100,360.0
10.0,Training,PyTorch,3288.6,64,13839.4,50,360.0
80.0,Training,PyTorch,3394.0,64,5322.1,30,133.15
80.0,Training,PyTorch,3450.0,8,11515.1,5,360.0
6.0,Training,PyTorch,2497.2,8,14666.2,5,360.0
48.0,Inference,PyTorch,2988.5,16,1990.0,100,147.64
48.0,Training,TensorFlow,1467.9,256,5076.5,100,81.11
24.0,Training,JAX,3993.9,256,7168.2,20,111.35
48.0,FineTuning,PyTorch,1154.5,8,3636.9,5,36.6
8.0,Training,PyTorch,2380.5,128,285.3,50,49.65
16.0,Training,PyTorch,1164.1,64,7082.2,30,317.86
4.0,FineTuning,TensorFlow,492.7,32,8095.6,5,138.05
24.0,Training,PyTorch,2292.0,8,9419.0,5,360.0
4.0,FineTuning,TensorFlow,1445.7,64,12425.5,10,360.0
80.0,FineTuning,PyTorch,2353.7,32,3870.3,5,12.23
4.0,FineTuning,JAX,2256.8,16,1009.4,5,147.3
4.0,Inference,TensorFlow,2191.9,128,1438.5,50,50.0
24.0,Training,TensorFlow,537.0,16,7511.4,5,80.78
6.0,Training,PyTorch,1788.7,8,13841.3,10,360.0
12.0,Training,PyTorch,3257.4,128,14734.9,10,360.0
48.0,Training,PyTorch,1294.8,16,3155.3,100,360.0
48.0,Inference,PyTorch,1803.1,64,2364.3,10,3.67
8.0,FineTuning,PyTorch,2000.6,8,5366.7,5,360.0
24.0,FineTuning,PyTorch,3457.8,256,7012.0,100,262.13
8.0,FineTuning,PyTorch,2639.6,16,12140.2,20,360.0
16.0,Training,PyTorch,445.8,128,11641.6,20,79.1
16.0,FineTuning,PyTorch,3467.4,128,13847.7,50,360.0
8.0,FineTuning,PyTorch,3336.7,256,12885.7,20,341.26
24.0,FineTuning,PyTorch,3026.9,32,6638.0,50,360.0
8.0,Training,PyTorch,1890.9,128,383.4,50,45.98
48.0,FineTuning,TensorFlow,3042.3,128,3625.2,100,130.61
10.0,Training,PyTorch,1941.0,8,9189.8,10,360.0
4.0,FineTuning,PyTorch,2959.7,128,7572.3,30,360.0
10.0,FineTuning,PyTorch,3526.4,32,3678.4,50,360.0
24.0,Training,PyTorch,3567.6,128,2060.8,5,16.95
10.0,FineTuning,PyTorch,1845.6,32,3318.6,10,124.85
16.0,Inference,JAX,3444.4,64,3970.2,5,11.52
80.0,Training,PyTorch,450.8,32,13022.6,5,14.44
4.0,Inference,PyTorch,452.2,8,10682.9,20,360.0
12.0,FineTuning,PyTorch,2215.7,16,8329.8,5,310.64
24.0,FineTuning,PyTorch,2624.8,256,412.0,100,13.8
4.0,Inference,TensorFlow,654.3,16,12335.8,50,360.0
10.0,FineTuning,PyTorch,1915.1,64,8331.7,5,81.05
16.0,Inference,JAX,422.7,8,9447.4,5,27.63
6.0,Training,PyTorch,2428.3,64,1078.1,20,156.79
12.0,Training,TensorFlow,3427.6,64,12241.3,5,315.87
4.0,FineTuning,PyTorch,2963.7,128,12497.2,50,360.0
16.0,Inference,PyTorch,1544.3,128,13261.8,50,106.8
16.0,Inference,TensorFlow,3975.5,8,7968.5,5,216.91
10.0,FineTuning,PyTorch,2668.6,16,5971.3,50,360.0
48.0,FineTuning,PyTorch,3270.2,32,1188.4,100,195.67
10.0,Training,PyTorch,2695.3,128,2988.9,100,360.0
48.0,Inference,PyTorch,3958.2,8,3461.0,50,301.0
48.0,Training,PyTorch,3294.4,8,1034.1,20,226.66
12.0,FineTuning,PyTorch,2101.7,16,2400.2,10,177.3
10.0,FineTuning,PyTorch,1499.2,8,13313.4,100,360.0
6.0,FineTuning,PyTorch,2744.5,256,8226.5,10,104.8
8.0,Training,PyTorch,2381.4,8,11490.9,30,360.0
8.0,Inference,PyTorch,2535.9,16,4197.9,10,172.29
10.0,FineTuning,JAX,1404.9,128,2105.5,100,188.6
10.0,Inference,PyTorch,1743.5,16,5661.5,100,360.0
12.0,Training,JAX,2254.5,64,11915.5,5,241.22
10.0,FineTuning,PyTorch,3365.2,128,4530.2,50,360.0
48.0,FineTuning,PyTorch,3063.5,64,3147.6,10,25.83
16.0,FineTuning,PyTorch,518.7,8,433.7,20,23.07
16.0,Inference,PyTorch,1019.9,64,9397.8,30,63.44
48.0,Training,PyTorch,155.3,16,6593.7,5,9.2
24.0,Training,PyTorch,81.4,16,3955.5,10,11.17
48.0,FineTuning,PyTorch,936.3,32,7844.3,50,215.0
6.0,Training,JAX,3207.3,256,10539.3,20,360.0
80.0,Inference,JAX,3623.8,8,3787.3,100,360.0
4.0,Training,PyTorch,1597.5,16,9170.7,10,360.0
48.0,FineTuning,PyTorch,2274.6,128,3976.3,50,50.87
10.0,Training,PyTorch,2838.9,16,14801.2,10,360.0
10.0,FineTuning,PyTorch,3814.1,128,11012.6,5,115.37
12.0,Training,PyTorch,3656.1,8,9079.6,30,360.0
48.0,Training,PyTorch,275.9,256,2667.7,50,4.8
12.0,Training,TensorFlow,1030.3,32,8837.3,30,360.0
48.0,Training,PyTorch,244.1,32,12026.8,30,68.48
4.0,Inference,PyTorch,2485.3,64,11082.9,100,360.0
80.0,Training,TensorFlow,2856.4,16,11692.6,20,360.0
16.0,FineTuning,PyTorch,1267.7,8,4835.2,50,360.0
8.0,Inference,PyTorch,3422.7,64,4991.1,20,127.47
48.0,FineTuning,TensorFlow,1838.6,8,8129.4,100,360.0
80.0,Inference,PyTorch,3993.6,8,4252.0,30,153.08
16.0,Inference,PyTorch,51.6,64,1783.9,5,0.74
24.0,FineTuning,PyTorch,482.5,8,6970.7,5,67.1
4.0,FineTuning,PyTorch,1242.1,64,128.7,10,5.02
12.0,Training,TensorFlow,150.8,256,11435.3,10,7.27
12.0,Training,PyTorch,3140.2,16,11270.3,50,360.0
10.0,Inference,PyTorch,258.4,64,8323.5,5,4.66
16.0,FineTuning,PyTorch,3008.5,16,11239.5,30,360.0
24.0,FineTuning,JAX,257.6,32,9405.5,5,11.91
80.0,FineTuning,PyTorch,1048.3,64,10492.1,50,91.21
4.0,Training,PyTorch,3373.0,256,1063.4,10,44.39
16.0,Inference,JAX,3806.8,32,13230.9,100,360.0
24.0,FineTuning,JAX,1687.4,64,9694.6,10,85.94
8.0,Training,PyTorch,3881.3,8,9198.4,100,360.0
48.0,Inference,PyTorch,2526.2,32,5869.9,20,41.07
12.0,Training,PyTorch,1692.5,128,519.2,100,85.91
80.0,FineTuning,PyTorch,3221.1,128,13531.8,10,29.73
12.0,FineTuning,PyTorch,1216.5,128,14786.4,30,314.74
80.0,Training,PyTorch,1099.9,32,12136.0,50,359.76
10.0,Inference,PyTorch,2643.4,16,13734.1,10,360.0
80.0,FineTuning,PyTorch,1592.4,64,1902.3,10,5.86
12.0,Training,JAX,586.9,8,2017.3,100,360.0
80.0,Training,PyTorch,314.5,8,13206.1,30,204.95
8.0,Inference,PyTorch,3162.0,32,956.8,10,25.47
10.0,Training,JAX,2719.8,128,1488.7,30,146.51
80.0,Inference,PyTorch,1676.6,256,12271.0,10,2.45
16.0,Training,PyTorch,3590.1,8,8398.9,30,360.0
6.0,FineTuning,PyTorch,1672.9,256,5936.7,10,58.76
24.0,Inference,PyTorch,2855.7,256,8346.4,50,34.54
6.0,Training,PyTorch,3641.0,8,13193.3,20,360.0
6.0,FineTuning,PyTorch,3370.8,16,11381.3,20,360.0
4.0,FineTuning,PyTorch,2068.9,8,10404.9,5,360.0
8.0,FineTuning,PyTorch,2738.5,8,14655.6,20,360.0
16.0,FineTuning,PyTorch,1684.0,64,7867.5,30,335.58
48.0,FineTuning,PyTorch,2606.4,8,194.2,30,26.01
80.0,FineTuning,PyTorch,1067.3,64,6492.6,100,95.07
24.0,Inference,PyTorch,1767.2,128,1538.9,20,3.63
10.0,FineTuning,JAX,877.7,16,1835.2,100,360.0
16.0,Training,PyTorch,200.8,256,3898.0,30,8.56
12.0,Inference,PyTorch,2374.7,8,5782.4,50,360.0
48.0,Training,PyTorch,3464.5,16,7275.8,30,360.0
4.0,Training,PyTorch,151.0,256,2630.3,100,48.77
4.0,Training,TensorFlow,824.3,16,4744.6,50,360.0
16.0,Training,TensorFlow,1867.7,256,4220.4,50,134.42
6.0,Training,PyTorch,2680.3,256,5542.2,50,360.0
12.0,Training,TensorFlow,726.4,16,1709.1,10,93.89
4.0,Training,PyTorch,273.9,32,6020.4,5,69.17
24.0,FineTuning,TensorFlow,2100.2,64,8359.8,100,360.0
4.0,Training,PyTorch,3283.9,256,1544.5,30,187.72
10.0,Training,PyTorch,189.2,256,7859.5,10,9.05
80.0,Training,JAX,1430.0,256,11363.1,100,102.05
4.0,Training,PyTorch,2670.9,256,222.8,5,4.06
10.0,Training,JAX,566.4,16,808.2,10,37.78
16.0,FineTuning,PyTorch,982.0,256,7050.5,30,40.54
16.0,Inference,PyTorch,2165.2,128,13104.4,100,238.63
48.0,Inference,PyTorch,3815.3,8,14967.1,50,360.0
4.0,Inference,PyTorch,1185.0,256,1491.6,10,4.08
24.0,Training,PyTorch,1975.7,16,373.3,5,14.32
4.0,Training,PyTorch,1629.7,256,3508.7,5,34.49
24.0,Training,PyTorch,3594.7,16,7065.3,5,360.0
8.0,FineTuning,TensorFlow,334.0,256,8619.8,100,112.36
48.0,Training,PyTorch,2286.3,8,14604.9,10,360.0
8.0,FineTuning,TensorFlow,3392.2,256,13338.1,5,90.8
4.0,Training,PyTorch,3953.1,128,8475.3,20,360.0
48.0,Training,PyTorch,2810.0,256,5489.5,100,177.88
8.0,Inference,PyTorch,1550.7,256,4887.3,5,5.11
6.0,FineTuning,JAX,1676.7,16,8632.1,5,360.0
4.0,Inference,PyTorch,1439.1,16,10848.2,10,360.0
8.0,FineTuning,PyTorch,2434.3,256,7276.8,30,166.26
6.0,Inference,TensorFlow,2970.7,128,4635.5,10,32.04
6.0,FineTuning,PyTorch,3286.9,16,9236.2,10,360.0
16.0,Inference,TensorFlow,1695.5,128,8413.3,20,23.45
4.0,Training,PyTorch,2881.0,16,6467.8,30,360.0
6.0,FineTuning,PyTorch,3669.1,8,11250.5,10,360.0
16.0,FineTuning,PyTorch,3687.3,128,4305.1,20,112.93
8.0,Training,PyTorch,2830.9,8,7325.4,10,360.0
10.0,Inference,TensorFlow,2565.8,8,14111.1,20,360.0
4.0,Inference,TensorFlow,2149.5,16,10870.1,100,360.0
48.0,FineTuning,PyTorch,773.6,128,5880.8,50,34.49
24.0,Training,JAX,538.3,32,8238.0,5,42.12
24.0,FineTuning,PyTorch,1968.6,8,6141.7,5,242.85
8.0,Inference,PyTorch,679.8,8,1777.0,10,35.4
8.0,FineTuning,PyTorch,2329.1,8,5090.6,20,360.0
6.0,Training,PyTorch,2600.5,16,12920.6,50,360.0
4.0,FineTuning,PyTorch,2126.2,16,6971.9,5,360.0
24.0,Training,PyTorch,193.9,8,8811.1,10,136.92
24.0,FineTuning,PyTorch,278.0,256,2803.6,100,9.91
6.0,Training,TensorFlow,497.7,16,5407.8,10,337.95
24.0,FineTuning,TensorFlow,656.9,16,13945.2,20,360.0
48.0,FineTuning,PyTorch,3960.0,16,4782.3,30,360.0
4.0,Training,PyTorch,1410.8,64,3833.4,100,360.0
80.0,Training,PyTorch,1203.3,128,932.9,10,2.03
24.0,Training,TensorFlow,256.5,16,1548.7,50,65.55
8.0,Training,PyTorch,2559.5,64,8813.4,50,360.0
48.0,Training,PyTorch,2626.2,64,9934.5,30,268.75
24.0,Inference,JAX,743.0,16,9659.5,50,165.35
48.0,Inference,PyTorch,3681.0,256,8143.5,20,10.34
16.0,Inference,PyTorch,3211.9,64,7415.5,10,48.83
80.0,Inference,PyTorch,959.8,32,1174.9,20,2.27
12.0,Training,PyTorch,1969.1,64,12626.4,30,360.0
8.0,Training,JAX,1860.6,128,7744.9,30,360.0
8.0,Training,PyTorch,1426.7,64,2065.5,20,143.18
4.0,Inference,PyTorch,3279.7,16,2124.2,100,360.0
48.0,FineTuning,PyTorch,481.6,256,7743.1,5,2.01
6.0,Training,PyTorch,1690.5,8,3744.2,30,360.0
8.0,Training,PyTorch,1740.7,32,13837.3,10,360.0
48.0,FineTuning,PyTorch,1901.5,64,7534.3,100,360.0
48.0,FineTuning,PyTorch,3452.3,256,14678.4,30,117.17
10.0,Inference,PyTorch,911.8,32,11039.0,20,138.88
10.0,Training,PyTorch,456.5,128,12179.4,20,93.74
12.0,Inference,PyTorch,2490.3,64,5894.3,50,157.2
16.0,Training,JAX,736.6,64,2096.9,100,211.95
12.0,FineTuning,PyTorch,346.0,32,10376.5,5,32.98
24.0,Inference,JAX,1735.3,64,6165.4,20,25.59
6.0,Inference,PyTorch,917.6,64,14238.3,50,269.53
24.0,Training,TensorFlow,1476.8,8,2985.1,50,360.0
24.0,Training,PyTorch,1075.9,32,9434.9,10,154.81
4.0,FineTuning,PyTorch,415.9,16,13004.3,50,360.0
24.0,Training,PyTorch,2263.4,16,6102.2,5,235.62
12.0,FineTuning,PyTorch,156.7,128,14309.6,10,10.49
8.0,Inference,TensorFlow,3867.2,8,1241.6,20,278.46
8.0,Training,PyTorch,1398.3,32,8845.2,100,360.0
10.0,FineTuning,PyTorch,2795.9,32,11683.1,20,360.0
6.0,Training,JAX,3250.9,8,3106.9,50,360.0
6.0,Inference,PyTorch,1152.5,8,962.1,30,123.89
4.0,Inference,PyTorch,3007.5,128,1290.5,5,8.57
12.0,FineTuning,PyTorch,3338.1,16,4856.5,5,269.42
10.0,Training,PyTorch,1003.2,256,3425.3,50,104.72
6.0,FineTuning,TensorFlow,3970.4,32,3436.0,5,290.06
8.0,FineTuning,PyTorch,131.7,256,6932.0,10,3.8
24.0,Training,PyTorch,907.2,8,1365.5,50,360.0
24.0,Inference,PyTorch,3131.1,32,14933.0,30,360.0
10.0,Inference,PyTorch,816.8,16,10467.5,20,198.8
12.0,FineTuning,PyTorch,2808.1,32,551.4,5,13.82
12.0,FineTuning,PyTorch,3429.3,256,10409.4,100,360.0
16.0,Training,PyTorch,3838.9,32,11898.2,20,360.0
80.0,FineTuning,TensorFlow,1923.3,8,2942.4,30,178.71
6.0,Training,PyTorch,3885.9,8,12620.1,30,360.0
12.0,Training,PyTorch,1675.9,8,9215.3,10,360.0
8.0,Training,PyTorch,911.6,16,12330.8,30,360.0
10.0,Training,JAX,2080.0,64,10778.7,30,360.0
16.0,Training,PyTorch,2616.8,16,10599.0,5,360.0
48.0,FineTuning,JAX,1859.0,8,2457.8,20,151.09
4.0,FineTuning,JAX,2289.5,128,4805.4,100,360.0
48.0,FineTuning,TensorFlow,1694.8,32,7896.4,5,34.51
24.0,Training,PyTorch,2122.8,32,1776.9,5,32.49
4.0,Training,PyTorch,3812.8,256,7229.5,50,360.0
6.0,Inference,PyTorch,2024.3,32,6735.3,100,360.0
8.0,FineTuning,TensorFlow,1050.1,256,3555.7,50,84.52
4.0,Inference,TensorFlow,3047.0,32,3075.8,10,128.14
80.0,Training,JAX,1383.5,128,3785.9,100,66.58
48.0,FineTuning,PyTorch,3274.0,256,9116.1,10,22.07
6.0,Training,PyTorch,274.5,8,6282.8,30,360.0
80.0,FineTuning,PyTorch,1362.1,64,6268.0,10,12.37
24.0,Inference,PyTorch,422.7,32,2807.8,10,3.99
80.0,Inference,PyTorch,387.0,256,11831.8,30,1.9
16.0,Inference,PyTorch,2650.6,64,10535.7,20,98.39
16.0,Training,JAX,1572.1,256,6493.2,30,103.45
10.0,FineTuning,PyTorch,3492.3,16,2218.8,30,360.0
6.0,FineTuning,TensorFlow,2089.8,16,10749.0,20,360.0
24.0,FineTuning,TensorFlow,1216.6,32,13492.8,30,360.0
12.0,Training,PyTorch,2897.5,8,2756.1,50,360.0
16.0,Inference,PyTorch,2514.9,128,9079.6,10,27.47
6.0,Inference,PyTorch,3208.4,256,6422.2,30,88.55
12.0,Training,PyTorch,2592.2,32,1406.0,5,72.73
10.0,Training,PyTorch,709.7,16,10914.8,10,360.0
80.0,Training,PyTorch,2697.7,16,1160.1,50,168.44
16.0,FineTuning,JAX,1596.6,256,10563.2,50,180.3
6.0,Training,PyTorch,1879.4,256,4289.2,30,220.6
4.0,Inference,PyTorch,3690.2,256,8528.3,20,99.52
12.0,FineTuning,TensorFlow,1471.9,64,2490.8,5,18.59
80.0,FineTuning,PyTorch,2467.2,128,5626.4,30,33.16
16.0,FineTuning,PyTorch,1485.8,256,1650.9,20,8.55
24.0,Training,TensorFlow,424.2,256,7062.8,50,32.39
12.0,Inference,PyTorch,1841.4,32,3278.0,10,32.18
16.0,FineTuning,PyTorch,2408.4,8,2900.2,50,360.0
12.0,Inference,JAX,1659.6,64,1696.6,30,22.2
80.0,FineTuning,PyTorch,1593.1,128,11505.0,20,29.75
16.0,FineTuning,PyTorch,3290.5,64,9628.8,30,360.0
48.0,Training,PyTorch,167.3,256,2437.9,50,3.03
6.0,FineTuning,PyTorch,1217.6,8,7139.2,5,360.0
80.0,FineTuning,JAX,3256.4,256,9947.2,50,72.82
12.0,FineTuning,TensorFlow,3686.1,16,13183.2,30,360.0
24.0,FineTuning,PyTorch,1678.6,256,987.6,20,5.48
4.0,Training,JAX,3560.7,32,5499.1,30,360.0
12.0,Inference,TensorFlow,835.8,32,9277.7,10,41.04
6.0,Inference,PyTorch,924.6,8,332.7,10,11.76
16.0,Training,PyTorch,3392.5,256,3728.5,20,86.61
4.0,Inference,PyTorch,3617.9,32,11199.0,50,360.0
8.0,Training,PyTorch,930.1,32,5400.5,30,360.0
12.0,FineTuning,PyTorch,284.3,256,1359.0,100,11.6
10.0,Training,PyTorch,406.8,64,9436.3,100,360.0
8.0,Inference,PyTorch,1082.5,8,3825.8,10,140.73
12.0,Training,TensorFlow,3057.7,64,10554.6,5,238.58
48.0,FineTuning,TensorFlow,2064.5,32,13512.6,10,170.35
10.0,Training,PyTorch,1849.6,256,7965.1,50,352.26
4.0,Training,TensorFlow,2357.4,128,9027.2,20,360.0
24.0,FineTuning,PyTorch,3566.4,256,7764.6,5,18.2
48.0,Training,PyTorch,407.2,128,12279.9,30,30.78
8.0,FineTuning,PyTorch,2794.2,64,3701.5,30,360.0
16.0,Inference,TensorFlow,3710.8,16,6083.0,100,360.0
6.0,Inference,JAX,892.7,256,13436.0,20,27.43
24.0,Inference,TensorFlow,3359.2,16,10882.3,5,78.73
48.0,Training,JAX,2807.2,8,4869.3,5,254.44
16.0,Training,PyTorch,107.2,128,12506.2,5,5.28
16.0,FineTuning,TensorFlow,964.9,128,3658.5,20,23.28
12.0,Training,PyTorch,2443.1,64,9549.3,20,360.0
48.0,Inference,PyTorch,2034.5,256,14351.2,30,14.28
4.0,Training,PyTorch,2135.3,32,8663.2,10,360.0
10.0,Inference,PyTorch,966.1,8,12012.1,50,360.0
10.0,Training,PyTorch,2716.3,64,11057.9,30,360.0
8.0,Inference,PyTorch,1102.4,16,12999.2,100,360.0
8.0,Training,PyTorch,1588.3,256,14534.6,100,360.0
10.0,Training,PyTorch,1507.2,32,432.5,100,260.8
4.0,FineTuning,PyTorch,2704.5,8,515.3,5,147.58
6.0,Training,PyTorch,406.5,256,8956.9,10,29.95
80.0,FineTuning,PyTorch,861.9,32,14318.3,50,216.52
6.0,FineTuning,JAX,842.0,16,7336.7,5,238.45
12.0,Training,TensorFlow,478.3,64,12612.7,20,182.9
80.0,Inference,PyTorch,870.0,64,11541.8,10,4.59
80.0,FineTuning,JAX,2447.9,128,7524.0,20,27.26
48.0,FineTuning,PyTorch,2942.1,256,7746.3,50,81.91
4.0,FineTuning,PyTorch,2658.2,64,6596.9,100,360.0
4.0,FineTuning,PyTorch,1927.0,128,3857.8,50,360.0
80.0,Training,PyTorch,257.1,64,12894.8,5,5.99
48.0,Training,PyTorch,3838.1,8,3222.6,20,360.0
80.0,FineTuning,PyTorch,713.9,256,13613.1,30,12.08
24.0,Training,PyTorch,2690.3,16,5459.9,100,360.0
8.0,Training,PyTorch,3655.9,256,494.8,30,38.72
8.0,FineTuning,TensorFlow,2806.2,256,2608.8,20,52.59
6.0,FineTuning,PyTorch,911.3,32,13328.6,50,360.0
12.0,Training,TensorFlow,1297.4,16,2013.8,100,360.0
8.0,Training,PyTorch,169.3,16,11107.7,10,158.33
16.0,Training,JAX,2470.4,128,2823.9,100,358.56
6.0,Training,PyTorch,2471.3,128,7534.1,20,360.0
8.0,Training,JAX,2915.7,8,3157.6,5,360.0
12.0,Training,TensorFlow,93.4,32,5064.2,30,48.81
4.0,Inference,PyTorch,3280.5,64,1959.9,100,360.0
4.0,FineTuning,PyTorch,2967.9,64,8384.4,5,360.0
80.0,Training,PyTorch,606.5,16,5550.8,10,27.93
24.0,Training,JAX,1423.1,256,5545.7,30,47.1
4.0,FineTuning,PyTorch,2572.2,8,674.8,30,360.0
48.0,Training,PyTorch,2008.4,256,2128.3,30,16.84
8.0,FineTuning,PyTorch,504.6,32,10642.2,100,360.0
48.0,Inference,PyTorch,395.0,64,4455.6,5,1.21
12.0,FineTuning,PyTorch,3136.8,16,6686.8,50,360.0
4.0,Training,JAX,666.1,8,11469.7,5,360.0
24.0,FineTuning,PyTorch,729.8,32,6726.9,50,298.76
12.0,Inference,JAX,3332.1,256,3461.6,100,67.0
16.0,FineTuning,PyTorch,2468.0,16,8292.4,20,360.0
16.0,FineTuning,PyTorch,2438.6,16,12038.0,30,360.0
48.0,Training,PyTorch,1943.4,256,9034.7,5,9.38
80.0,Training,TensorFlow,2297.5,8,6360.7,10,305.82
6.0,FineTuning,PyTorch,2427.0,8,1971.8,10,360.0
80.0,Inference,PyTorch,3872.9,8,3805.8,50,262.31
80.0,FineTuning,PyTorch,930.7,8,14197.2,50,360.0
24.0,FineTuning,PyTorch,897.5,32,11599.9,30,303.28
4.0,Training,TensorFlow,276.0,8,1404.8,50,360.0
24.0,Training,PyTorch,2649.9,8,182.2,10,32.36
12.0,FineTuning,PyTorch,2218.7,8,2713.7,5,243.85
16.0,Training,PyTorch,489.4,32,14164.0,5,89.5
24.0,FineTuning,PyTorch,1489.9,64,8742.6,50,360.0
12.0,Training,PyTorch,755.7,16,12596.0,50,360.0
24.0,FineTuning,PyTorch,1359.4,128,7031.9,100,197.14
80.0,Inference,PyTorch,3807.5,256,12416.9,10,5.19
8.0,FineTuning,PyTorch,2749.1,16,605.4,20,210.3
48.0,Training,PyTorch,79.9,32,6459.6,5,2.78
6.0,FineTuning,PyTorch,1047.4,256,5726.2,50,129.78
24.0,Inference,PyTorch,90.9,8,14725.0,100,134.64
6.0,FineTuning,PyTorch,2873.7,32,4577.1,100,360.0
10.0,Training,PyTorch,1904.2,64,6312.1,100,360.0
24.0,Training,PyTorch,3976.4,128,11406.1,100,360.0
8.0,Training,TensorFlow,2947.7,64,13222.6,30,360.0
6.0,Training,PyTorch,2095.8,8,13188.0,50,360.0
24.0,Inference,PyTorch,3228.6,32,5978.2,50,285.48
4.0,Inference,PyTorch,2834.0,32,14233.5,100,360.0
48.0,Training,PyTorch,1012.9,8,9837.3,5,146.96
8.0,Training,TensorFlow,2144.5,8,12781.9,50,360.0
6.0,Training,PyTorch,2246.2,128,13901.5,30,360.0
8.0,Inference,PyTorch,1832.4,64,3580.6,30,69.02
12.0,FineTuning,PyTorch,757.8,8,7538.1,100,360.0
48.0,FineTuning,TensorFlow,932.3,8,8858.2,30,360.0
24.0,Training,JAX,1160.1,64,12056.3,10,103.29
24.0,FineTuning,PyTorch,90.5,8,6077.4,30,72.22
24.0,Training,TensorFlow,3671.9,256,3235.7,100,224.2
48.0,Training,PyTorch,2760.1,128,11174.2,100,360.0
4.0,FineTuning,PyTorch,2774.0,128,8925.8,100,360.0
10.0,FineTuning,PyTorch,2310.7,64,13484.7,5,208.5
16.0,Training,PyTorch,2772.8,16,9859.9,20,360.0
80.0,Training,PyTorch,3928.4,128,350.7,50,9.58
6.0,Training,TensorFlow,1571.4,32,14503.1,50,360.0
4.0,Training,PyTorch,2864.5,32,8937.3,50,360.0
6.0,FineTuning,PyTorch,1470.1,16,8978.6,30,360.0
24.0,Inference,PyTorch,3424.4,128,13648.0,30,95.51
8.0,Training,PyTorch,3439.2,8,9990.8,30,360.0
6.0,Training,PyTorch,3614.0,256,7241.9,20,360.0
24.0,Training,PyTorch,71.6,16,1698.6,20,9.07
6.0,FineTuning,PyTorch,1227.9,8,14436.8,20,360.0
8.0,Training,PyTorch,579.0,256,1269.5,20,9.29
24.0,FineTuning,PyTorch,1843.2,32,2637.5,20,87.48
10.0,Training,PyTorch,2007.0,256,12311.1,50,360.0
4.0,FineTuning,PyTorch,1060.8,16,7407.0,50,360.0
12.0,Inference,PyTorch,2907.6,128,2756.2,20,23.78
80.0,Inference,PyTorch,1115.6,32,4363.8,50,17.87
48.0,Inference,PyTorch,3422.9,128,14910.8,20,36.93
80.0,FineTuning,PyTorch,751.8,8,8801.9,20,160.06
80.0,Inference,TensorFlow,1500.6,128,6084.0,20,4.5
24.0,Training,TensorFlow,2507.8,256,13155.6,50,297.65
10.0,Training,TensorFlow,2441.1,16,7247.5,10,360.0
12.0,Training,PyTorch,358.2,8,4688.2,10,189.44
4.0,FineTuning,PyTorch,3392.7,16,2546.9,100,360.0
4.0,Inference,PyTorch,2412.4,256,11192.6,100,360.0
8.0,Training,PyTorch,3485.9,8,8983.7,10,360.0
48.0,FineTuning,PyTorch,3477.2,16,1476.1,5,25.22
6.0,FineTuning,TensorFlow,2206.4,32,8915.4,10,360.0
10.0,Inference,PyTorch,3647.6,16,2475.8,10,110.0
6.0,FineTuning,PyTorch,3401.2,32,14727.6,10,360.0
12.0,Inference,PyTorch,3834.6,256,3969.7,30,29.39
80.0,Training,PyTorch,3409.5,64,10470.6,20,148.95
4.0,Training,PyTorch,3293.8,128,9875.1,100,360.0
12.0,FineTuning,PyTorch,1904.0,8,10401.1,50,360.0
80.0,Training,PyTorch,887.5,128,6506.9,30,19.75
4.0,Training,TensorFlow,3647.3,256,1207.5,20,96.26
80.0,FineTuning,PyTorch,2904.1,32,14702.1,10,123.61
48.0,FineTuning,TensorFlow,1162.9,32,2953.7,10,20.65
10.0,FineTuning,PyTorch,1396.9,32,11568.8,30,360.0
12.0,Training,PyTorch,2760.0,16,2149.8,50,360.0
12.0,FineTuning,PyTorch,1937.4,128,4289.8,30,111.93
16.0,Training,JAX,371.9,32,8442.3,30,205.19
24.0,Training,PyTorch,608.7,64,6260.7,100,360.0
48.0,FineTuning,PyTorch,2995.3,256,14378.2,20,54.51
48.0,Training,PyTorch,1347.8,32,12730.5,5,66.88
6.0,Training,PyTorch,2055.2,128,13834.7,100,360.0
80.0,FineTuning,PyTorch,3078.2,32,9646.4,50,360.0
24.0,Training,TensorFlow,3017.1,32,3361.8,50,360.0
10.0,Inference,PyTorch,709.7,8,7825.6,30,360.0
10.0,FineTuning,PyTorch,438.7,32,11506.4,30,360.0
48.0,Inference,JAX,2385.1,128,1064.3,10,1.66
10.0,Training,TensorFlow,2979.4,256,12960.4,30,360.0
16.0,FineTuning,PyTorch,638.7,8,9507.1,20,360.0
12.0,Training,PyTorch,1519.2,8,10881.2,10,360.0
8.0,Inference,PyTorch,3487.6,32,10445.0,5,155.33
6.0,Training,TensorFlow,3779.7,32,12731.7,20,360.0
80.0,Training,TensorFlow,1843.6,64,1404.1,50,37.78
80.0,Inference,TensorFlow,364.1,128,5718.0,50,3.13
4.0,Training,PyTorch,1067.9,256,7589.0,20,202.16
8.0,Training,PyTorch,970.2,128,8244.3,100,360.0
48.0,Training,PyTorch,993.9,16,14144.1,30,360.0
16.0,FineTuning,PyTorch,2000.8,256,732.7,30,9.61
12.0,Training,TensorFlow,2353.7,16,13009.3,30,360.0
12.0,Training,PyTorch,533.9,128,8323.3,50,173.49
16.0,Training,PyTorch,3563.0,32,8364.0,20,360.0
24.0,FineTuning,TensorFlow,2498.9,8,4872.9,30,360.0
4.0,FineTuning,PyTorch,2409.1,64,9689.9,100,360.0
80.0,Training,PyTorch,3949.8,32,9731.6,10,196.18
8.0,Training,TensorFlow,2531.2,256,2920.5,50,206.41
10.0,Training,JAX,3719.4,256,10187.4,100,360.0
4.0,Training,TensorFlow,1180.7,8,4073.9,20,360.0
8.0,Training,PyTorch,998.5,256,10362.9,100,360.0
6.0,FineTuning,PyTorch,2090.2,128,9218.0,20,360.0
6.0,FineTuning,PyTorch,2059.0,256,10767.7,20,211.35
4.0,Inference,PyTorch,944.6,32,393.5,20,12.33
48.0,Training,PyTorch,2813.6,256,1967.9,5,3.5
8.0,FineTuning,TensorFlow,167.1,64,12619.0,10,36.03
8.0,FineTuning,PyTorch,2778.0,256,5772.8,100,360.0
16.0,FineTuning,PyTorch,1855.9,16,12567.1,5,300.7
48.0,Inference,TensorFlow,2771.6,8,1033.8,100,156.48
80.0,Training,TensorFlow,1934.5,32,11563.6,30,329.93
80.0,Training,PyTorch,3910.5,64,1348.1,100,109.56
10.0,FineTuning,JAX,1372.0,32,7078.1,5,122.4
12.0,Training,JAX,3931.2,128,14069.8,5,217.42
6.0,Training,JAX,306.6,8,1257.4,50,360.0
80.0,Training,TensorFlow,2750.9,128,5324.9,20,35.35
48.0,Training,TensorFlow,1844.2,256,7823.4,5,9.57
8.0,FineTuning,PyTorch,3297.4,128,13501.9,20,360.0
80.0,Training,PyTorch,3169.0,256,5055.8,10,10.28
8.0,Training,PyTorch,3210.8,16,12124.9,5,360.0
80.0,FineTuning,PyTorch,424.2,128,10800.8,50,16.72
6.0,FineTuning,PyTorch,3298.3,64,4675.3,50,360.0
80.0,Inference,PyTorch,895.5,8,5178.1,30,43.08
48.0,Training,PyTorch,151.4,16,2946.1,5,4.71
80.0,Inference,JAX,910.1,32,10425.1,10,6.8
12.0,FineTuning,TensorFlow,1943.2,128,8490.2,20,161.91
6.0,FineTuning,PyTorch,2981.3,32,2408.8,100,360.0
48.0,Training,PyTorch,913.6,16,9339.0,100,360.0
16.0,FineTuning,TensorFlow,496.4,32,7529.9,100,360.0
48.0,Inference,TensorFlow,2601.6,64,1479.6,100,25.12
12.0,Inference,JAX,3936.4,16,14310.2,5,312.19
6.0,Training,JAX,2423.4,8,12537.9,30,360.0
16.0,Training,JAX,2779.7,8,1158.3,50,360.0
12.0,FineTuning,PyTorch,2266.6,8,13975.9,100,360.0
12.0,Inference,PyTorch,3140.3,8,13758.5,5,360.0
4.0,Training,TensorFlow,3904.4,16,728.5,30,360.0
6.0,FineTuning,PyTorch,2199.3,16,3102.0,10,360.0
48.0,FineTuning,TensorFlow,1696.3,256,10565.9,100,117.36
8.0,FineTuning,PyTorch,3448.4,16,14025.1,20,360.0
8.0,FineTuning,TensorFlow,3880.4,128,12364.4,10,360.0
48.0,Training,PyTorch,560.3,256,4300.3,10,3.71
48.0,Inference,PyTorch,2333.8,16,598.2,100,31.94
6.0,FineTuning,PyTorch,3180.2,16,7146.0,20,360.0
48.0,FineTuning,JAX,2156.7,16,1470.2,5,14.86
4.0,Training,PyTorch,1666.3,8,3754.9,20,360.0
16.0,FineTuning,JAX,2638.2,64,9637.4,30,360.0
48.0,Training,TensorFlow,1117.0,8,7475.8,10,301.95
8.0,Training,TensorFlow,1429.1,256,5713.1,100,360.0
48.0,FineTuning,TensorFlow,3969.5,64,13956.4,20,336.74
4.0,FineTuning,PyTorch,2564.0,64,2975.2,50,360.0
80.0,FineTuning,PyTorch,3498.1,64,7363.4,20,82.28
80.0,Training,PyTorch,3240.7,256,8645.1,20,40.97
12.0,FineTuning,TensorFlow,2626.5,256,4896.9,30,79.5
10.0,Training,TensorFlow,3370.9,8,10608.9,100,360.0
16.0,FineTuning,PyTorch,1184.3,128,13022.5,10,67.09
24.0,Training,PyTorch,2566.6,32,8168.0,30,360.0
12.0,FineTuning,PyTorch,2382.9,128,11741.9,30,360.0
80.0,Inference,PyTorch,2508.6,8,1008.3,50,46.21
8.0,Training,PyTorch,716.1,64,2391.4,30,110.44
24.0,Training,PyTorch,1145.1,32,6984.2,100,360.0
12.0,FineTuning,PyTorch,1182.3,128,13823.2,30,267.29
24.0,FineTuning,PyTorch,2427.7,256,8020.7,50,121.4
6.0,FineTuning,PyTorch,3891.6,256,6541.3,5,78.0
10.0,FineTuning,PyTorch,3818.6,16,9041.6,30,360.0
6.0,Training,PyTorch,947.4,256,1954.5,20,32.01
24.0,Training,PyTorch,1254.1,128,9839.8,30,166.75
6.0,Training,PyTorch,192.4,8,1500.9,10,86.55
4.0,Training,PyTorch,1625.3,32,8694.2,20,360.0
80.0,FineTuning,PyTorch,3347.0,16,10744.4,20,360.0
4.0,Training,PyTorch,3667.2,256,6231.5,5,160.71
48.0,Inference,TensorFlow,984.2,256,13672.5,10,2.53
6.0,Inference,PyTorch,1099.9,32,2365.3,10,25.87
48.0,Inference,PyTorch,922.4,32,2647.3,10,3.84
8.0,Inference,PyTorch,1432.9,128,7802.0,30,73.6
16.0,Training,PyTorch,3228.8,256,13981.7,30,360.0
8.0,Inference,TensorFlow,2605.1,64,5921.4,20,107.53
24.0,Training,PyTorch,3154.5,256,13903.4,5,54.35
80.0,Training,PyTorch,2353.0,128,10432.8,30,84.18
6.0,FineTuning,PyTorch,1068.0,16,11760.1,100,360.0
12.0,Training,PyTorch,950.6,8,14074.3,100,360.0
16.0,Inference,PyTorch,85.6,256,8627.7,30,2.6
10.0,FineTuning,PyTorch,3134.9,128,9660.6,5,85.2
10.0,FineTuning,PyTorch,3396.1,64,8727.0,10,360.0
10.0,Training,PyTorch,3084.7,64,11794.4,20,360.0
6.0,FineTuning,PyTorch,343.9,128,4173.8,30,46.38
10.0,Training,TensorFlow,3060.8,16,11841.9,5,360.0
4.0,Inference,PyTorch,230.8,64,10731.8,5,8.76
16.0,Training,PyTorch,467.1,64,9070.8,10,58.07
4.0,FineTuning,PyTorch,1789.9,256,678.0,50,41.11
16.0,Training,PyTorch,1930.8,256,11640.7,50,287.45
4.0,Training,TensorFlow,3273.7,16,2073.1,50,360.0
16.0,FineTuning,PyTorch,2734.1,16,14433.4,50,360.0
48.0,Training,PyTorch,655.6,16,1314.2,30,42.96
6.0,FineTuning,PyTorch,943.3,16,10832.1,100,360.0
6.0,Training,PyTorch,1178.4,128,5470.3,100,360.0
10.0,Training,PyTorch,538.5,128,11061.8,5,33.57
8.0,FineTuning,TensorFlow,1186.2,32,7832.4,100,360.0
10.0,Training,TensorFlow,2928.0,32,9479.6,100,360.0
24.0,Training,PyTorch,1003.5,32,1224.0,20,47.13
4.0,Inference,JAX,3349.7,64,14500.5,100,360.0
16.0,Training,PyTorch,1904.6,16,157.3,100,136.2
8.0,Training,TensorFlow,1325.6,128,14123.3,100,360.0
24.0,Training,TensorFlow,1679.1,128,8566.9,30,166.98
6.0,Training,PyTorch,2852.5,16,3948.2,50,360.0
6.0,FineTuning,PyTorch,2091.3,32,9602.1,20,360.0
10.0,Training,JAX,78.8,256,10126.2,20,10.45
4.0,FineTuning,PyTorch,3693.2,64,10981.9,100,360.0
8.0,Training,PyTorch,310.7,128,344.9,100,12.31
80.0,Training,PyTorch,3757.6,8,14743.5,50,360.0
24.0,Training,TensorFlow,161.2,64,9306.9,20,23.12
24.0,FineTuning,JAX,3095.4,64,5725.3,30,235.34
10.0,Inference,PyTorch,2162.0,32,8602.7,10,130.99
6.0,FineTuning,TensorFlow,2047.6,16,2758.5,30,360.0
10.0,Inference,PyTorch,337.5,8,3784.3,30,101.49
16.0,Training,JAX,993.0,32,1378.1,10,38.86
8.0,Training,PyTorch,3121.3,16,13200.6,50,360.0
4.0,Training,PyTorch,3570.5,8,3848.8,50,360.0
48.0,Training,PyTorch,2140.0,256,11121.7,10,25.2
12.0,Training,PyTorch,1445.7,256,4185.6,100,210.76
12.0,Training,PyTorch,286.8,128,2275.2,30,19.19
10.0,Training,TensorFlow,2744.6,8,1711.2,5,309.71
16.0,Training,PyTorch,1149.9,32,12917.6,20,360.0
8.0,Training,JAX,267.3,8,1884.1,20,193.69
80.0,Training,PyTorch,2680.1,8,1398.5,20,169.71
12.0,Inference,PyTorch,1968.6,8,239.4,5,6.39
8.0,Training,PyTorch,97.3,128,5560.0,30,21.79
4.0,FineTuning,TensorFlow,488.1,256,14146.0,50,274.83
16.0,FineTuning,PyTorch,2811.8,256,13638.9,100,360.0
6.0,Training,TensorFlow,301.5,16,1814.3,10,60.3
8.0,Training,JAX,3470.6,8,286.2,20,360.0
4.0,Training,PyTorch,1279.7,64,11290.0,100,360.0
80.0,FineTuning,PyTorch,400.2,32,4666.5,5,3.99
48.0,Training,TensorFlow,3051.0,64,12536.7,100,360.0
6.0,Training,TensorFlow,2121.5,16,3309.9,10,360.0
48.0,Training,PyTorch,1261.2,32,7433.9,30,251.08
80.0,Inference,PyTorch,1654.1,16,590.9,5,1.84
4.0,Training,PyTorch,134.6,32,13431.3,100,360.0
12.0,FineTuning,PyTorch,2667.7,256,2751.8,5,9.74
48.0,FineTuning,PyTorch,1494.8,256,4491.1,10,4.7
6.0,Inference,PyTorch,2870.4,64,7247.5,10,110.55
10.0,FineTuning,PyTorch,2531.3,64,4141.9,20,273.79
24.0,FineTuning,PyTorch,2622.5,128,698.4,30,12.16
8.0,Inference,JAX,3181.9,16,533.4,10,22.29
12.0,FineTuning,TensorFlow,2543.1,64,14332.7,20,360.0
48.0,Training,JAX,1704.0,32,4949.9,100,360.0
8.0,Training,TensorFlow,1590.2,8,5082.4,20,360.0
10.0,FineTuning,PyTorch,522.3,8,13851.2,10,360.0
80.0,Inference,TensorFlow,3128.8,8,12558.7,5,67.74
24.0,FineTuning,JAX,3056.4,128,10335.4,100,360.0
4.0,FineTuning,JAX,1022.9,64,9911.7,5,147.67
10.0,FineTuning,PyTorch,3457.6,16,12036.2,5,360.0
10.0,Training,PyTorch,2376.6,16,2616.2,20,360.0
80.0,FineTuning,PyTorch,1940.8,128,9997.7,5,7.3
16.0,Training,PyTorch,119.1,32,1566.1,30,13.4
80.0,Inference,JAX,1561.8,256,1985.0,5,0.98
16.0,FineTuning,PyTorch,2580.6,64,3717.1,100,360.0
16.0,FineTuning,TensorFlow,404.5,64,10676.1,100,360.0
12.0,Training,PyTorch,1865.3,32,13398.9,5,360.0
12.0,Training,PyTorch,3974.1,32,10392.7,20,360.0
6.0,Training,PyTorch,2880.3,64,6307.7,100,360.0
48.0,FineTuning,PyTorch,2210.1,64,7753.6,50,226.1
48.0,FineTuning,PyTorch,2155.5,8,10713.7,30,360.0
4.0,Training,PyTorch,222.9,16,9237.9,20,360.0
48.0,FineTuning,PyTorch,3831.4,8,7989.1,30,360.0
12.0,Inference,TensorFlow,3716.3,8,3628.2,30,360.0
6.0,Training,PyTorch,2745.5,16,9292.7,5,360.0
6.0,FineTuning,TensorFlow,441.1,128,378.2,30,5.37
16.0,FineTuning,PyTorch,870.9,256,8444.8,5,7.41
80.0,FineTuning,PyTorch,776.4,128,12329.1,30,21.16
4.0,FineTuning,PyTorch,2102.3,128,2778.3,100,360.0
16.0,FineTuning,TensorFlow,870.8,128,1801.7,50,29.65
80.0,Inference,PyTorch,2798.4,32,14556.5,30,81.01
48.0,Training,PyTorch,2203.7,8,12667.6,10,360.0
16.0,FineTuning,JAX,119.7,32,4599.8,5,5.21
8.0,Training,PyTorch,2989.0,32,3207.7,50,360.0
48.0,Training,PyTorch,795.9,16,5077.2,5,29.43
80.0,Training,TensorFlow,3308.3,128,6525.3,50,158.31
4.0,Training,PyTorch,1452.4,64,12334.1,5,360.0
80.0,Inference,PyTorch,1387.5,128,3664.1,10,1.31
16.0,Inference,PyTorch,96.7,8,10840.6,100,161.25
16.0,Training,PyTorch,3951.5,32,13946.4,10,360.0
10.0,FineTuning,PyTorch,2467.4,8,5754.7,50,360.0
4.0,FineTuning,PyTorch,1719.8,32,488.1,20,95.54
48.0,Inference,TensorFlow,431.7,32,12431.5,5,3.66
6.0,FineTuning,PyTorch,2811.6,32,10655.4,20,360.0
4.0,Training,PyTorch,1166.8,64,2321.1,30,360.0
6.0,FineTuning,TensorFlow,3953.7,128,8993.9,10,300.27
4.0,FineTuning,PyTorch,3804.7,32,12389.8,5,360.0
4.0,FineTuning,TensorFlow,2954.4,16,2797.4,10,360.0
80.0,Inference,TensorFlow,3885.7,256,3421.2,30,4.75
4.0,Inference,PyTorch,467.3,256,3106.5,100,27.72
10.0,FineTuning,PyTorch,1155.7,32,14962.8,50,360.0
16.0,FineTuning,JAX,1050.3,128,3519.9,5,7.0
24.0,Inference,JAX,334.5,128,4077.1,5,1.22
6.0,Training,PyTorch,3890.3,64,814.1,5,57.4
16.0,Training,PyTorch,286.9,32,14750.8,50,360.0
24.0,Training,PyTorch,3433.9,16,3776.6,10,360.0
6.0,Inference,PyTorch,3084.2,64,10906.0,50,360.0
6.0,FineTuning,PyTorch,1534.7,64,492.9,100,163.42
24.0,Training,PyTorch,124.3,32,11772.7,10,22.04
4.0,Inference,TensorFlow,74.1,32,11284.1,100,149.05
48.0,FineTuning,PyTorch,855.8,64,1353.9,5,2.51
8.0,Inference,TensorFlow,2000.8,64,1926.8,50,82.75
16.0,Training,PyTorch,1858.7,64,4497.1,100,360.0
80.0,FineTuning,PyTorch,2361.9,8,5384.6,30,360.0
16.0,FineTuning,PyTorch,3099.2,64,11774.1,50,360.0
80.0,FineTuning,PyTorch,1540.6,128,1011.7,10,2.03
24.0,FineTuning,PyTorch,683.4,256,9788.6,5,4.56
80.0,Inference,TensorFlow,3210.2,16,3505.2,10,19.68
6.0,Training,PyTorch,1364.1,16,5798.8,20,360.0
48.0,Inference,TensorFlow,1183.2,256,132.8,5,0.78
48.0,Training,PyTorch,3069.0,32,4437.7,30,290.57
6.0,Training,PyTorch,3739.9,64,2652.9,30,360.0
10.0,Training,PyTorch,3664.1,16,7609.2,20,360.0
24.0,Training,TensorFlow,592.9,16,2457.1,10,45.52
10.0,Training,PyTorch,2037.5,128,12553.7,30,360.0
10.0,Inference,PyTorch,416.8,128,13255.3,10,11.2
16.0,FineTuning,JAX,3845.9,8,12694.8,5,360.0
16.0,Training,TensorFlow,900.2,256,14728.9,50,174.69
8.0,FineTuning,PyTorch,829.8,8,13728.2,5,360.0
80.0,Training,TensorFlow,3561.1,16,4268.8,10,147.45
6.0,Training,PyTorch,3873.0,32,4785.5,100,360.0
16.0,FineTuning,TensorFlow,2805.6,16,8036.6,20,360.0
24.0,FineTuning,PyTorch,528.0,32,5835.9,100,299.47
80.0,FineTuning,PyTorch,1969.1,16,14551.7,5,79.72
8.0,Training,PyTorch,3275.6,128,5159.0,30,360.0
8.0,FineTuning,PyTorch,2311.3,64,11127.2,5,174.53
24.0,FineTuning,PyTorch,573.7,16,8672.9,5,43.74
10.0,Inference,TensorFlow,729.0,8,14351.6,5,143.19
48.0,Training,TensorFlow,3463.4,32,11193.3,20,360.0
24.0,FineTuning,PyTorch,2131.8,32,4624.3,10,100.37
12.0,FineTuning,PyTorch,2838.1,16,3036.3,20,360.0
24.0,Inference,PyTorch,1523.6,32,12833.8,30,160.24
8.0,Training,PyTorch,2153.3,8,13674.1,10,360.0
6.0,FineTuning,JAX,3909.6,128,12483.3,30,360.0
16.0,Training,PyTorch,1352.3,64,11088.0,10,189.93
6.0,FineTuning,PyTorch,2715.4,64,4893.8,10,224.51
8.0,Training,PyTorch,731.4,32,7630.1,100,360.0
16.0,Training,PyTorch,530.9,16,13744.0,5,212.31
12.0,FineTuning,PyTorch,3145.4,32,2110.0,5,73.47
48.0,Training,PyTorch,3384.2,8,7474.3,20,360.0
80.0,Training,PyTorch,2689.8,256,5397.1,10,8.46
8.0,Training,PyTorch,674.9,16,10194.6,30,360.0
8.0,Training,PyTorch,1000.3,128,9547.6,5,73.37
8.0,Inference,PyTorch,3649.1,8,8444.9,100,360.0
16.0,FineTuning,PyTorch,1190.4,128,4266.3,30,47.32
4.0,Inference,TensorFlow,3284.5,16,2477.3,100,360.0
24.0,Training,PyTorch,1179.5,128,11786.6,5,29.85
4.0,Inference,JAX,3760.9,8,14877.1,10,360.0
12.0,FineTuning,PyTorch,3662.1,8,2619.5,30,360.0
48.0,FineTuning,PyTorch,220.9,32,1229.3,20,3.71
10.0,FineTuning,PyTorch,3093.1,256,11211.4,20,224.5
12.0,FineTuning,PyTorch,719.4,16,5223.5,20,258.4
10.0,FineTuning,JAX,900.3,64,3273.8,5,20.26
10.0,Training,PyTorch,1866.4,256,7924.4,5,34.37
48.0,Training,PyTorch,2326.5,64,10160.7,20,181.1
6.0,FineTuning,JAX,1336.9,128,3301.3,30,146.63
4.0,FineTuning,PyTorch,2322.8,64,14918.1,5,360.0
8.0,Training,PyTorch,724.1,64,4990.5,20,183.96
80.0,Training,PyTorch,138.2,8,4792.8,5,7.52
10.0,FineTuning,PyTorch,2306.3,8,6402.7,50,360.0
12.0,Inference,PyTorch,2093.8,8,11200.9,30,360.0
6.0,Training,PyTorch,2774.1,64,13111.5,10,360.0
10.0,Training,TensorFlow,2616.8,128,4927.4,30,360.0
6.0,Inference,TensorFlow,3595.1,16,1869.3,10,126.9
6.0,FineTuning,PyTorch,1864.9,32,3916.3,20,360.0
10.0,Training,PyTorch,83.1,128,1355.8,5,2.15
16.0,Inference,PyTorch,2541.1,8,9492.1,20,360.0
24.0,FineTuning,PyTorch,2716.8,128,11136.4,100,360.0
8.0,FineTuning,PyTorch,2109.9,16,6496.1,10,360.0
8.0,Inference,TensorFlow,2772.8,256,14296.6,50,186.7
16.0,Inference,TensorFlow,1328.2,8,10940.1,10,219.28
8.0,Training,PyTorch,637.8,16,5756.9,5,215.16
6.0,Training,PyTorch,2675.0,256,1623.0,50,163.39
48.0,Training,PyTorch,1018.5,32,7456.2,5,35.87
12.0,Training,PyTorch,1852.4,128,7607.1,50,360.0
4.0,Training,PyTorch,1991.9,32,8303.7,5,360.0
8.0,Training,PyTorch,1934.9,64,10268.5,10,360.0
48.0,Inference,PyTorch,2413.9,128,4039.3,10,3.82
10.0,Inference,PyTorch,166.3,256,137.0,10,1.1
24.0,FineTuning,PyTorch,3959.2,64,12211.4,10,242.23
6.0,FineTuning,JAX,2879.4,16,12370.7,50,360.0
24.0,Training,PyTorch,1730.3,64,13683.2,30,360.0
12.0,Training,PyTorch,805.8,256,14538.6,30,167.07
12.0,Training,PyTorch,366.7,256,2471.7,20,7.05
16.0,FineTuning,PyTorch,2705.2,16,5372.7,30,360.0
80.0,Training,JAX,1302.0,32,12785.3,20,169.43
16.0,Inference,PyTorch,956.4,8,14016.6,10,242.4
48.0,FineTuning,JAX,1550.8,32,316.5,5,2.18
24.0,Training,PyTorch,2392.0,64,5874.3,30,337.08
80.0,Training,PyTorch,2703.2,16,1789.4,30,139.39
10.0,FineTuning,PyTorch,2598.4,64,11848.0,10,334.67
6.0,Inference,PyTorch,3459.9,256,11232.2,10,55.42
24.0,FineTuning,PyTorch,914.1,8,11339.1,30,360.0
16.0,Training,TensorFlow,2565.1,128,5914.5,10,83.59
4.0,FineTuning,PyTorch,449.4,128,6153.1,30,104.21
80.0,Training,PyTorch,2214.3,128,4001.8,5,7.37
80.0,Inference,PyTorch,2356.6,64,5477.3,100,48.25
6.0,FineTuning,PyTorch,904.1,128,14747.9,5,74.64
8.0,FineTuning,PyTorch,1597.2,16,793.9,20,181.64
12.0,Training,PyTorch,3317.4,8,4927.7,30,360.0
12.0,FineTuning,PyTorch,636.2,256,11869.9,100,215.82
4.0,Training,PyTorch,1766.3,32,5797.0,5,360.0
48.0,Training,TensorFlow,3734.3,256,14254.8,100,360.0
48.0,Training,TensorFlow,2041.2,16,5048.9,5,98.44
10.0,Inference,PyTorch,2914.3,8,12761.4,50,360.0
24.0,FineTuning,JAX,3316.1,32,12244.9,100,360.0
8.0,Training,TensorFlow,854.9,128,237.2,5,2.8
16.0,Inference,PyTorch,912.0,32,6104.5,20,40.13
80.0,Training,PyTorch,3046.4,64,4281.5,5,17.93
4.0,Training,PyTorch,3025.6,64,7246.2,10,360.0
12.0,Training,PyTorch,287.7,128,6995.3,50,89.33
10.0,FineTuning,TensorFlow,1323.9,128,13592.4,30,360.0
48.0,FineTuning,TensorFlow,1624.2,16,2835.4,20,101.96
4.0,FineTuning,TensorFlow,3324.7,16,2814.6,100,360.0
80.0,FineTuning,PyTorch,1716.4,256,1710.2,100,12.36
16.0,Training,PyTorch,3707.4,64,11105.9,5,237.11
10.0,FineTuning,PyTorch,3986.6,8,13776.1,30,360.0
80.0,Training,PyTorch,3133.9,16,5590.7,5,107.31
12.0,FineTuning,PyTorch,2682.2,8,1021.2,50,360.0
12.0,FineTuning,PyTorch,1598.0,256,2424.7,30,28.51
12.0,FineTuning,PyTorch,314.8,64,1625.5,10,5.54
4.0,FineTuning,PyTorch,2313.9,16,8925.9,100,360.0
4.0,FineTuning,TensorFlow,1478.7,8,4306.2,10,360.0
48.0,Training,PyTorch,1436.0,256,13472.0,100,192.25
48.0,Inference,TensorFlow,2766.5,8,2518.0,30,88.26
16.0,Training,JAX,1881.4,16,13959.3,10,360.0
10.0,Training,TensorFlow,3020.8,128,5057.8,20,322.35
6.0,FineTuning,TensorFlow,1622.8,256,13022.9,100,360.0
6.0,FineTuning,PyTorch,645.9,256,14240.0,50,249.52
80.0,Training,PyTorch,1872.3,32,14796.8,20,271.71
12.0,Inference,TensorFlow,3806.5,128,12073.5,30,153.94
10.0,Inference,TensorFlow,3216.0,256,1615.1,20,9.04
4.0,FineTuning,PyTorch,862.7,32,925.1,100,360.0
24.0,FineTuning,TensorFlow,1595.6,8,11122.0,50,360.0
8.0,FineTuning,PyTorch,3714.8,16,13465.9,50,360.0
16.0,Training,PyTorch,538.6,256,2574.2,100,46.26
12.0,FineTuning,PyTorch,1053.1,64,14121.9,30,360.0
12.0,Inference,PyTorch,1085.8,16,9192.4,100,360.0
12.0,Inference,PyTorch,2305.2,128,1947.7,20,10.31
4.0,Inference,PyTorch,1672.4,32,2588.8,100,360.0
4.0,Training,PyTorch,365.5,16,1082.7,50,360.0
8.0,Training,TensorFlow,2535.3,32,2233.9,30,360.0
10.0,Training,PyTorch,441.4,128,11008.6,100,360.0
12.0,Training,PyTorch,2445.3,128,3359.6,50,335.86
6.0,Training,PyTorch,2052.7,16,8468.6,100,360.0
48.0,Training,PyTorch,2000.0,256,10844.1,5,10.81
6.0,FineTuning,PyTorch,316.6,64,13439.6,5,47.86
80.0,FineTuning,PyTorch,2574.9,256,8889.9,50,45.08
6.0,FineTuning,JAX,1753.7,64,8588.8,30,360.0
80.0,Inference,PyTorch,1673.9,32,13701.1,5,8.68
24.0,Training,PyTorch,2406.0,16,4494.1,50,360.0
48.0,Training,TensorFlow,2444.7,8,3135.2,100,360.0
6.0,FineTuning,JAX,109.4,128,13104.7,10,15.5
24.0,FineTuning,PyTorch,544.6,256,1210.4,100,9.9
16.0,FineTuning,PyTorch,984.2,32,2926.3,20,97.35
10.0,Training,PyTorch,2728.0,128,6227.7,50,360.0
24.0,Training,PyTorch,2328.1,32,5482.6,5,116.06
10.0,FineTuning,PyTorch,3042.6,16,10620.8,50,360.0
6.0,Inference,TensorFlow,2975.4,32,1467.9,100,360.0
24.0,Inference,PyTorch,3420.1,32,7209.7,30,152.48
48.0,FineTuning,PyTorch,1538.4,8,12147.5,5,191.57
6.0,FineTuning,PyTorch,1413.0,32,10281.8,30,360.0
12.0,Inference,JAX,3332.5,64,9511.6,30,278.85
4.0,FineTuning,PyTorch,988.5,32,3666.5,100,360.0
24.0,FineTuning,PyTorch,1871.6,32,5965.1,30,315.51
48.0,Inference,PyTorch,817.6,16,2792.8,50,29.44
16.0,FineTuning,PyTorch,3659.7,32,7683.0,5,212.02
12.0,Inference,TensorFlow,1660.8,8,8804.1,30,360.0
16.0,Training,PyTorch,889.3,16,9504.6,10,360.0
6.0,FineTuning,PyTorch,2783.5,128,13151.7,20,360.0
4.0,Inference,PyTorch,1016.3,64,1021.3,50,45.62
24.0,Training,TensorFlow,3776.8,64,5885.9,10,216.22
24.0,FineTuning,PyTorch,1502.1,128,8905.5,5,20.34
6.0,Training,JAX,2675.3,32,8594.8,20,360.0
6.0,Inference,PyTorch,1413.7,8,423.4,30,67.79
4.0,FineTuning,PyTorch,3238.6,8,2920.7,10,360.0
48.0,Training,PyTorch,3592.8,8,12701.6,10,360.0
48.0,FineTuning,PyTorch,3162.3,8,7779.3,30,360.0
4.0,FineTuning,TensorFlow,3401.6,32,6262.0,100,360.0
48.0,FineTuning,TensorFlow,452.4,128,13512.6,100,66.1
80.0,Training,PyTorch,3700.1,128,1216.8,30,19.03
10.0,Inference,PyTorch,2516.0,64,13842.4,10,110.41
4.0,FineTuning,PyTorch,3483.4,128,514.0,5,15.9
4.0,FineTuning,JAX,2753.5,8,8483.8,50,360.0
8.0,Training,PyTorch,847.3,32,8370.9,5,215.26
12.0,Inference,PyTorch,2457.7,16,9622.1,5,109.22
12.0,Training,PyTorch,409.2,16,541.4,50,72.43
80.0,FineTuning,PyTorch,2798.1,8,8004.7,5,113.77
6.0,Inference,TensorFlow,1665.6,256,1792.8,20,9.57
6.0,Training,TensorFlow,649.3,64,2424.1,30,137.85
16.0,FineTuning,PyTorch,3918.0,16,3308.8,10,341.12
80.0,Training,PyTorch,3609.3,256,9236.3,50,120.45
4.0,FineTuning,PyTorch,3579.5,8,5912.3,5,360.0
80.0,FineTuning,JAX,3165.8,32,1371.5,10,15.76
80.0,Inference,PyTorch,2783.3,16,4406.3,100,200.0
80.0,Inference,PyTorch,2637.6,8,1241.7,20,21.92
12.0,FineTuning,PyTorch,469.1,16,9995.5,5,90.43
80.0,FineTuning,PyTorch,3607.2,32,8406.2,5,47.16
10.0,FineTuning,PyTorch,3530.5,128,6174.5,5,55.17
6.0,Training,PyTorch,3004.0,128,13922.4,20,360.0
16.0,FineTuning,TensorFlow,3712.9,32,7829.0,30,360.0
10.0,Inference,PyTorch,2234.7,32,13324.3,10,196.68
16.0,Training,PyTorch,1818.2,128,8728.4,5,44.66
8.0,Training,PyTorch,3873.4,32,5714.2,100,360.0
16.0,Training,PyTorch,1883.3,32,8131.1,5,219.28
6.0,Training,PyTorch,2583.2,32,2362.7,20,360.0
6.0,Training,PyTorch,1523.6,128,10153.8,20,360.0
80.0,FineTuning,PyTorch,2563.5,128,14733.8,10,26.98
24.0,FineTuning,PyTorch,2894.4,256,3786.8,10,14.18
8.0,FineTuning,PyTorch,2517.4,16,4915.6,100,360.0
4.0,Training,PyTorch,2082.5,128,6150.8,5,157.79
48.0,FineTuning,TensorFlow,1235.4,16,7303.9,100,360.0
16.0,Inference,PyTorch,2593.2,128,10814.6,100,308.44
24.0,Inference,PyTorch,3638.3,64,2136.4,100,90.18
80.0,FineTuning,PyTorch,77.3,16,4606.7,5,1.56
12.0,Training,PyTorch,579.0,32,8126.2,5,93.99
4.0,Inference,TensorFlow,523.1,64,8884.7,5,20.49
24.0,FineTuning,PyTorch,3696.7,256,8095.8,5,17.79
12.0,Training,TensorFlow,2667.9,128,6588.8,100,360.0
8.0,Training,PyTorch,3809.6,128,10701.0,20,360.0
80.0,Training,TensorFlow,2352.1,256,3146.7,30,17.09
4.0,Training,JAX,1873.8,64,4312.6,10,360.0
4.0,Training,PyTorch,3179.8,8,6722.8,20,360.0
4.0,Inference,TensorFlow,685.7,32,10463.0,50,360.0
8.0,FineTuning,PyTorch,1556.3,16,1327.0,50,360.0
16.0,FineTuning,JAX,1891.8,64,1823.5,50,140.88
8.0,Inference,TensorFlow,1228.9,16,11757.9,10,214.62
48.0,FineTuning,JAX,1516.6,128,3988.2,5,4.17
6.0,Inference,PyTorch,358.5,8,14456.0,50,360.0
80.0,Inference,TensorFlow,832.0,256,14424.9,50,5.71
8.0,Training,PyTorch,1375.2,8,10320.6,30,360.0
12.0,Inference,PyTorch,3193.8,16,10781.4,20,360.0
48.0,FineTuning,PyTorch,770.9,256,9799.9,100,57.86
6.0,Training,TensorFlow,1419.2,128,2742.2,10,75.65
16.0,FineTuning,PyTorch,306.4,256,7556.8,10,5.37
12.0,FineTuning,PyTorch,2250.6,256,11915.9,30,205.07
80.0,Inference,PyTorch,2464.4,8,11642.7,50,360.0
12.0,Training,PyTorch,3468.8,32,13491.7,100,360.0
6.0,FineTuning,TensorFlow,3285.5,128,13521.9,100,360.0
12.0,Training,TensorFlow,1177.2,64,3996.1,30,213.31
10.0,Training,PyTorch,591.0,64,10853.6,5,61.68
24.0,Training,PyTorch,666.5,64,9805.0,50,283.26
16.0,FineTuning,PyTorch,3877.4,32,13298.9,100,360.0
6.0,Inference,PyTorch,2709.2,128,2833.8,10,21.32
12.0,Training,PyTorch,218.2,256,11122.9,100,119.14
24.0,FineTuning,PyTorch,590.3,16,6407.6,20,124.8
24.0,Training,PyTorch,1968.9,16,5977.8,30,360.0
12.0,Training,PyTorch,870.9,128,633.3,100,55.24
80.0,FineTuning,PyTorch,3224.5,32,14425.8,100,360.0
10.0,Training,PyTorch,2314.2,128,10169.0,100,360.0
8.0,FineTuning,PyTorch,2469.9,16,8901.5,30,360.0
10.0,Training,PyTorch,1878.2,128,3842.4,10,76.6
12.0,Training,JAX,1061.4,64,9910.8,100,360.0
16.0,FineTuning,PyTorch,2378.1,256,14189.5,100,360.0
8.0,FineTuning,PyTorch,2882.0,128,2533.0,50,286.08
6.0,Training,PyTorch,1515.2,256,14758.7,50,360.0
10.0,FineTuning,TensorFlow,2044.5,8,6468.7,50,360.0
12.0,Inference,TensorFlow,3366.8,128,14675.6,100,360.0
10.0,FineTuning,TensorFlow,637.3,16,9544.6,100,360.0
8.0,Training,PyTorch,2203.6,16,4929.2,100,360.0
48.0,FineTuning,PyTorch,1426.2,256,5679.2,20,10.23
10.0,FineTuning,TensorFlow,2826.0,16,4429.3,20,360.0
6.0,Training,PyTorch,124.3,64,5088.2,50,89.32
6.0,Inference,TensorFlow,2698.4,16,9733.4,20,360.0
4.0,Inference,PyTorch,456.4,8,347.4,30,27.95
10.0,Inference,PyTorch,305.8,128,14517.7,100,57.7
80.0,Inference,TensorFlow,2912.3,32,11551.1,50,138.38
24.0,FineTuning,PyTorch,2579.4,16,14121.0,20,360.0
24.0,FineTuning,PyTorch,3585.0,128,10791.4,100,360.0
24.0,FineTuning,PyTorch,2102.6,64,7267.4,100,360.0
48.0,Inference,TensorFlow,2143.6,128,2926.9,30,6.23
4.0,FineTuning,PyTorch,2842.7,16,7793.2,30,360.0
48.0,Training,PyTorch,1327.4,16,10704.3,20,360.0
10.0,Training,PyTorch,195.8,256,12827.3,50,75.68
10.0,Inference,JAX,958.7,16,4929.6,50,238.38
10.0,Training,JAX,990.2,8,7706.2,20,360.0
16.0,FineTuning,PyTorch,1375.9,128,9337.7,20,116.64
24.0,Inference,PyTorch,3776.7,256,8870.0,5,5.68
16.0,FineTuning,PyTorch,3229.1,32,880.4,30,126.54
4.0,Inference,PyTorch,3747.0,8,7302.6,50,360.0
48.0,FineTuning,TensorFlow,3994.5,32,12154.6,10,268.37
24.0,Training,PyTorch,1763.4,16,12054.3,30,360.0
16.0,Inference,PyTorch,946.9,32,7656.4,100,258.99
16.0,Training,PyTorch,2262.0,32,14290.1,50,360.0
12.0,Training,PyTorch,3530.5,8,12410.8,100,360.0
16.0,Training,PyTorch,1889.6,8,11086.2,5,360.0
80.0,Training,PyTorch,2046.3,128,7782.5,30,51.53
80.0,Training,TensorFlow,581.0,32,8901.1,30,73.78
48.0,Training,PyTorch,1710.8,8,3426.2,100,360.0
80.0,FineTuning,PyTorch,1578.6,128,8032.9,50,44.2
48.0,Inference,PyTorch,1439.2,32,7937.7,10,15.1
48.0,Training,JAX,3554.8,32,3121.2,20,177.01
4.0,Training,PyTorch,284.2,256,14272.1,10,47.7
12.0,FineTuning,JAX,3890.0,16,3746.8,100,360.0
10.0,FineTuning,TensorFlow,82.6,8,1652.9,5,6.34
6.0,Inference,TensorFlow,3785.1,64,7058.4,30,360.0
48.0,Training,PyTorch,2214.8,256,10322.5,100,218.37
8.0,Inference,PyTorch,2824.7,8,3007.8,100,360.0
10.0,FineTuning,PyTorch,789.2,256,2825.1,50,28.9
24.0,FineTuning,PyTorch,2634.1,16,3995.9,30,360.0
80.0,Training,JAX,3533.7,256,4610.5,20,24.23
6.0,Training,PyTorch,600.9,256,3768.4,10,20.77
8.0,Training,PyTorch,552.0,128,7113.4,10,51.48
10.0,Training,PyTorch,1250.7,8,372.1,5,42.21
4.0,FineTuning,TensorFlow,688.8,32,1404.0,50,275.03
24.0,Inference,PyTorch,487.1,64,10967.5,20,14.14
6.0,FineTuning,PyTorch,2729.4,128,6243.9,100,360.0
12.0,FineTuning,PyTorch,894.6,8,5468.7,20,360.0
4.0,FineTuning,TensorFlow,2684.7,128,255.6,50,45.51
8.0,Training,PyTorch,3454.6,32,4543.4,5,356.92
6.0,Inference,PyTorch,2625.5,256,12335.7,100,360.0
4.0,FineTuning,PyTorch,521.5,64,5171.5,20,147.09
24.0,Training,JAX,2315.6,32,14459.0,5,295.8
12.0,Training,PyTorch,1604.8,64,5910.4,50,360.0
4.0,FineTuning,TensorFlow,1406.3,128,7015.5,50,360.0
16.0,FineTuning,PyTorch,1308.2,256,12048.5,50,128.69
12.0,Training,PyTorch,3721.3,256,14747.1,20,360.0
8.0,Inference,PyTorch,2982.9,8,5636.8,50,360.0
24.0,FineTuning,PyTorch,578.7,64,1887.0,20,14.17
80.0,FineTuning,PyTorch,1930.2,32,7893.6,5,27.63
80.0,Training,PyTorch,1307.0,64,8917.2,30,93.34
80.0,Training,PyTorch,3912.9,128,14395.9,5,34.33
6.0,Inference,PyTorch,3913.2,256,6267.4,20,73.09
8.0,Inference,PyTorch,1312.2,128,1453.1,10,3.24
24.0,Training,TensorFlow,1440.8,128,9798.9,10,61.66
12.0,Training,TensorFlow,2417.7,8,414.6,100,360.0
6.0,Training,PyTorch,1943.3,128,6438.7,30,360.0
8.0,Training,PyTorch,891.7,8,6203.7,50,360.0
16.0,FineTuning,TensorFlow,2658.6,16,3896.8,5,146.69
24.0,Inference,TensorFlow,1369.8,64,14468.2,5,12.42
80.0,Training,JAX,2632.2,256,6110.8,20,19.67
4.0,Training,PyTorch,1565.5,256,13431.1,100,360.0
24.0,Inference,PyTorch,2815.8,32,7775.1,30,157.61
48.0,Training,PyTorch,2687.8,256,12326.0,50,142.56
8.0,Inference,PyTorch,2059.8,8,6825.8,30,360.0
10.0,FineTuning,PyTorch,2833.7,256,14873.9,10,112.09
16.0,Inference,PyTorch,1870.8,8,9636.4,100,360.0
24.0,Training,PyTorch,508.7,256,2423.6,30,9.41
10.0,Training,PyTorch,769.3,32,195.8,50,36.47
48.0,FineTuning,PyTorch,1021.7,64,13940.6,100,351.44
12.0,FineTuning,PyTorch,299.8,128,10333.3,50,76.22
4.0,Training,TensorFlow,2860.0,64,1683.7,5,105.02
10.0,Inference,TensorFlow,1501.2,8,11178.0,5,202.33
8.0,Inference,PyTorch,419.4,128,3484.5,50,13.76
80.0,FineTuning,JAX,3288.8,16,12157.5,5,116.47
48.0,Training,PyTorch,2750.4,32,9187.8,5,127.73
4.0,FineTuning,PyTorch,1836.3,64,1942.5,5,51.08
16.0,FineTuning,JAX,1027.3,128,1157.1,50,19.98
80.0,Training,PyTorch,649.4,32,7045.2,5,14.57
24.0,Inference,PyTorch,1860.6,64,14059.7,10,31.33
10.0,Training,PyTorch,3546.7,8,8513.0,100,360.0
4.0,Training,PyTorch,794.2,8,11410.7,50,360.0
6.0,Training,PyTorch,2296.2,8,7095.2,30,360.0
12.0,FineTuning,PyTorch,3848.7,16,5822.8,100,360.0
12.0,FineTuning,PyTorch,2566.6,256,12350.9,20,162.63
48.0,Training,TensorFlow,1787.9,8,7004.5,100,360.0
16.0,Training,PyTorch,2879.7,8,2209.0,20,360.0
48.0,Training,PyTorch,3307.1,256,4190.4,10,14.13
6.0,Training,PyTorch,2382.5,8,8464.6,50,360.0
8.0,FineTuning,TensorFlow,3493.7,128,6098.4,30,360.0
16.0,Training,TensorFlow,2082.6,32,5559.3,50,360.0
8.0,Training,TensorFlow,3328.6,16,10064.6,30,360.0
16.0,Inference,PyTorch,3810.5,64,9581.2,30,210.92
16.0,FineTuning,PyTorch,2029.9,256,4779.0,50,97.42
6.0,FineTuning,PyTorch,2439.8,256,5455.5,100,360.0
24.0,Training,PyTorch,2457.4,256,11305.8,5,30.25
6.0,Training,PyTorch,3136.7,16,13827.2,20,360.0
16.0,FineTuning,JAX,3300.7,32,4930.8,5,102.49
4.0,Training,PyTorch,157.6,8,4449.0,20,360.0
8.0,Training,JAX,2946.8,256,4052.7,5,32.73
6.0,Inference,PyTorch,3146.1,8,2208.5,50,360.0
24.0,Inference,JAX,2816.7,64,5719.9,50,85.73
10.0,Training,PyTorch,2869.1,256,7788.5,30,360.0
48.0,Training,JAX,213.5,16,8107.8,10,27.73
16.0,Inference,PyTorch,1796.1,16,10396.4,50,360.0
10.0,Training,JAX,3281.8,64,883.0,20,101.93
12.0,FineTuning,PyTorch,3739.3,16,8465.0,30,360.0
80.0,Inference,PyTorch,956.4,16,3899.3,20,11.34
24.0,Inference,PyTorch,2337.8,16,3662.9,5,23.21
80.0,FineTuning,PyTorch,3227.1,256,11866.9,10,16.34
24.0,Training,PyTorch,3022.0,64,2386.8,50,278.13
4.0,Training,JAX,2494.6,256,5003.6,5,67.75
48.0,Inference,PyTorch,123.8,64,9600.8,30,2.81
10.0,Inference,TensorFlow,2909.3,32,9678.8,20,290.32
8.0,FineTuning,PyTorch,3104.3,16,816.5,100,360.0
24.0,FineTuning,PyTorch,2905.3,32,1181.1,10,34.65
8.0,FineTuning,PyTorch,3074.9,128,9864.9,50,360.0
48.0,FineTuning,TensorFlow,1752.1,128,14302.0,20,77.46
16.0,Inference,PyTorch,3975.3,16,14977.7,50,360.0
12.0,FineTuning,PyTorch,3094.6,8,14807.9,50,360.0
10.0,FineTuning,PyTorch,2335.8,128,5338.5,20,141.71
48.0,Training,PyTorch,3740.1,8,3703.0,50,360.0
48.0,FineTuning,PyTorch,3637.4,32,1569.9,30,82.37
4.0,FineTuning,PyTorch,3267.5,16,4954.8,10,360.0
80.0,Training,PyTorch,2276.6,32,4225.1,5,28.62
12.0,Inference,PyTorch,2132.0,256,8694.3,10,12.21
10.0,FineTuning,TensorFlow,1348.4,32,5594.9,5,98.32
16.0,Inference,PyTorch,1041.0,64,3549.8,30,25.25
16.0,Training,TensorFlow,2073.8,16,9226.9,10,360.0
6.0,FineTuning,PyTorch,2332.2,64,4913.7,30,360.0
48.0,Training,PyTorch,1015.9,32,5369.2,20,96.39
24.0,Inference,PyTorch,3694.3,8,9016.8,5,150.67
4.0,Training,PyTorch,2251.2,16,1861.5,20,360.0
12.0,FineTuning,PyTorch,2129.7,16,11636.3,20,360.0
16.0,FineTuning,PyTorch,1770.8,128,14485.0,10,85.94
10.0,Training,PyTorch,279.4,8,7413.3,50,360.0
6.0,Inference,PyTorch,3535.5,256,8441.9,50,173.9
10.0,Inference,PyTorch,1302.1,8,5831.2,30,360.0
4.0,Training,PyTorch,2587.7,32,14355.1,10,360.0
24.0,Training,TensorFlow,2449.4,32,2080.9,20,154.17
6.0,Training,TensorFlow,2358.7,32,12221.5,100,360.0
6.0,Training,PyTorch,2126.6,128,9791.3,30,360.0
80.0,Inference,TensorFlow,766.7,8,11893.3,20,48.49
12.0,Inference,JAX,1158.4,64,14261.8,30,117.64
6.0,Training,PyTorch,2120.5,8,7492.7,100,360.0
80.0,FineTuning,PyTorch,3167.9,64,4396.1,5,12.68
80.0,FineTuning,JAX,1756.4,16,11714.7,30,360.0
4.0,Training,PyTorch,855.5,64,12684.1,30,360.0
8.0,Training,PyTorch,397.4,16,10325.2,20,360.0
10.0,Training,PyTorch,2668.9,256,12750.1,50,360.0
24.0,FineTuning,TensorFlow,1722.2,256,10981.9,20,53.89
10.0,FineTuning,JAX,545.2,32,14366.3,10,154.8
6.0,FineTuning,PyTorch,2714.1,8,8603.1,20,360.0
24.0,Training,JAX,869.9,32,5769.1,100,360.0
16.0,Inference,PyTorch,2060.6,8,10239.8,50,360.0
8.0,FineTuning,PyTorch,1259.4,64,1129.8,10,21.05
16.0,Inference,PyTorch,3730.2,8,7526.0,100,360.0
16.0,Training,JAX,951.7,64,11623.7,50,360.0
12.0,Inference,PyTorch,1708.7,8,2617.6,10,83.92
10.0,Inference,PyTorch,3840.0,16,6066.1,20,360.0
4.0,Training,PyTorch,1309.0,64,5319.3,50,360.0
16.0,Training,PyTorch,2596.1,32,5091.0,100,360.0
6.0,Inference,PyTorch,1301.1,32,9794.3,100,360.0
8.0,FineTuning,PyTorch,487.2,32,7512.7,50,360.0
48.0,Inference,JAX,2528.8,32,11980.0,100,360.0
16.0,FineTuning,PyTorch,3668.3,16,962.0,100,360.0
8.0,FineTuning,PyTorch,1837.6,16,6863.2,5,360.0
24.0,Training,PyTorch,2523.4,128,308.6,5,2.94
10.0,Training,PyTorch,2455.1,128,3390.8,30,271.72
80.0,Inference,PyTorch,1689.6,128,11653.1,5,3.55
12.0,Training,TensorFlow,2478.8,256,1680.2,50,101.43
8.0,Training,PyTorch,1074.3,128,1673.1,30,59.28
6.0,FineTuning,TensorFlow,1543.2,8,6081.4,20,360.0
6.0,FineTuning,TensorFlow,1797.2,256,11676.4,30,290.21
8.0,Training,PyTorch,3462.8,64,9606.5,100,360.0
6.0,Training,PyTorch,1425.9,32,11748.2,10,360.0
10.0,FineTuning,PyTorch,2558.8,8,838.3,30,360.0
6.0,Training,PyTorch,892.9,256,8499.5,5,34.52
80.0,FineTuning,PyTorch,1047.7,16,6854.1,20,84.17
6.0,Training,PyTorch,2611.3,32,13450.7,10,360.0
80.0,Inference,PyTorch,3061.1,64,11086.4,30,37.5
16.0,Inference,JAX,1875.4,64,6422.7,20,53.21
4.0,FineTuning,PyTorch,1373.6,16,8352.4,5,360.0
10.0,Training,PyTorch,3645.6,32,6430.0,20,360.0
4.0,FineTuning,PyTorch,586.4,128,6673.1,20,123.17
16.0,Training,PyTorch,2896.8,32,9547.8,10,360.0
10.0,Training,PyTorch,2776.2,32,3326.4,50,360.0
8.0,Inference,JAX,2776.5,64,5064.4,5,24.4
8.0,FineTuning,TensorFlow,3744.9,16,4259.5,10,360.0
80.0,Inference,PyTorch,2926.4,32,12032.0,10,24.89
16.0,Training,PyTorch,1241.2,8,14135.0,10,360.0
80.0,Training,PyTorch,1446.0,8,6273.1,50,360.0
12.0,Inference,PyTorch,1594.9,16,1248.8,50,89.84
6.0,FineTuning,TensorFlow,171.7,128,1493.9,30,9.44
48.0,FineTuning,JAX,3658.4,256,6053.9,30,48.12
12.0,FineTuning,PyTorch,340.5,32,5985.3,5,22.64
6.0,Training,PyTorch,2814.2,256,2277.7,100,360.0
10.0,FineTuning,PyTorch,2934.1,32,12126.1,5,360.0
80.0,Training,PyTorch,3382.7,64,7552.0,50,318.44
10.0,FineTuning,PyTorch,2235.8,32,1725.0,50,360.0
10.0,FineTuning,PyTorch,2914.8,256,1570.9,50,71.32
6.0,Inference,PyTorch,1245.8,128,6744.9,10,21.11
16.0,FineTuning,PyTorch,2995.1,32,1840.9,50,342.54
6.0,Training,PyTorch,1406.5,32,8461.8,10,360.0
24.0,FineTuning,PyTorch,3616.2,64,5836.7,10,92.63
8.0,Training,PyTorch,695.4,8,13803.1,5,360.0
8.0,Training,PyTorch,1297.2,8,6341.8,20,360.0
12.0,Training,PyTorch,2020.1,128,9255.0,30,360.0
8.0,FineTuning,JAX,3114.6,16,12189.2,30,360.0
6.0,Training,PyTorch,3007.8,16,4612.9,5,360.0
80.0,FineTuning,JAX,882.3,64,7727.1,5,5.92
6.0,Inference,PyTorch,619.7,256,1902.0,50,9.13
6.0,FineTuning,PyTorch,1250.7,256,6548.3,50,226.67
48.0,Training,PyTorch,1960.8,32,5699.7,50,360.0
80.0,Training,PyTorch,2179.1,64,6480.0,10,31.24
24.0,FineTuning,PyTorch,1745.1,256,1700.4,10,3.98
8.0,Inference,TensorFlow,2669.2,8,6036.2,50,360.0
80.0,Training,PyTorch,1738.9,128,13067.0,10,30.22
8.0,Inference,PyTorch,3788.0,16,14062.1,5,360.0
12.0,FineTuning,PyTorch,1080.8,32,3701.7,50,360.0
80.0,FineTuning,PyTorch,2528.1,16,4577.5,30,226.25
8.0,Inference,JAX,2464.9,8,242.4,30,53.16
24.0,FineTuning,TensorFlow,1162.2,32,1822.2,100,255.56
4.0,Inference,PyTorch,1676.2,8,5242.3,10,360.0
10.0,Training,PyTorch,1493.6,16,10308.1,30,360.0
10.0,FineTuning,PyTorch,731.4,16,4453.8,50,360.0
24.0,FineTuning,JAX,1935.3,8,1223.4,30,287.27
48.0,Training,PyTorch,1577.3,32,10989.9,5,70.46
4.0,FineTuning,TensorFlow,754.4,8,7054.8,10,360.0
12.0,Training,PyTorch,1827.0,32,7836.0,30,360.0
24.0,Training,JAX,1716.3,64,4957.8,10,63.28
10.0,Training,PyTorch,568.9,64,9234.4,5,47.33
10.0,FineTuning,PyTorch,568.2,32,13372.6,30,360.0
10.0,Inference,PyTorch,2607.7,8,8351.0,100,360.0
16.0,FineTuning,JAX,2841.0,32,8854.0,50,360.0
24.0,FineTuning,JAX,3767.7,16,5666.1,20,360.0
6.0,Training,TensorFlow,393.7,8,1331.2,30,360.0
12.0,Inference,TensorFlow,515.6,256,6485.3,5,1.59
10.0,FineTuning,PyTorch,254.7,32,13877.1,100,360.0
8.0,FineTuning,TensorFlow,2152.3,16,10235.2,100,360.0
24.0,FineTuning,TensorFlow,2509.8,128,7404.3,20,95.22
16.0,Training,PyTorch,1643.9,16,9351.2,100,360.0
24.0,FineTuning,PyTorch,3201.7,256,8422.2,30,112.16
12.0,Inference,PyTorch,2762.5,32,13694.8,10,178.14
16.0,Training,PyTorch,3944.1,8,3435.3,5,360.0
12.0,FineTuning,TensorFlow,594.7,8,13341.4,30,360.0
24.0,Inference,PyTorch,280.3,64,10358.2,5,2.65
6.0,Training,PyTorch,1135.5,256,2003.4,50,86.25
12.0,Inference,PyTorch,125.2,32,5641.4,20,8.63
16.0,Inference,PyTorch,3733.8,16,6600.9,20,315.05
16.0,FineTuning,PyTorch,1250.6,16,1335.7,50,268.45
12.0,Training,JAX,2232.1,256,8357.6,20,182.67
24.0,Training,PyTorch,1306.4,32,3964.5,20,144.85
48.0,Training,TensorFlow,1020.9,16,6926.1,100,360.0
24.0,Inference,PyTorch,651.8,128,6637.6,50,14.58
12.0,Inference,JAX,1315.4,256,7872.9,10,6.78
4.0,FineTuning,PyTorch,2480.9,64,12708.5,100,360.0
12.0,Training,PyTorch,3887.9,8,11733.3,20,360.0
6.0,Training,PyTorch,2254.5,16,13107.7,10,360.0
12.0,FineTuning,JAX,2154.2,128,8628.0,5,50.84
12.0,FineTuning,PyTorch,189.3,32,9275.5,5,20.85
6.0,Inference,PyTorch,3368.4,16,6514.2,20,360.0
12.0,FineTuning,JAX,227.1,256,10786.6,5,4.06
10.0,Inference,PyTorch,3629.6,32,3152.9,50,309.68
4.0,FineTuning,PyTorch,2177.8,128,7180.2,20,360.0
8.0,FineTuning,PyTorch,715.4,128,10741.2,50,279.55
4.0,Training,PyTorch,1834.2,8,11690.4,10,360.0
12.0,Inference,PyTorch,3980.2,32,3794.5,30,225.56
10.0,FineTuning,PyTorch,1255.1,64,2805.1,30,133.62
24.0,Training,TensorFlow,1114.4,8,4399.2,100,360.0
12.0,Training,PyTorch,516.1,32,13810.3,20,360.0
10.0,Training,PyTorch,2408.7,32,2023.9,50,360.0
6.0,FineTuning,PyTorch,402.4,128,14301.1,30,144.34
10.0,Training,PyTorch,3075.7,256,14922.7,20,360.0
6.0,Training,PyTorch,3680.9,128,11773.3,100,360.0
48.0,FineTuning,TensorFlow,3730.9,32,11430.3,30,360.0
8.0,Training,JAX,476.3,256,14304.0,100,360.0
80.0,Inference,TensorFlow,2255.1,256,4429.0,30,3.44
10.0,FineTuning,PyTorch,433.6,128,2021.8,5,3.5
16.0,FineTuning,TensorFlow,2309.5,32,12364.2,20,360.0
12.0,Training,JAX,3269.2,32,2646.9,100,360.0
4.0,Training,PyTorch,2174.3,256,776.6,100,199.52
80.0,Training,PyTorch,3494.6,8,3027.3,30,360.0
4.0,Inference,PyTorch,3216.6,8,6624.8,100,360.0
48.0,FineTuning,PyTorch,1142.4,64,7477.0,20,47.04
80.0,Training,JAX,2538.9,8,1031.3,5,24.6
80.0,FineTuning,PyTorch,79.3,16,6706.6,20,7.5
4.0,Training,PyTorch,1614.4,16,9104.2,5,360.0
6.0,Inference,PyTorch,989.9,128,13983.9,30,91.99
4.0,Inference,PyTorch,3751.6,256,3487.1,100,235.21
6.0,FineTuning,PyTorch,1651.3,16,3243.5,100,360.0
48.0,FineTuning,JAX,2633.6,8,5902.4,30,360.0
12.0,Inference,PyTorch,2941.3,256,14756.5,30,80.8
24.0,FineTuning,TensorFlow,3104.2,64,5109.7,5,38.18
6.0,FineTuning,PyTorch,2956.3,32,753.6,10,92.03
48.0,Inference,PyTorch,1192.2,64,4057.7,5,2.57
16.0,FineTuning,PyTorch,2760.0,8,8418.7,5,360.0
48.0,FineTuning,TensorFlow,2218.6,8,6246.9,100,360.0
4.0,Inference,PyTorch,2409.6,8,11635.9,50,360.0
4.0,FineTuning,PyTorch,53.2,128,9148.3,30,23.2
24.0,FineTuning,PyTorch,1070.1,16,8435.9,30,360.0
48.0,Training,JAX,3726.2,8,4912.6,50,360.0
8.0,Training,PyTorch,1195.8,32,8322.5,100,360.0
12.0,Training,PyTorch,1780.2,16,9272.3,10,360.0
4.0,FineTuning,PyTorch,787.4,16,2770.2,20,360.0
24.0,FineTuning,PyTorch,597.5,128,11064.4,30,49.68
12.0,Inference,TensorFlow,874.2,64,5954.7,30,45.68
48.0,FineTuning,JAX,2236.9,256,11159.9,5,8.62
48.0,FineTuning,PyTorch,3680.2,16,2747.9,10,114.6
80.0,Training,JAX,1338.5,16,9882.2,10,152.96
24.0,Inference,TensorFlow,1327.5,8,500.6,100,56.0
4.0,FineTuning,PyTorch,2278.4,32,2468.6,10,317.53
8.0,FineTuning,JAX,1459.1,8,13377.7,10,360.0
48.0,Training,PyTorch,3646.1,32,6975.9,50,360.0
8.0,FineTuning,PyTorch,1542.5,16,7667.2,5,298.56
48.0,FineTuning,PyTorch,1987.2,32,13622.9,100,360.0
4.0,FineTuning,PyTorch,2156.9,8,7325.5,50,360.0
12.0,Inference,PyTorch,3139.2,8,9853.4,50,360.0
10.0,Inference,TensorFlow,2277.4,64,3407.1,20,39.42
12.0,Inference,TensorFlow,994.7,128,1315.4,5,1.44
48.0,FineTuning,TensorFlow,539.7,64,5364.9,10,7.46
10.0,Inference,PyTorch,3754.2,16,12000.3,100,360.0
10.0,Inference,JAX,3216.2,32,6757.9,5,71.13
8.0,Training,PyTorch,140.7,8,2605.4,10,78.91
24.0,Training,PyTorch,3295.0,8,8222.0,20,360.0
8.0,Training,PyTorch,2382.9,8,4031.2,30,360.0
8.0,Training,PyTorch,2099.6,256,14205.4,50,360.0
12.0,Training,PyTorch,98.3,8,8703.4,20,269.0
12.0,Training,PyTorch,3134.4,256,14746.1,50,360.0
16.0,FineTuning,TensorFlow,832.4,16,741.8,100,207.3
48.0,Training,JAX,2925.5,128,272.2,10,3.36
16.0,Training,TensorFlow,112.7,64,7208.7,100,90.13
4.0,FineTuning,PyTorch,3195.6,256,12943.8,10,296.36
48.0,Inference,TensorFlow,141.0,64,7913.7,20,2.61
48.0,Inference,TensorFlow,981.8,256,13155.2,30,7.38
80.0,FineTuning,PyTorch,1109.7,8,2045.4,30,83.87
80.0,FineTuning,TensorFlow,672.2,8,10520.0,50,360.0
6.0,Training,PyTorch,1950.2,32,9932.2,10,360.0
6.0,Training,PyTorch,1170.6,8,8220.0,10,360.0
8.0,Training,PyTorch,3973.5,64,6136.1,30,360.0
4.0,Training,PyTorch,2340.9,32,9741.3,10,360.0
10.0,Inference,TensorFlow,2287.6,32,8296.4,100,360.0
10.0,Training,PyTorch,922.4,8,4162.1,10,360.0
80.0,Training,PyTorch,1664.3,32,1658.8,20,25.06
80.0,Training,JAX,539.7,128,5861.1,30,10.92
80.0,FineTuning,JAX,3062.0,8,7735.3,30,360.0
24.0,Training,PyTorch,1358.1,128,7676.9,100,360.0
6.0,FineTuning,PyTorch,3020.3,8,6441.2,100,360.0
12.0,Training,PyTorch,1518.2,256,4977.6,5,14.44
10.0,Training,PyTorch,3955.6,128,5322.4,100,360.0
48.0,Training,PyTorch,725.9,8,4061.1,30,264.34
6.0,FineTuning,PyTorch,56.0,64,8740.6,30,25.27
16.0,Training,TensorFlow,2399.6,256,12763.3,100,360.0
12.0,FineTuning,TensorFlow,3814.2,256,13207.4,5,60.59
6.0,FineTuning,PyTorch,2605.9,256,14906.5,10,161.3
4.0,FineTuning,PyTorch,388.6,8,1423.4,10,133.99
48.0,Training,PyTorch,2184.9,64,3292.4,50,142.16
6.0,Training,PyTorch,3642.5,16,10980.1,10,360.0
24.0,Training,PyTorch,75.7,256,9714.1,30,4.54
80.0,FineTuning,PyTorch,709.3,16,2094.6,50,53.24
80.0,FineTuning,PyTorch,3267.5,8,9502.2,50,360.0
48.0,FineTuning,PyTorch,3580.9,256,6156.3,100,126.34
80.0,FineTuning,PyTorch,2843.3,64,14357.2,100,360.0
6.0,Inference,PyTorch,3966.7,64,12843.1,10,241.86
16.0,FineTuning,PyTorch,406.4,256,1191.3,50,5.08
10.0,Training,PyTorch,2205.4,32,1440.8,5,53.95
10.0,FineTuning,PyTorch,2755.7,32,6314.1,50,360.0
12.0,Training,PyTorch,2825.4,256,224.7,20,6.67
8.0,FineTuning,PyTorch,3184.3,128,1506.4,5,22.72
4.0,Training,PyTorch,3674.6,32,13995.7,30,360.0
48.0,Training,PyTorch,1478.5,8,11907.2,10,360.0
12.0,Inference,TensorFlow,219.7,32,10123.4,10,10.35
8.0,FineTuning,PyTorch,1481.6,32,12470.5,100,360.0
24.0,Training,PyTorch,2702.9,8,3825.8,20,360.0
24.0,Training,JAX,893.2,8,10910.9,10,360.0
4.0,FineTuning,JAX,3249.4,128,9272.0,30,360.0
80.0,Inference,PyTorch,918.1,64,12744.8,50,21.73
6.0,FineTuning,TensorFlow,89.8,32,4312.0,10,17.23
12.0,Inference,PyTorch,2056.9,256,11479.4,30,39.05
12.0,Training,JAX,2919.5,256,12804.5,100,360.0
48.0,FineTuning,PyTorch,1431.1,16,8280.2,5,61.6
48.0,FineTuning,TensorFlow,3008.1,64,6265.4,30,120.45
24.0,FineTuning,TensorFlow,1781.7,8,14234.9,100,360.0
24.0,Training,PyTorch,728.3,256,2617.6,20,8.11
16.0,FineTuning,TensorFlow,407.7,32,640.5,30,12.65
16.0,FineTuning,PyTorch,2856.8,128,2769.2,10,35.14
80.0,FineTuning,PyTorch,1573.6,16,10283.5,50,360.0
16.0,FineTuning,PyTorch,3655.5,64,11855.3,30,360.0
6.0,FineTuning,JAX,2184.0,32,10780.7,20,360.0
6.0,FineTuning,PyTorch,1426.3,8,6356.0,5,360.0
12.0,Training,PyTorch,1428.5,64,14516.8,20,360.0
10.0,Training,PyTorch,569.2,16,6720.1,100,360.0
6.0,FineTuning,PyTorch,2395.5,8,14721.4,5,360.0
8.0,Inference,PyTorch,2349.6,16,13779.9,30,360.0
24.0,Training,TensorFlow,3210.0,32,6166.5,50,360.0
48.0,FineTuning,JAX,844.7,64,2499.0,20,10.56
16.0,Training,PyTorch,1198.6,128,1438.6,50,49.99
12.0,Training,PyTorch,434.1,32,8019.0,100,360.0
4.0,FineTuning,PyTorch,1216.6,256,11471.8,30,308.63
48.0,FineTuning,PyTorch,1741.0,32,2723.1,50,100.27
8.0,Training,PyTorch,3857.9,128,4841.3,50,360.0
16.0,FineTuning,PyTorch,2629.6,128,9494.9,20,187.38
8.0,Inference,PyTorch,3142.4,256,6966.9,30,69.19
24.0,Inference,PyTorch,1335.8,256,9097.6,50,20.84
24.0,Training,TensorFlow,620.8,8,10177.9,5,252.97
80.0,FineTuning,JAX,1064.0,16,5772.4,10,34.65
12.0,Training,PyTorch,1063.0,32,11810.9,5,227.93
48.0,Training,PyTorch,2353.3,8,10572.7,100,360.0
48.0,FineTuning,PyTorch,1398.8,256,10344.5,50,40.64
4.0,FineTuning,JAX,3436.7,8,2327.3,30,360.0
12.0,Training,PyTorch,3954.8,32,7166.1,5,360.0
8.0,Inference,TensorFlow,1406.0,16,8699.9,30,360.0
4.0,Inference,PyTorch,2835.0,128,3473.2,100,325.45
10.0,FineTuning,PyTorch,2647.1,32,11402.6,5,360.0
48.0,FineTuning,PyTorch,818.1,16,1904.1,30,47.63
8.0,Training,PyTorch,3676.1,128,2332.9,50,360.0
6.0,FineTuning,PyTorch,837.8,64,6258.5,20,191.29
80.0,Training,PyTorch,2961.0,32,2116.6,5,15.0
12.0,Inference,TensorFlow,1423.1,256,273.5,100,2.78
24.0,Training,PyTorch,1500.0,32,6229.9,30,360.0
6.0,Training,PyTorch,1849.0,256,9763.4,5,81.31
80.0,FineTuning,PyTorch,3464.8,16,7477.6,30,360.0
80.0,Training,PyTorch,604.0,8,877.5,30,37.44
10.0,Training,PyTorch,265.5,8,3563.7,20,323.68
10.0,FineTuning,PyTorch,1638.1,16,7912.8,30,360.0
16.0,Inference,PyTorch,269.6,32,11097.6,5,6.6
16.0,FineTuning,PyTorch,2766.0,32,11929.4,100,360.0
4.0,Training,PyTorch,3053.3,256,7838.6,50,360.0
80.0,Training,PyTorch,3426.1,32,9727.3,100,360.0
6.0,Training,JAX,2988.2,64,13560.9,10,360.0
12.0,FineTuning,PyTorch,3669.6,256,1071.5,30,32.18
80.0,FineTuning,TensorFlow,3005.8,8,1577.7,10,56.0
10.0,Training,PyTorch,3747.5,64,6922.1,50,360.0
8.0,Training,PyTorch,812.8,32,9185.0,100,360.0
24.0,Training,PyTorch,2024.5,8,169.0,10,23.92
16.0,Training,PyTorch,3976.0,256,6843.0,30,212.77
48.0,Training,PyTorch,2742.2,32,2674.1,5,28.71
8.0,FineTuning,PyTorch,3520.6,256,9712.1,100,360.0
12.0,Training,PyTorch,170.1,32,4089.3,100,199.64
10.0,FineTuning,PyTorch,3493.4,16,13538.9,20,360.0
10.0,FineTuning,TensorFlow,2806.0,8,1051.3,100,360.0
10.0,Training,TensorFlow,724.5,32,12157.2,30,360.0
48.0,FineTuning,PyTorch,151.4,128,5945.7,30,4.49
16.0,FineTuning,PyTorch,1076.7,128,12871.7,20,115.65
8.0,Training,PyTorch,3667.3,256,12245.3,20,360.0
12.0,Inference,PyTorch,2689.1,32,3665.5,100,360.0
16.0,Training,TensorFlow,3681.9,16,853.5,20,303.2
12.0,Inference,PyTorch,1812.3,256,10463.3,20,23.58
16.0,FineTuning,PyTorch,3749.7,32,3145.5,20,293.94
48.0,FineTuning,PyTorch,1878.7,128,13964.6,30,83.99
24.0,Inference,TensorFlow,856.8,8,1101.7,10,9.14
12.0,Inference,PyTorch,648.0,16,4927.3,5,14.75
16.0,FineTuning,PyTorch,3975.6,32,288.5,30,44.42
10.0,FineTuning,PyTorch,1368.8,128,4823.6,50,231.5
80.0,Training,PyTorch,682.2,8,8164.8,100,360.0
10.0,FineTuning,PyTorch,83.2,128,9857.5,30,15.63
4.0,Training,TensorFlow,1178.0,256,10923.9,100,360.0
24.0,Training,PyTorch,3562.0,16,12518.4,30,360.0
24.0,Inference,TensorFlow,2159.3,256,1750.7,10,2.03
10.0,Training,PyTorch,2548.1,64,11451.9,100,360.0
8.0,Training,PyTorch,3693.4,32,4247.7,20,360.0
48.0,FineTuning,TensorFlow,2075.7,256,2159.9,100,26.01
12.0,Training,PyTorch,3361.2,8,4058.3,50,360.0
24.0,Training,TensorFlow,1329.1,16,12884.1,10,360.0
10.0,FineTuning,TensorFlow,3909.6,16,9448.1,5,360.0
10.0,FineTuning,PyTorch,361.3,64,9001.0,50,203.57
48.0,FineTuning,TensorFlow,2913.1,64,8811.1,50,290.29
48.0,FineTuning,JAX,2659.2,32,6188.6,10,85.45
6.0,FineTuning,PyTorch,807.1,256,6313.4,50,122.09
6.0,FineTuning,PyTorch,1585.9,32,2310.0,30,360.0
8.0,FineTuning,PyTorch,1285.7,256,5055.9,30,65.07
8.0,FineTuning,PyTorch,423.2,256,7729.3,20,25.9
4.0,Inference,PyTorch,2359.9,16,9129.7,10,360.0
8.0,Training,PyTorch,3975.0,256,1167.4,30,79.3
16.0,Training,PyTorch,2260.4,32,5073.8,50,360.0
48.0,Training,PyTorch,2203.8,32,5157.4,50,360.0
16.0,FineTuning,PyTorch,209.2,64,7774.5,30,34.92
12.0,Training,PyTorch,599.9,16,10679.5,10,360.0
10.0,FineTuning,PyTorch,2077.2,128,9565.0,10,133.8
8.0,Inference,TensorFlow,3941.5,128,8606.2,5,27.95
10.0,FineTuning,PyTorch,3512.6,8,4442.1,10,360.0
24.0,Training,PyTorch,1393.8,64,12601.9,100,360.0
4.0,FineTuning,PyTorch,2194.9,8,11800.9,100,360.0
24.0,Training,PyTorch,2233.2,16,2835.8,100,360.0
4.0,FineTuning,PyTorch,2757.2,128,9861.5,30,360.0
6.0,FineTuning,TensorFlow,2766.7,128,13609.2,5,167.28
10.0,Training,PyTorch,3169.7,128,6590.5,50,360.0
4.0,Inference,JAX,148.6,8,13879.1,30,334.77
80.0,Training,PyTorch,3777.5,32,427.3,20,17.2
16.0,Inference,PyTorch,326.7,8,7792.0,20,85.35
4.0,Training,TensorFlow,1930.8,128,3918.4,10,176.02
4.0,Training,TensorFlow,3682.3,64,4006.1,5,303.86
16.0,Training,PyTorch,1976.3,64,13175.5,5,173.21
10.0,Training,JAX,301.4,256,4741.3,50,36.66
10.0,FineTuning,PyTorch,955.5,8,447.6,10,38.04
16.0,FineTuning,TensorFlow,2335.7,256,8141.4,5,18.15
24.0,FineTuning,PyTorch,397.1,256,14565.9,30,19.84
80.0,Training,TensorFlow,1723.5,8,1278.5,50,196.03
12.0,Training,PyTorch,1349.9,256,4365.9,5,16.1
80.0,FineTuning,PyTorch,3270.1,16,7095.6,20,227.42
10.0,Training,PyTorch,485.0,8,12474.2,20,360.0
6.0,FineTuning,PyTorch,2747.1,256,4106.5,5,25.17
8.0,FineTuning,PyTorch,1656.0,256,5220.9,100,299.62
4.0,Training,PyTorch,2371.6,8,5829.0,100,360.0
16.0,FineTuning,PyTorch,861.9,128,5756.5,20,43.45
16.0,FineTuning,TensorFlow,2458.3,256,3085.1,30,45.27
4.0,FineTuning,PyTorch,2712.2,32,13743.4,50,360.0
8.0,Training,TensorFlow,327.4,128,11914.4,30,163.45
12.0,Training,PyTorch,3306.2,32,14637.1,20,360.0
8.0,Training,PyTorch,3452.0,128,5627.8,5,107.42
8.0,Training,PyTorch,301.0,128,774.9,5,2.86
8.0,Training,PyTorch,2432.6,16,1821.0,50,360.0
12.0,Inference,PyTorch,2396.3,256,5426.5,20,14.72
12.0,FineTuning,PyTorch,99.2,32,13674.9,20,50.8
10.0,FineTuning,PyTorch,1402.3,128,14718.2,20,240.88
4.0,Training,PyTorch,3877.3,128,12347.8,10,360.0
12.0,Inference,PyTorch,2244.0,32,3652.5,5,21.98
12.0,Training,TensorFlow,3736.2,16,9929.5,20,360.0
10.0,FineTuning,TensorFlow,2718.8,32,8989.4,50,360.0
16.0,Inference,TensorFlow,162.1,16,12366.5,100,147.97
10.0,FineTuning,JAX,357.0,16,7695.3,10,128.17
24.0,Inference,PyTorch,2902.6,64,4840.1,20,31.96
24.0,FineTuning,PyTorch,2240.5,16,387.2,5,8.71
6.0,Training,TensorFlow,552.2,64,11945.9,100,360.0
8.0,Training,PyTorch,2475.5,256,8000.7,10,109.97
4.0,Training,TensorFlow,3250.6,8,8059.4,30,360.0
48.0,Training,PyTorch,3024.3,16,14360.2,50,360.0
80.0,FineTuning,PyTorch,1022.3,32,7344.8,5,10.47
10.0,Training,PyTorch,1069.9,64,4805.4,30,360.0
16.0,Inference,JAX,3873.0,8,5163.6,5,163.83
80.0,Training,TensorFlow,3555.2,256,275.0,50,4.2
16.0,FineTuning,TensorFlow,1307.4,8,1923.0,20,306.79
80.0,Inference,PyTorch,3305.0,16,752.8,30,10.62
10.0,Training,PyTorch,688.9,32,3724.6,30,328.07
48.0,FineTuning,PyTorch,827.5,16,1063.3,10,12.01
80.0,FineTuning,TensorFlow,765.7,128,5033.6,20,6.87
10.0,Training,PyTorch,396.5,8,1979.3,50,360.0
12.0,FineTuning,PyTorch,3426.0,128,13777.0,100,360.0
48.0,Training,PyTorch,2336.3,128,14081.9,10,67.09
16.0,FineTuning,PyTorch,1072.9,64,9091.5,30,186.99
24.0,FineTuning,PyTorch,3402.2,128,12101.8,5,44.65
8.0,FineTuning,PyTorch,3220.5,8,10190.4,50,360.0
24.0,FineTuning,PyTorch,448.8,8,12185.5,10,218.14
48.0,Training,TensorFlow,2594.4,32,9633.1,100,360.0
16.0,FineTuning,PyTorch,2901.2,16,6509.9,20,360.0
80.0,Inference,PyTorch,2877.5,32,13118.9,100,231.34
16.0,Inference,PyTorch,2906.4,32,6627.2,5,40.73
80.0,FineTuning,JAX,719.4,16,6003.6,10,24.09
10.0,Training,PyTorch,1294.6,8,9403.3,50,360.0
48.0,Inference,PyTorch,3384.5,64,14075.2,5,18.96
10.0,Training,PyTorch,3598.6,128,6688.8,10,293.14
6.0,FineTuning,PyTorch,1152.8,64,8666.7,10,199.25
80.0,Training,JAX,140.9,128,7435.8,100,14.33
12.0,Inference,TensorFlow,3446.1,16,13655.0,50,360.0
10.0,FineTuning,PyTorch,1539.5,16,10183.5,20,360.0
6.0,FineTuning,PyTorch,1351.4,32,6351.9,5,183.64
4.0,Training,PyTorch,1420.6,256,9142.8,100,360.0
24.0,FineTuning,PyTorch,1692.0,256,2425.3,10,6.53
16.0,FineTuning,TensorFlow,1544.2,16,5195.0,100,360.0
6.0,FineTuning,PyTorch,2287.4,128,11069.1,100,360.0
48.0,Training,PyTorch,361.8,256,8479.7,100,35.78
10.0,FineTuning,JAX,3887.6,64,4782.7,50,360.0
48.0,Training,PyTorch,3749.0,64,5498.2,10,96.26
24.0,FineTuning,PyTorch,3740.9,64,12165.8,50,360.0
12.0,Training,PyTorch,3523.1,256,8159.2,50,360.0
48.0,Training,PyTorch,2658.3,64,3657.5,10,37.56
80.0,Training,TensorFlow,923.4,32,4522.5,100,185.93
12.0,Training,PyTorch,245.5,256,7071.5,100,84.16
12.0,Training,PyTorch,442.3,64,11466.3,50,360.0
6.0,Inference,PyTorch,1329.8,128,14961.9,5,30.92
12.0,FineTuning,PyTorch,2040.3,32,2867.8,100,360.0
8.0,Training,JAX,3973.3,32,11348.4,50,360.0
24.0,FineTuning,PyTorch,1770.0,256,9296.6,20,40.93
12.0,FineTuning,JAX,2122.4,32,8014.8,20,360.0
48.0,Inference,JAX,2795.9,16,14500.2,50,360.0
4.0,Training,JAX,763.9,32,4909.0,5,180.06
8.0,Training,TensorFlow,3734.7,128,2737.0,100,360.0
8.0,Inference,PyTorch,2139.7,256,13176.2,30,81.96
80.0,Training,JAX,1141.2,256,1123.5,30,3.36
12.0,Training,PyTorch,3743.7,64,12275.1,5,337.5
80.0,Training,PyTorch,2520.5,16,8879.6,20,360.0
80.0,Training,PyTorch,1960.6,64,2543.7,50,54.9
4.0,Inference,PyTorch,2341.6,8,3487.7,10,360.0
6.0,Training,PyTorch,3005.8,16,2422.0,50,360.0
12.0,Inference,PyTorch,660.4,128,10803.2,50,39.04
10.0,Inference,PyTorch,3466.1,16,2294.9,30,320.33
80.0,FineTuning,PyTorch,3840.1,32,10252.4,50,360.0
24.0,Training,PyTorch,2289.6,16,2009.4,30,360.0
16.0,Training,TensorFlow,2745.0,32,12053.8,10,360.0
24.0,FineTuning,PyTorch,3446.3,64,13800.4,50,360.0
4.0,Training,PyTorch,1530.5,16,8433.7,5,360.0
4.0,FineTuning,PyTorch,3971.7,16,14496.1,50,360.0
48.0,Training,PyTorch,2738.0,128,5916.7,100,360.0
6.0,Inference,PyTorch,1724.8,8,3744.6,100,360.0
80.0,FineTuning,PyTorch,2725.5,16,2741.7,5,26.0
24.0,FineTuning,PyTorch,2110.6,64,7236.6,30,267.09
16.0,Inference,PyTorch,491.0,32,2048.1,50,21.59
4.0,Training,PyTorch,3193.7,64,13149.3,30,360.0
4.0,Training,JAX,2279.3,256,11793.0,5,166.48
6.0,Training,PyTorch,3193.6,256,8475.6,30,360.0
16.0,Training,TensorFlow,661.9,128,10849.8,20,75.17
16.0,FineTuning,TensorFlow,2176.5,256,844.9,100,32.27
6.0,Training,PyTorch,3078.2,16,3132.4,5,360.0
4.0,Training,JAX,3953.8,8,9356.1,30,360.0
12.0,Inference,TensorFlow,3543.4,8,7214.3,50,360.0
12.0,Training,PyTorch,3464.2,16,9108.9,30,360.0
6.0,FineTuning,PyTorch,1027.5,8,1425.6,10,267.55
16.0,Training,PyTorch,3360.0,64,9821.1,5,230.76
80.0,Training,PyTorch,718.7,32,12073.9,30,112.29
6.0,FineTuning,PyTorch,832.5,16,8239.5,100,360.0
6.0,Inference,TensorFlow,485.0,256,5425.4,20,7.55
8.0,Training,TensorFlow,3437.5,32,2702.3,100,360.0
24.0,Training,PyTorch,477.6,8,4053.8,10,119.92
16.0,Training,TensorFlow,595.5,128,7885.7,5,15.99
48.0,Training,TensorFlow,1021.3,32,3907.2,10,31.04
48.0,Training,PyTorch,2312.0,128,11691.4,50,341.38
16.0,FineTuning,PyTorch,3526.7,64,2062.9,20,98.25
8.0,Training,PyTorch,1702.0,128,7794.7,50,360.0
8.0,FineTuning,TensorFlow,2207.8,32,7489.9,100,360.0
4.0,FineTuning,TensorFlow,707.6,32,2169.5,100,360.0
24.0,Training,PyTorch,1100.5,16,14925.3,30,360.0
12.0,Training,PyTorch,579.0,256,12364.7,10,26.26
10.0,Inference,TensorFlow,1669.2,128,5859.3,50,71.96
10.0,Training,TensorFlow,2381.8,64,10305.1,30,360.0
10.0,FineTuning,PyTorch,1171.9,16,10777.1,20,360.0
16.0,Training,PyTorch,3391.7,16,9802.1,100,360.0
48.0,FineTuning,TensorFlow,3925.9,64,6544.0,50,272.8
48.0,Training,PyTorch,524.6,16,13288.2,10,129.65
12.0,Training,PyTorch,120.5,64,11596.1,50,98.75
16.0,Training,TensorFlow,3169.6,8,8176.1,20,360.0
10.0,Training,PyTorch,803.0,16,138.2,30,22.86
80.0,Inference,TensorFlow,1444.9,32,3428.3,50,17.02
48.0,FineTuning,PyTorch,1607.2,8,7681.5,50,360.0
4.0,Training,PyTorch,3670.6,16,13494.0,100,360.0
6.0,FineTuning,PyTorch,2652.4,64,9466.5,5,291.43
80.0,Inference,PyTorch,210.4,8,6326.1,30,13.5
48.0,FineTuning,PyTorch,108.5,256,813.9,100,1.79
8.0,Training,PyTorch,838.3,8,8999.5,5,360.0
48.0,Inference,PyTorch,1306.8,32,5326.2,5,4.52
4.0,Training,JAX,1963.9,16,8106.9,100,360.0
10.0,FineTuning,PyTorch,3359.5,16,11520.0,20,360.0
8.0,FineTuning,PyTorch,1293.5,64,12075.7,20,360.0
16.0,Inference,PyTorch,1537.3,8,12977.7,10,348.91
24.0,Inference,PyTorch,1350.9,32,9577.1,100,335.24
10.0,Inference,PyTorch,85.4,64,13593.7,30,11.61
24.0,Training,PyTorch,3823.0,256,10390.4,30,297.47
80.0,Inference,TensorFlow,599.0,64,11780.3,20,6.97
6.0,Training,PyTorch,1186.3,32,10313.7,20,360.0
8.0,Training,PyTorch,560.7,16,13090.8,5,339.46
12.0,FineTuning,PyTorch,1987.6,32,3421.1,20,270.7
8.0,FineTuning,PyTorch,3732.1,16,11422.3,50,360.0
48.0,FineTuning,PyTorch,447.8,128,1845.6,30,4.18
48.0,FineTuning,TensorFlow,1791.5,8,1470.7,10,43.97
48.0,Inference,PyTorch,138.4,32,7425.2,5,1.65
80.0,Training,PyTorch,3095.0,256,4573.5,50,43.84
10.0,Training,PyTorch,2582.8,256,8494.0,20,196.73
12.0,Inference,JAX,2813.8,64,10198.2,10,69.87
12.0,Training,PyTorch,1915.7,16,3475.8,20,360.0
48.0,FineTuning,PyTorch,3635.2,8,10528.9,100,360.0
24.0,FineTuning,PyTorch,1667.8,256,14932.3,50,155.19
80.0,FineTuning,TensorFlow,2080.6,8,11423.3,100,360.0
48.0,FineTuning,PyTorch,2796.4,32,2689.4,100,352.6
6.0,Training,PyTorch,2106.2,64,9542.1,10,360.0
10.0,Inference,TensorFlow,797.9,256,241.3,100,2.52
16.0,Training,PyTorch,1302.4,32,7098.8,20,360.0
6.0,Training,PyTorch,414.6,64,8046.3,50,360.0
24.0,Training,PyTorch,1758.8,128,14588.4,50,360.0
8.0,FineTuning,TensorFlow,2457.1,32,11084.4,10,360.0
8.0,FineTuning,PyTorch,518.2,16,10618.8,100,360.0
6.0,Inference,PyTorch,2540.8,32,8032.8,100,360.0
48.0,FineTuning,JAX,3576.8,32,7746.3,50,360.0
16.0,FineTuning,PyTorch,1384.0,256,14882.0,20,70.38
4.0,Inference,PyTorch,927.0,128,416.9,10,2.37
4.0,FineTuning,TensorFlow,3577.4,256,4617.8,100,360.0
24.0,FineTuning,PyTorch,2783.2,128,2093.4,100,154.21
48.0,FineTuning,PyTorch,466.3,256,4793.1,5,1.84
12.0,Training,PyTorch,1662.0,32,7007.9,50,360.0
12.0,Inference,PyTorch,2712.7,64,5194.8,20,65.91
10.0,Training,TensorFlow,2318.8,128,14444.3,10,360.0
16.0,FineTuning,PyTorch,2493.3,128,10240.8,100,360.0
16.0,FineTuning,PyTorch,2290.2,64,10947.9,5,79.48
8.0,Inference,TensorFlow,3202.3,8,11160.2,5,360.0
80.0,Inference,PyTorch,1315.7,128,13498.5,30,9.0
24.0,FineTuning,PyTorch,2848.4,128,11543.5,100,360.0
4.0,FineTuning,PyTorch,3964.8,64,341.5,30,144.01
24.0,Training,PyTorch,1590.3,64,3994.8,100,360.0
12.0,FineTuning,PyTorch,3174.6,32,14837.7,10,360.0
12.0,Inference,PyTorch,1022.1,32,9816.7,50,216.19
6.0,Inference,PyTorch,1163.5,8,1115.0,100,360.0
10.0,Inference,PyTorch,3742.7,8,7052.9,20,360.0
16.0,Training,PyTorch,152.5,8,14714.4,50,360.0
24.0,Inference,PyTorch,908.8,16,14893.3,20,120.06
12.0,Inference,PyTorch,1957.5,64,6543.5,20,77.74
80.0,Training,PyTorch,1637.3,128,13406.5,30,78.57
8.0,FineTuning,PyTorch,2535.2,64,8920.7,30,360.0
4.0,FineTuning,PyTorch,811.3,64,7690.5,50,360.0
10.0,FineTuning,PyTorch,328.7,8,6237.9,10,205.35
80.0,Inference,PyTorch,1508.9,64,13392.7,20,16.17
10.0,FineTuning,PyTorch,2121.2,16,9354.8,30,360.0
6.0,FineTuning,PyTorch,2269.9,256,5073.6,10,68.0
12.0,FineTuning,PyTorch,2425.9,128,7429.8,30,308.66
8.0,FineTuning,JAX,2217.2,256,6716.8,20,134.77
80.0,Inference,TensorFlow,1020.7,8,6822.2,5,11.48
10.0,FineTuning,PyTorch,3070.0,32,4743.0,30,360.0
16.0,Training,PyTorch,396.7,256,9531.1,10,14.64
6.0,Training,PyTorch,833.5,128,878.3,50,51.4
16.0,Training,TensorFlow,2970.5,256,13303.8,50,360.0
8.0,FineTuning,TensorFlow,1154.9,32,6289.4,20,360.0
80.0,Inference,PyTorch,1999.2,32,12032.9,100,167.82
6.0,Training,TensorFlow,1342.4,64,10969.4,5,213.35
80.0,Training,PyTorch,2052.6,128,7130.6,30,64.82
12.0,Training,PyTorch,1419.3,16,3060.8,100,360.0
48.0,FineTuning,TensorFlow,3977.1,64,8477.0,30,229.33
6.0,Inference,PyTorch,1462.0,32,14226.3,5,99.16
16.0,FineTuning,TensorFlow,2526.8,256,2868.0,20,23.81
8.0,FineTuning,PyTorch,3559.0,128,3914.6,20,246.82
12.0,FineTuning,PyTorch,2569.8,64,14895.8,10,348.56
48.0,Training,PyTorch,2285.1,128,13399.3,10,62.1
4.0,FineTuning,PyTorch,2298.5,256,8288.3,10,147.76
12.0,FineTuning,PyTorch,2011.0,8,10451.6,20,360.0
8.0,FineTuning,PyTorch,3239.9,16,6701.6,30,360.0
10.0,Inference,PyTorch,249.2,16,6121.0,50,78.17
6.0,FineTuning,PyTorch,3546.3,16,6703.5,20,360.0
80.0,FineTuning,TensorFlow,2365.9,32,6274.8,5,20.15
8.0,Inference,PyTorch,3403.0,32,10165.8,50,360.0
6.0,Inference,PyTorch,91.1,16,5023.8,20,22.36
80.0,FineTuning,PyTorch,3483.6,128,2644.6,100,82.8
24.0,Training,PyTorch,524.5,8,10627.9,20,360.0
16.0,FineTuning,PyTorch,2898.8,32,566.3,10,26.23
4.0,FineTuning,PyTorch,1695.3,256,10809.4,30,360.0
12.0,Training,PyTorch,2740.2,64,4022.3,100,360.0
8.0,Training,PyTorch,2531.3,64,2934.8,30,360.0
4.0,Training,PyTorch,695.4,32,5746.5,50,360.0
10.0,FineTuning,JAX,2082.7,16,1850.7,20,360.0
6.0,FineTuning,PyTorch,1145.1,128,5828.9,10,72.83
6.0,Training,TensorFlow,2263.7,8,1624.6,100,360.0
8.0,Training,PyTorch,2965.1,64,7304.0,5,309.22
48.0,FineTuning,PyTorch,371.0,32,2724.9,20,12.92
48.0,Training,PyTorch,2087.3,128,2036.9,10,8.17
24.0,Training,JAX,2489.6,16,8728.7,5,316.14
16.0,FineTuning,PyTorch,1216.7,8,9416.2,5,360.0
80.0,FineTuning,PyTorch,3814.4,8,182.2,50,43.38
10.0,Training,PyTorch,2105.2,64,5876.4,30,360.0
4.0,FineTuning,PyTorch,770.9,64,1261.5,30,77.21
48.0,Training,JAX,475.8,256,11105.8,50,27.5
24.0,FineTuning,TensorFlow,2189.6,32,10254.7,20,360.0
24.0,Training,TensorFlow,1532.2,8,841.0,100,360.0
8.0,Training,PyTorch,810.6,16,14124.6,10,360.0
10.0,FineTuning,TensorFlow,171.3,16,14403.4,100,360.0
80.0,FineTuning,PyTorch,2288.1,32,5086.6,100,360.0
16.0,Training,PyTorch,2414.5,8,2046.1,30,360.0
12.0,Training,TensorFlow,610.1,64,1803.7,100,192.24
8.0,Inference,PyTorch,2426.9,256,12626.7,50,158.06
80.0,FineTuning,PyTorch,3810.3,16,6941.5,30,360.0
12.0,Training,PyTorch,3914.3,128,241.7,30,29.84
12.0,FineTuning,PyTorch,3559.5,32,13887.7,30,360.0
10.0,Training,PyTorch,3238.0,16,8931.8,20,360.0
10.0,FineTuning,PyTorch,877.0,128,10386.9,50,327.24
4.0,Training,TensorFlow,667.9,128,12371.0,30,360.0
24.0,Training,TensorFlow,1807.5,16,12296.8,30,360.0
80.0,Training,JAX,2497.5,32,1229.5,50,68.0
8.0,FineTuning,PyTorch,3410.2,128,8652.5,5,108.81
6.0,Training,TensorFlow,966.3,128,10474.0,100,360.0
8.0,Training,TensorFlow,1944.6,8,1375.7,20,360.0
4.0,Training,PyTorch,2607.4,256,3413.8,20,202.41
16.0,Training,PyTorch,1810.1,256,5997.6,100,360.0
24.0,FineTuning,PyTorch,1844.1,256,13309.2,10,27.1
6.0,Training,PyTorch,939.2,8,12774.4,10,360.0
48.0,FineTuning,PyTorch,3947.3,256,11753.3,100,237.97
16.0,Training,PyTorch,1927.0,8,14855.1,5,360.0
10.0,Training,PyTorch,2154.3,128,3715.6,10,73.45
12.0,FineTuning,PyTorch,913.3,128,7070.4,30,81.18
48.0,Inference,PyTorch,2080.8,32,6756.2,30,48.76
8.0,Training,TensorFlow,1058.6,64,10216.2,100,360.0
8.0,Training,TensorFlow,849.2,8,12767.3,10,360.0
10.0,FineTuning,PyTorch,1139.1,256,7426.1,100,300.37
4.0,Inference,PyTorch,60.9,64,7423.8,20,7.96
80.0,Inference,PyTorch,2302.1,8,9163.9,5,29.21
48.0,FineTuning,PyTorch,1580.5,256,11162.9,30,35.32
48.0,FineTuning,PyTorch,3599.8,8,3099.4,5,117.6
16.0,FineTuning,TensorFlow,210.8,256,14431.7,10,6.41
24.0,FineTuning,PyTorch,220.6,32,1471.6,50,14.92
16.0,FineTuning,TensorFlow,3549.2,32,444.2,100,282.31
80.0,Inference,TensorFlow,550.2,16,5446.0,100,46.79
8.0,FineTuning,PyTorch,58.5,8,10551.4,5,42.54
8.0,FineTuning,PyTorch,756.7,8,14673.3,5,360.0
8.0,FineTuning,PyTorch,3304.3,8,13998.1,10,360.0
8.0,FineTuning,PyTorch,3220.7,32,10358.5,10,360.0
80.0,FineTuning,PyTorch,1393.5,256,6604.5,30,11.99
10.0,FineTuning,JAX,2688.7,8,8977.4,50,360.0
24.0,Training,TensorFlow,2053.6,16,14533.0,50,360.0
80.0,Training,JAX,3623.7,128,4056.0,5,12.2
24.0,FineTuning,PyTorch,272.9,16,7226.4,50,198.24
80.0,Inference,PyTorch,3262.1,256,10424.2,10,5.11
8.0,Training,PyTorch,723.9,128,253.5,100,23.86
10.0,FineTuning,PyTorch,1596.9,32,5780.8,10,216.78
48.0,Training,PyTorch,808.2,256,8561.9,10,8.42
16.0,Training,PyTorch,2825.3,64,13523.7,5,274.15
12.0,Inference,PyTorch,2729.4,256,14880.8,20,53.22
10.0,Inference,JAX,2214.2,32,8389.2,10,102.86
48.0,Training,JAX,2807.7,64,14174.2,50,360.0
4.0,FineTuning,PyTorch,2576.3,128,1579.1,50,295.13
80.0,Training,TensorFlow,3116.9,64,10548.9,10,78.46
4.0,Inference,PyTorch,995.7,128,6068.3,100,252.24
48.0,Training,PyTorch,1744.2,256,11289.5,20,44.37
10.0,Training,TensorFlow,648.9,64,13029.1,5,96.13
80.0,FineTuning,PyTorch,1746.9,128,900.5,10,1.69
12.0,Inference,TensorFlow,2821.7,256,14038.6,5,14.96
8.0,Training,PyTorch,2781.0,64,1115.5,20,150.93
80.0,FineTuning,TensorFlow,2852.2,128,11325.6,10,23.96
80.0,Training,JAX,1269.6,16,1129.1,100,120.31
10.0,Inference,PyTorch,2665.7,8,12939.1,10,360.0
10.0,Training,PyTorch,1501.5,16,3154.2,10,351.42
48.0,Inference,PyTorch,3780.7,32,6567.6,30,81.57
6.0,FineTuning,PyTorch,1406.3,64,13996.1,10,360.0
80.0,Training,PyTorch,2431.9,256,11901.8,10,20.5
16.0,Inference,TensorFlow,3013.1,128,11808.1,100,360.0
80.0,Inference,PyTorch,3630.3,16,11473.6,20,151.17
48.0,FineTuning,JAX,1779.8,16,8584.6,20,324.9
24.0,Training,TensorFlow,1473.9,256,14276.3,30,117.92
4.0,FineTuning,PyTorch,1748.6,128,12491.4,10,360.0
8.0,FineTuning,PyTorch,1328.6,64,6660.3,50,360.0
6.0,FineTuning,PyTorch,2633.0,256,11164.1,5,67.2
12.0,FineTuning,PyTorch,3734.2,32,14971.8,100,360.0
12.0,Training,PyTorch,548.0,32,13077.9,10,238.52
12.0,FineTuning,PyTorch,2265.6,256,118.2,100,7.44
10.0,FineTuning,PyTorch,3595.7,32,11094.5,30,360.0
12.0,Training,PyTorch,445.5,128,13478.4,50,284.17
8.0,FineTuning,TensorFlow,2000.8,16,4983.5,20,360.0
4.0,FineTuning,TensorFlow,3467.7,256,14664.6,5,181.76
12.0,FineTuning,PyTorch,3606.8,32,6079.4,30,360.0
80.0,Training,PyTorch,2081.7,16,6375.5,20,314.57
80.0,FineTuning,TensorFlow,148.6,256,2497.0,10,1.27
10.0,Training,JAX,467.3,32,1539.3,30,91.46
8.0,FineTuning,PyTorch,2367.5,32,8095.3,10,360.0
4.0,FineTuning,PyTorch,539.2,256,9081.4,30,133.95
6.0,FineTuning,PyTorch,640.2,64,5566.8,30,226.73
48.0,Training,PyTorch,3099.9,128,9138.5,10,51.81
4.0,FineTuning,PyTorch,3015.2,64,5980.6,30,360.0
48.0,Inference,PyTorch,3379.0,16,13036.0,100,360.0
24.0,Training,PyTorch,467.7,16,14312.0,20,360.0
48.0,Inference,PyTorch,832.7,256,8943.8,100,13.58
16.0,FineTuning,PyTorch,3340.2,128,12649.9,100,360.0
80.0,FineTuning,PyTorch,2898.3,32,12820.7,20,192.55
8.0,Training,TensorFlow,3233.5,128,10735.1,5,179.29
10.0,Training,PyTorch,3959.5,32,2960.8,5,235.5
16.0,Inference,JAX,3464.5,8,2408.6,30,360.0
48.0,Training,PyTorch,2105.8,8,13800.3,20,360.0
12.0,Training,PyTorch,1277.5,128,4049.4,100,360.0
8.0,FineTuning,PyTorch,2300.2,8,3770.3,10,360.0
16.0,Training,PyTorch,2572.4,8,2575.3,30,360.0
10.0,FineTuning,PyTorch,1374.5,16,7959.1,100,360.0
80.0,FineTuning,PyTorch,3095.2,32,10187.3,10,91.67
8.0,Inference,TensorFlow,416.4,256,10174.8,50,18.08
10.0,FineTuning,TensorFlow,3128.6,8,3989.7,5,360.0
24.0,Training,PyTorch,176.4,64,1512.3,30,9.37
24.0,Training,TensorFlow,2017.0,16,4722.1,30,360.0
10.0,FineTuning,PyTorch,3452.7,32,7601.2,10,360.0
16.0,Training,PyTorch,391.7,16,9225.4,5,95.07
8.0,Inference,PyTorch,2095.1,64,4131.9,10,37.73
16.0,FineTuning,PyTorch,679.6,256,2829.1,10,5.28
6.0,Training,PyTorch,3584.5,32,12639.5,5,360.0
48.0,Inference,PyTorch,3337.8,128,12883.1,50,70.95
6.0,Training,PyTorch,3739.0,128,4271.3,20,360.0
24.0,Training,PyTorch,3506.2,16,8445.7,100,360.0
80.0,FineTuning,PyTorch,2959.4,256,6653.4,20,13.81
4.0,Inference,PyTorch,780.3,128,2215.3,50,35.57
48.0,FineTuning,PyTorch,1244.9,32,14114.7,5,49.39
24.0,Training,PyTorch,2012.6,64,245.8,30,13.22
16.0,Training,TensorFlow,2376.1,64,2894.9,5,42.33
16.0,Training,PyTorch,3139.6,128,5248.9,100,360.0
16.0,Training,PyTorch,946.5,8,12861.3,10,360.0
80.0,Training,PyTorch,556.7,8,11850.9,100,360.0
6.0,FineTuning,TensorFlow,1956.3,256,8740.3,5,39.32
4.0,Inference,PyTorch,673.5,8,10455.8,20,360.0
16.0,Training,PyTorch,2790.3,128,5179.6,30,269.83
48.0,Training,PyTorch,2323.7,128,14114.1,100,360.0
8.0,Inference,JAX,2977.4,128,499.1,50,13.83
4.0,FineTuning,PyTorch,300.6,32,1603.8,5,17.27
80.0,Inference,PyTorch,3860.6,8,13890.8,30,360.0
4.0,Training,PyTorch,50.0,16,14181.3,100,360.0
8.0,Training,PyTorch,1335.5,256,7409.5,30,206.53
48.0,FineTuning,PyTorch,2734.6,32,8689.3,20,267.01
8.0,FineTuning,TensorFlow,228.3,256,13547.8,10,13.99
10.0,FineTuning,PyTorch,379.2,256,12816.2,30,51.14
48.0,FineTuning,PyTorch,352.9,32,12943.1,30,62.0
4.0,Training,PyTorch,2347.0,128,5639.6,5,164.94
16.0,FineTuning,PyTorch,3588.9,128,12475.2,50,360.0
4.0,FineTuning,PyTorch,2244.0,32,1132.7,5,69.01
4.0,Training,PyTorch,2434.1,128,7355.8,20,360.0
48.0,FineTuning,PyTorch,1416.7,8,3637.4,30,281.99
10.0,FineTuning,PyTorch,124.0,32,633.4,10,3.29
4.0,Training,PyTorch,135.4,256,9296.4,30,51.11
24.0,Training,TensorFlow,3558.8,32,1235.1,10,68.98
12.0,Training,PyTorch,455.2,32,1890.4,10,36.02
12.0,Training,TensorFlow,3999.2,128,1318.0,100,360.0
4.0,FineTuning,PyTorch,699.5,32,14628.2,100,360.0
16.0,Inference,PyTorch,2714.8,16,684.7,10,13.49
80.0,Training,PyTorch,3798.4,16,4119.4,50,360.0
80.0,Training,PyTorch,1481.0,8,9814.8,5,133.1
48.0,Inference,PyTorch,2951.0,32,12368.4,100,360.0
12.0,Training,TensorFlow,1435.9,32,9162.2,20,360.0
4.0,Training,JAX,1254.5,256,14649.9,100,360.0
80.0,Training,PyTorch,847.1,128,5131.9,50,23.08
4.0,FineTuning,TensorFlow,3292.7,256,7132.9,50,360.0
48.0,Training,PyTorch,1066.7,64,12337.4,10,64.26
12.0,FineTuning,JAX,1168.5,256,10257.3,50,148.03
8.0,Training,PyTorch,3995.9,64,3289.6,20,360.0
24.0,Training,TensorFlow,1342.9,32,7530.1,20,360.0
24.0,Training,PyTorch,1720.0,8,14641.8,30,360.0
80.0,FineTuning,TensorFlow,3960.7,16,12959.0,50,360.0
24.0,FineTuning,PyTorch,1508.7,32,2957.9,100,360.0
8.0,Training,PyTorch,1496.3,32,2778.8,30,360.0
4.0,Training,PyTorch,3319.5,8,12443.1,100,360.0
48.0,FineTuning,TensorFlow,1282.1,8,3063.5,20,132.37
8.0,Inference,PyTorch,973.5,64,6846.6,50,143.08
48.0,Training,PyTorch,1721.7,32,2793.3,10,34.37
48.0,FineTuning,PyTorch,2817.5,32,318.5,10,4.54
12.0,Training,TensorFlow,220.8,128,13143.5,50,102.93
4.0,Training,PyTorch,1527.0,16,11707.2,100,360.0
24.0,Training,PyTorch,1417.7,128,7111.8,30,118.17
12.0,FineTuning,JAX,1017.0,128,2477.7,30,34.09
48.0,Training,PyTorch,2634.4,16,12115.6,10,360.0
80.0,Inference,PyTorch,1195.5,32,5454.6,30,17.6
24.0,FineTuning,PyTorch,2446.6,64,9963.0,10,107.91
24.0,Inference,TensorFlow,2042.1,16,4818.7,5,27.34
4.0,Training,PyTorch,907.9,8,6541.1,10,360.0
10.0,Training,PyTorch,1102.9,32,8078.5,5,180.55
6.0,Inference,TensorFlow,723.9,16,11454.0,50,360.0
6.0,FineTuning,PyTorch,273.7,16,12497.8,5,136.53
6.0,Inference,TensorFlow,2495.8,256,6708.8,20,41.12
10.0,Training,PyTorch,2707.5,16,3572.3,100,360.0
4.0,Training,PyTorch,705.7,64,2389.4,30,258.5
10.0,FineTuning,PyTorch,2480.8,128,5177.1,5,36.39
6.0,Training,PyTorch,3929.2,128,12046.6,20,360.0
12.0,FineTuning,PyTorch,343.9,256,4182.3,20,8.18
8.0,Training,PyTorch,1987.0,16,808.0,30,360.0
48.0,Training,JAX,2945.5,16,8507.7,10,348.17
10.0,Training,PyTorch,231.7,128,600.8,20,3.01
4.0,Training,TensorFlow,3124.2,64,13285.4,100,360.0
4.0,Training,PyTorch,3919.1,32,10203.1,5,360.0
8.0,FineTuning,PyTorch,399.5,128,3927.0,30,40.21
80.0,Training,TensorFlow,3297.8,16,7089.5,5,114.89
24.0,Training,PyTorch,1545.4,64,11114.3,10,173.9
6.0,Inference,TensorFlow,619.3,64,13743.7,30,139.91
80.0,FineTuning,PyTorch,1998.1,256,13129.4,20,19.77
6.0,Training,PyTorch,332.5,16,1136.0,5,31.36
8.0,FineTuning,PyTorch,2112.3,8,1309.0,100,360.0
6.0,Inference,PyTorch,126.5,64,9006.1,5,4.25
8.0,Training,PyTorch,2928.0,128,7497.8,100,360.0
16.0,Training,TensorFlow,1977.5,8,4464.8,20,360.0
80.0,FineTuning,PyTorch,1862.8,256,14645.0,20,19.4
80.0,Training,PyTorch,825.0,32,11219.4,10,47.41
24.0,FineTuning,TensorFlow,1477.0,128,10341.0,10,32.58
8.0,Inference,TensorFlow,768.4,256,2801.8,20,4.44
10.0,Inference,PyTorch,2954.8,256,4330.6,30,33.26
16.0,Training,PyTorch,836.1,256,9114.8,20,55.5
12.0,Training,PyTorch,2486.2,16,11954.4,20,360.0
6.0,Inference,PyTorch,1154.4,8,13972.8,50,360.0
16.0,FineTuning,PyTorch,2645.1,256,10496.1,30,137.69
8.0,Training,JAX,2184.8,256,6337.7,30,232.74
48.0,FineTuning,PyTorch,1722.6,256,10397.1,100,105.29
6.0,Training,PyTorch,2708.4,128,1130.7,10,42.89
4.0,Training,TensorFlow,1692.1,256,9041.2,10,184.72
80.0,Inference,PyTorch,3294.4,64,13429.9,10,19.98
8.0,Training,TensorFlow,2931.9,16,9590.5,5,360.0
4.0,Training,PyTorch,2185.5,8,212.4,30,360.0
24.0,Training,PyTorch,3514.4,64,10448.3,50,360.0
12.0,FineTuning,TensorFlow,3324.0,256,10924.0,10,75.69
12.0,Training,PyTorch,2150.8,16,8164.3,10,360.0
4.0,FineTuning,TensorFlow,320.4,16,12259.7,10,360.0
80.0,FineTuning,PyTorch,2285.7,8,3114.1,10,86.02
24.0,Inference,TensorFlow,1453.3,8,6193.8,10,94.65
48.0,Training,PyTorch,2183.4,8,12133.0,5,360.0
80.0,Inference,PyTorch,2606.2,128,9095.0,50,21.66
16.0,Training,PyTorch,2597.1,16,14916.0,30,360.0
12.0,FineTuning,PyTorch,2710.4,256,1132.0,50,36.31
16.0,Training,PyTorch,2733.1,32,3740.2,20,360.0
6.0,Training,PyTorch,481.7,64,3067.0,100,360.0
10.0,FineTuning,PyTorch,807.3,8,14648.2,30,360.0
8.0,Training,PyTorch,2540.6,16,13052.0,10,360.0
24.0,Training,TensorFlow,1662.3,256,2083.5,20,15.11
80.0,Training,PyTorch,3063.3,64,5371.7,100,360.0
12.0,FineTuning,PyTorch,543.4,32,883.7,20,18.7
16.0,Training,PyTorch,806.5,64,9525.3,20,195.51
6.0,Training,PyTorch,2255.9,32,5034.8,20,360.0
8.0,Training,JAX,2028.0,256,3937.7,10,57.41
8.0,FineTuning,PyTorch,1102.3,8,7894.4,100,360.0
80.0,Training,PyTorch,1663.0,128,11953.7,20,58.3
24.0,Training,PyTorch,188.2,32,6118.4,50,117.77
48.0,Training,TensorFlow,196.3,8,11386.0,10,64.23
80.0,Training,PyTorch,425.0,64,6747.4,20,16.18
16.0,FineTuning,TensorFlow,2328.3,256,3296.4,20,26.19
10.0,FineTuning,PyTorch,3461.7,64,6748.5,50,360.0
4.0,Inference,TensorFlow,1077.9,64,8117.0,100,360.0
48.0,Training,PyTorch,184.1,256,6977.5,5,1.45
24.0,Inference,JAX,2849.1,256,4187.4,5,3.32
6.0,Training,PyTorch,3428.6,128,2858.0,50,360.0
48.0,Inference,PyTorch,595.8,16,14209.6,100,245.43
12.0,Training,TensorFlow,1573.7,32,4532.5,5,121.41
24.0,FineTuning,PyTorch,677.0,256,10610.0,30,23.92
10.0,Training,PyTorch,470.1,16,5176.3,100,360.0
12.0,Training,JAX,2610.3,64,14547.7,30,360.0
48.0,Inference,PyTorch,3871.8,128,14825.4,100,175.72
4.0,FineTuning,PyTorch,2728.8,8,12393.9,30,360.0
4.0,Inference,PyTorch,3940.0,128,8764.0,5,54.12
10.0,FineTuning,PyTorch,1765.9,256,8176.8,30,155.8
8.0,FineTuning,TensorFlow,3596.6,16,5001.5,30,360.0
6.0,Training,PyTorch,860.1,64,1918.2,5,24.43
8.0,Inference,PyTorch,515.7,32,1278.0,50,24.92
4.0,FineTuning,PyTorch,2825.0,128,7035.2,100,360.0
4.0,FineTuning,PyTorch,1517.1,16,14684.0,10,360.0
16.0,Training,JAX,1304.9,16,3778.5,30,360.0
12.0,FineTuning,TensorFlow,2701.6,8,6223.2,100,360.0
48.0,Inference,PyTorch,1367.3,32,9657.2,5,7.17
6.0,Training,PyTorch,2311.6,16,5330.9,10,360.0
10.0,Training,JAX,1232.8,32,154.1,10,7.36
48.0,Training,PyTorch,3145.8,64,6003.6,100,360.0
16.0,FineTuning,PyTorch,1283.9,256,12089.2,20,53.65
4.0,Training,PyTorch,2163.2,128,14165.0,10,360.0
10.0,Training,PyTorch,141.5,16,4198.9,30,144.5
4.0,Training,TensorFlow,3177.3,64,13832.5,50,360.0
6.0,FineTuning,PyTorch,2500.3,8,13020.5,100,360.0
12.0,Training,JAX,809.3,32,6160.2,30,360.0
48.0,Training,PyTorch,900.7,256,169.7,20,0.9
48.0,Inference,PyTorch,1086.8,64,12688.7,10,9.59
8.0,Inference,JAX,2327.3,32,4372.9,100,360.0
10.0,Training,TensorFlow,2215.8,256,11362.7,20,279.13
16.0,FineTuning,TensorFlow,1131.8,32,8615.6,30,360.0
8.0,FineTuning,PyTorch,2791.5,16,3402.8,30,360.0
6.0,Training,TensorFlow,3561.7,32,9758.4,30,360.0
16.0,Training,PyTorch,221.9,64,11496.1,50,165.23
12.0,FineTuning,PyTorch,1697.9,8,7169.2,30,360.0
12.0,Training,PyTorch,2394.4,16,11243.9,30,360.0
12.0,Training,PyTorch,2366.4,128,6134.1,10,122.77
12.0,Inference,TensorFlow,127.2,8,14705.7,100,356.98
8.0,FineTuning,PyTorch,881.7,64,3673.1,100,360.0
24.0,FineTuning,PyTorch,294.2,16,11690.0,100,360.0
16.0,Training,PyTorch,2297.4,256,11269.1,50,360.0
10.0,FineTuning,PyTorch,2599.3,256,7988.7,100,360.0
6.0,Training,PyTorch,681.0,32,5320.0,10,204.67
80.0,FineTuning,PyTorch,1365.4,8,6741.8,20,193.52
4.0,FineTuning,PyTorch,1352.7,16,9479.4,5,360.0
10.0,FineTuning,PyTorch,3288.2,128,8002.2,100,360.0
4.0,Training,JAX,818.9,128,11446.9,10,211.03
16.0,FineTuning,PyTorch,2215.8,128,5474.2,100,360.0
10.0,Inference,PyTorch,3142.6,256,1698.0,50,18.25
12.0,FineTuning,TensorFlow,3326.8,16,7633.4,10,360.0
12.0,Training,PyTorch,2682.9,8,3959.3,5,360.0
80.0,FineTuning,JAX,1233.1,32,9287.9,10,40.97
4.0,Training,PyTorch,3301.0,8,7852.8,100,360.0
6.0,Inference,TensorFlow,2981.6,32,11703.4,100,360.0
16.0,FineTuning,PyTorch,2832.7,8,8670.9,5,360.0
12.0,Training,PyTorch,316.0,8,6518.3,50,360.0
24.0,Training,PyTorch,220.9,16,1885.9,10,18.13
8.0,Training,PyTorch,2796.7,128,1890.1,50,340.85
8.0,Inference,TensorFlow,3781.9,128,9641.2,50,360.0
6.0,Training,PyTorch,3106.2,128,13223.2,20,360.0
8.0,FineTuning,PyTorch,3334.3,128,6280.3,20,263.43
4.0,Inference,PyTorch,2202.7,8,8008.8,10,360.0
12.0,Training,TensorFlow,1253.1,128,8909.1,10,80.58
12.0,Training,TensorFlow,2727.1,8,7211.7,100,360.0
24.0,FineTuning,PyTorch,2862.3,32,987.5,100,319.06
10.0,FineTuning,PyTorch,2717.7,64,8878.2,50,360.0
8.0,Training,PyTorch,3789.5,64,2142.8,20,360.0
4.0,Training,PyTorch,1500.4,32,8381.5,10,360.0
48.0,FineTuning,PyTorch,206.6,8,11653.1,10,56.52
8.0,Inference,PyTorch,3638.4,128,181.2,10,2.09
6.0,Training,JAX,684.0,16,6514.1,20,360.0
10.0,Training,TensorFlow,2804.4,8,11210.8,10,360.0
8.0,Training,PyTorch,3499.2,8,7975.2,50,360.0
4.0,Inference,PyTorch,1275.1,32,3606.1,10,76.9
8.0,Training,JAX,3330.1,32,10493.8,30,360.0
6.0,Inference,PyTorch,1361.6,16,11773.7,100,360.0
48.0,Training,PyTorch,3187.3,128,5501.6,5,20.63
16.0,Inference,JAX,325.8,64,4531.3,50,13.26
80.0,FineTuning,PyTorch,2638.2,256,8222.6,10,8.26
48.0,FineTuning,PyTorch,2724.7,128,5544.8,30,53.48
8.0,Training,PyTorch,1991.1,128,12555.5,20,360.0
12.0,FineTuning,PyTorch,2764.0,256,11707.8,50,360.0
24.0,Training,PyTorch,3696.6,256,4747.1,50,183.72
12.0,Training,PyTorch,2948.7,8,6909.0,10,360.0
48.0,Training,PyTorch,3847.1,16,13353.4,20,360.0
12.0,Inference,JAX,1822.0,8,2295.9,10,71.13
4.0,FineTuning,PyTorch,2136.7,32,11338.1,30,360.0
12.0,FineTuning,PyTorch,1091.8,256,4820.4,5,8.07
10.0,FineTuning,PyTorch,3943.1,64,1880.2,100,360.0
16.0,Training,PyTorch,267.8,16,1843.0,100,301.51
8.0,Inference,TensorFlow,1466.6,16,4216.7,20,197.62
12.0,FineTuning,PyTorch,1225.9,128,8266.4,5,29.89
6.0,FineTuning,PyTorch,1576.7,8,13627.6,30,360.0
16.0,FineTuning,PyTorch,3675.0,128,4614.6,50,290.88
16.0,Inference,PyTorch,1503.7,128,3068.5,30,11.99
12.0,Inference,PyTorch,3672.1,16,7232.0,100,360.0
16.0,FineTuning,PyTorch,1722.2,64,2433.8,5,14.27
24.0,Training,PyTorch,3426.3,32,4148.2,20,360.0
12.0,FineTuning,JAX,2110.9,128,14800.8,10,190.74
4.0,FineTuning,TensorFlow,1279.8,256,8415.0,5,38.08
48.0,Training,TensorFlow,1824.9,64,11780.3,20,191.86
10.0,Training,TensorFlow,1726.3,256,3256.0,5,16.14
80.0,Training,TensorFlow,1076.7,128,7849.0,100,111.63
16.0,FineTuning,JAX,1194.1,64,7706.9,50,360.0
4.0,Training,PyTorch,786.5,8,12208.8,100,360.0
8.0,Training,PyTorch,1377.2,256,421.4,50,19.1
8.0,FineTuning,TensorFlow,2516.4,32,12921.1,10,360.0
10.0,FineTuning,PyTorch,1576.9,16,1286.0,50,360.0
16.0,Training,PyTorch,2863.7,8,13757.3,30,360.0
24.0,Training,PyTorch,3948.6,128,2228.3,100,360.0
10.0,Inference,PyTorch,1539.5,128,8030.4,100,210.04
16.0,FineTuning,PyTorch,1877.4,32,1580.9,100,360.0
4.0,Training,PyTorch,698.2,256,6763.2,10,53.02
48.0,Inference,PyTorch,1599.3,256,4559.3,100,11.61
24.0,Training,TensorFlow,2921.0,32,6359.4,5,142.51
80.0,Inference,TensorFlow,908.7,32,8221.0,100,62.09
8.0,Training,TensorFlow,769.1,128,6945.6,30,189.59
6.0,Training,TensorFlow,1536.7,128,445.1,20,22.96
4.0,Training,PyTorch,3283.7,16,12965.5,5,360.0
8.0,Training,PyTorch,2513.4,32,1514.8,100,360.0
12.0,FineTuning,PyTorch,3832.4,64,14711.3,100,360.0
6.0,FineTuning,JAX,3622.9,16,12784.6,100,360.0
8.0,Inference,PyTorch,647.0,64,8464.5,50,93.09
10.0,Training,TensorFlow,218.1,8,3753.4,5,76.86
24.0,Training,PyTorch,1626.4,32,1385.1,50,167.08
8.0,Training,JAX,2112.2,16,10110.3,30,360.0
80.0,Training,PyTorch,2086.5,256,3102.5,100,48.72
48.0,FineTuning,TensorFlow,579.7,16,11025.0,30,158.08
10.0,Training,PyTorch,543.0,8,12504.4,30,360.0
4.0,FineTuning,PyTorch,235.1,8,14835.6,100,360.0
4.0,FineTuning,PyTorch,3410.9,8,7612.8,10,360.0
4.0,Training,JAX,3793.6,16,14622.6,50,360.0
4.0,FineTuning,PyTorch,507.0,128,2324.9,5,9.34
48.0,Training,JAX,891.8,64,12560.1,100,360.0
8.0,Training,TensorFlow,405.0,256,5461.0,5,6.73
16.0,FineTuning,TensorFlow,3516.1,256,5535.7,5,18.25
8.0,FineTuning,PyTorch,3836.9,64,4102.8,10,245.8
12.0,Training,PyTorch,1084.1,256,2683.8,10,12.08
24.0,FineTuning,PyTorch,1249.2,8,6689.0,50,360.0
6.0,Training,JAX,1482.5,256,14810.6,10,154.72
16.0,FineTuning,JAX,2034.7,128,5015.6,100,326.69
16.0,FineTuning,TensorFlow,2745.7,128,6970.1,30,206.07
8.0,FineTuning,PyTorch,2042.3,8,3504.7,5,360.0
16.0,Inference,PyTorch,3806.5,32,5123.1,30,234.41
12.0,FineTuning,JAX,444.6,16,921.6,10,20.24
6.0,Training,PyTorch,3204.5,32,14344.9,5,360.0
80.0,Training,TensorFlow,1371.2,128,7696.1,20,26.8
48.0,Inference,PyTorch,1541.3,8,11021.0,30,268.13
8.0,Training,PyTorch,2849.9,16,7748.0,20,360.0
48.0,FineTuning,TensorFlow,3721.0,64,11575.9,50,360.0
80.0,FineTuning,PyTorch,2879.0,256,8057.9,100,100.77
8.0,FineTuning,PyTorch,3114.6,128,10553.0,30,360.0
8.0,FineTuning,JAX,3015.6,16,10303.5,5,360.0
6.0,FineTuning,PyTorch,1317.9,16,8050.1,5,352.37
48.0,FineTuning,TensorFlow,3039.9,32,3535.7,100,360.0
4.0,Inference,TensorFlow,3148.9,64,3256.5,20,170.51
48.0,FineTuning,PyTorch,2156.9,32,13127.1,5,74.0
24.0,Training,PyTorch,2170.2,32,1898.2,100,360.0
24.0,FineTuning,PyTorch,3050.9,32,8432.7,30,360.0
8.0,FineTuning,PyTorch,3277.3,32,7587.8,10,360.0
4.0,Inference,PyTorch,1381.9,128,11996.2,10,62.28
10.0,Training,TensorFlow,3216.2,64,2117.4,100,360.0
80.0,Training,PyTorch,3266.1,32,10340.7,5,102.42
12.0,Inference,PyTorch,974.8,128,9127.2,50,52.36
4.0,FineTuning,PyTorch,2882.0,256,10547.8,30,360.0
12.0,Training,PyTorch,786.8,128,9356.3,50,271.84
48.0,FineTuning,PyTorch,417.5,16,8482.0,20,61.01
48.0,Inference,TensorFlow,2319.4,16,13901.4,100,360.0
12.0,Inference,PyTorch,3639.2,8,5295.0,5,161.35
80.0,FineTuning,PyTorch,190.1,128,2851.8,100,4.83
4.0,Training,PyTorch,3314.7,8,11951.6,20,360.0
10.0,Inference,PyTorch,2050.6,128,2032.4,50,39.39
8.0,FineTuning,PyTorch,3450.5,32,10227.9,30,360.0
6.0,Inference,JAX,3381.7,32,8288.4,50,360.0
48.0,Training,PyTorch,3507.4,8,119.1,10,17.47
24.0,Training,PyTorch,3087.1,32,3673.9,50,360.0
80.0,FineTuning,PyTorch,3379.8,32,7489.0,50,360.0
6.0,Training,PyTorch,745.3,16,5012.8,50,360.0
10.0,FineTuning,PyTorch,1250.2,32,6460.7,50,360.0
16.0,Inference,PyTorch,1007.8,16,9058.9,30,250.88
8.0,FineTuning,PyTorch,2982.6,64,10989.3,5,220.17
48.0,Inference,PyTorch,656.9,128,2353.0,30,3.08
8.0,FineTuning,PyTorch,769.8,16,4315.4,100,360.0
6.0,FineTuning,PyTorch,3521.9,256,9583.7,20,285.64
8.0,Inference,PyTorch,2838.2,256,8867.8,10,22.38
16.0,FineTuning,TensorFlow,3507.8,16,11079.0,5,360.0
6.0,FineTuning,PyTorch,600.5,16,9643.6,100,360.0
48.0,FineTuning,TensorFlow,1626.0,256,5019.2,100,41.74
4.0,FineTuning,PyTorch,1168.4,128,7538.6,10,112.71
24.0,Training,PyTorch,88.2,128,13282.7,10,5.1
6.0,Inference,PyTorch,1173.9,128,2872.7,5,5.22
16.0,Inference,TensorFlow,1549.4,256,5713.5,100,44.38
6.0,FineTuning,PyTorch,414.3,32,12641.8,100,360.0
6.0,FineTuning,PyTorch,2287.6,16,5526.5,5,360.0
48.0,FineTuning,PyTorch,1563.5,128,6242.2,100,117.84
6.0,FineTuning,PyTorch,233.5,64,4856.4,20,53.25
24.0,FineTuning,PyTorch,2830.7,256,13502.9,30,120.53
8.0,Inference,PyTorch,2930.7,128,9983.8,5,32.53
48.0,Training,PyTorch,3346.2,8,3210.8,100,360.0
24.0,Training,PyTorch,1967.9,8,11269.5,20,360.0
48.0,Inference,PyTorch,3876.2,16,673.9,50,29.92
24.0,FineTuning,PyTorch,3660.6,16,6006.5,5,205.75
16.0,Inference,PyTorch,2227.8,16,13655.6,30,360.0
24.0,Training,PyTorch,1807.6,32,10377.8,50,360.0
12.0,Training,PyTorch,62.0,256,11917.1,50,14.93
24.0,Inference,PyTorch,2858.4,8,13976.6,50,360.0
4.0,Training,PyTorch,2281.6,8,11640.8,50,360.0
4.0,Inference,PyTorch,3753.3,16,1419.9,10,159.32
80.0,Inference,PyTorch,2397.2,256,3536.6,30,2.72
12.0,FineTuning,PyTorch,3971.8,8,7549.9,20,360.0
12.0,Training,PyTorch,3422.6,8,306.5,5,68.9
8.0,FineTuning,PyTorch,3816.7,32,9406.5,20,360.0
12.0,Inference,PyTorch,1344.3,64,9892.9,10,34.02
8.0,Training,PyTorch,639.9,16,10477.1,50,360.0
80.0,Training,JAX,3197.6,64,8380.3,100,360.0
80.0,Training,PyTorch,3155.5,64,6840.5,5,29.0
16.0,Training,PyTorch,885.2,32,12847.7,30,360.0
4.0,Inference,PyTorch,3070.7,8,11533.3,5,360.0
24.0,Inference,PyTorch,2348.8,16,9224.1,5,52.02
24.0,Inference,JAX,482.6,128,785.6,20,1.73
10.0,FineTuning,TensorFlow,2032.0,64,10439.5,100,360.0
48.0,FineTuning,TensorFlow,3728.0,256,8416.6,50,91.14
16.0,Training,JAX,2050.5,64,10433.0,30,360.0
10.0,FineTuning,PyTorch,3165.4,32,4740.0,5,160.13
10.0,FineTuning,PyTorch,164.2,64,11677.1,10,23.23
6.0,Inference,TensorFlow,2925.9,64,6327.3,10,79.05
6.0,Inference,PyTorch,3790.0,64,13427.6,100,360.0
10.0,Inference,JAX,2023.1,32,1649.8,50,88.12
12.0,Inference,PyTorch,1384.0,8,7319.8,100,360.0
48.0,Inference,PyTorch,2604.3,256,3165.5,5,1.79
16.0,Training,JAX,3669.2,64,6856.7,50,360.0
10.0,Inference,PyTorch,748.2,16,5371.1,5,26.98
24.0,FineTuning,TensorFlow,1644.6,256,12071.2,30,83.08
48.0,Training,PyTorch,667.3,64,2590.8,10,7.82
6.0,Training,PyTorch,2011.8,64,9020.9,100,360.0
24.0,FineTuning,JAX,2184.7,16,6156.6,20,360.0
6.0,Training,PyTorch,3779.6,32,7819.3,100,360.0
6.0,FineTuning,PyTorch,1679.4,128,10744.6,50,360.0
48.0,FineTuning,PyTorch,2289.5,16,5420.8,30,343.39
6.0,Inference,TensorFlow,3546.8,128,5569.1,10,48.79
80.0,Inference,TensorFlow,1319.5,8,1244.4,30,18.85
4.0,FineTuning,PyTorch,2712.9,8,8324.0,100,360.0
80.0,Training,PyTorch,3040.8,64,6311.9,100,360.0
4.0,Training,TensorFlow,1355.6,256,12203.1,20,360.0
6.0,Training,TensorFlow,699.1,64,6645.0,5,69.83
16.0,Training,PyTorch,2036.5,32,14564.9,5,360.0
16.0,Inference,PyTorch,1459.4,128,2659.6,30,13.03
4.0,FineTuning,TensorFlow,1102.5,8,4079.2,30,360.0
24.0,Training,PyTorch,3895.0,8,5939.5,50,360.0
48.0,Training,JAX,2033.5,64,2639.3,30,58.08
6.0,FineTuning,PyTorch,3433.1,64,14587.5,5,360.0
48.0,FineTuning,PyTorch,821.5,32,9650.3,100,360.0
80.0,Training,PyTorch,3760.8,64,266.9,30,7.92
16.0,Inference,JAX,3188.0,256,8719.8,10,12.34
12.0,Training,PyTorch,3244.3,64,11740.6,10,360.0
80.0,Training,PyTorch,1589.6,256,864.4,5,1.38
80.0,Training,PyTorch,1968.3,256,8711.1,30,27.19
4.0,FineTuning,TensorFlow,2393.7,32,5677.2,100,360.0
8.0,Training,PyTorch,3169.6,64,8764.0,30,360.0
80.0,Training,PyTorch,3403.8,256,3863.8,30,26.24
6.0,Training,PyTorch,358.3,256,10023.6,10,27.45
10.0,FineTuning,PyTorch,3621.0,64,10102.9,5,242.06
10.0,Training,PyTorch,3753.1,64,8138.6,50,360.0
6.0,Training,PyTorch,2391.9,128,13863.9,100,360.0
8.0,Training,PyTorch,787.7,8,13651.2,10,360.0
8.0,Training,TensorFlow,3282.7,16,808.3,5,150.7
4.0,FineTuning,TensorFlow,2216.9,8,4419.4,5,360.0
16.0,Training,JAX,3277.9,128,5527.5,50,360.0
48.0,Training,PyTorch,3268.5,16,923.5,20,91.78
8.0,FineTuning,TensorFlow,392.6,8,7902.2,50,360.0
12.0,Training,PyTorch,2447.7,32,466.3,50,223.08
4.0,Training,PyTorch,1958.4,128,10203.2,5,281.88
24.0,Training,PyTorch,3787.2,32,140.1,20,21.51
4.0,Inference,PyTorch,1221.7,32,575.9,20,20.94
80.0,FineTuning,PyTorch,863.7,8,12522.9,30,360.0
48.0,Inference,PyTorch,3593.5,256,3863.9,50,10.67
24.0,Inference,PyTorch,637.4,16,1310.3,50,26.17
24.0,Inference,PyTorch,2761.8,256,6052.1,20,12.35
12.0,FineTuning,PyTorch,1235.1,64,859.1,20,19.17
12.0,FineTuning,PyTorch,2293.0,64,11281.1,100,360.0
12.0,Training,PyTorch,2484.1,128,7462.8,20,360.0
4.0,Training,PyTorch,1698.6,32,8323.8,5,360.0
48.0,FineTuning,PyTorch,3901.1,128,11319.9,5,28.32
4.0,Inference,PyTorch,570.7,8,11788.4,5,174.06
10.0,FineTuning,PyTorch,1596.0,32,2130.3,100,360.0
80.0,FineTuning,TensorFlow,1750.1,64,4276.2,50,51.5
80.0,FineTuning,PyTorch,2542.6,8,2717.4,100,360.0
12.0,Training,PyTorch,1658.7,8,905.2,100,360.0
10.0,Training,TensorFlow,433.3,256,8109.0,20,33.63
8.0,FineTuning,PyTorch,3792.3,128,3822.0,5,54.91
8.0,Training,PyTorch,1693.5,128,2394.3,30,183.36
12.0,FineTuning,PyTorch,1403.6,256,7701.2,20,66.63
4.0,Inference,PyTorch,1814.6,16,9546.8,100,360.0
12.0,Inference,PyTorch,905.6,64,11604.3,20,49.6
16.0,Training,TensorFlow,445.9,64,360.7,100,19.58
24.0,Inference,PyTorch,636.9,128,7941.6,20,7.26
80.0,Training,PyTorch,708.3,64,4079.4,5,5.2
8.0,Training,PyTorch,830.8,64,14874.7,10,306.68
6.0,FineTuning,TensorFlow,1708.8,8,2438.4,30,360.0
8.0,Training,TensorFlow,2514.4,256,6623.9,30,318.8
80.0,Training,PyTorch,2534.1,256,14553.4,10,22.43
24.0,Training,PyTorch,50.4,32,3275.1,30,8.32
80.0,FineTuning,PyTorch,3687.8,32,12122.8,5,59.59
6.0,Training,PyTorch,3300.2,16,3721.3,20,360.0
12.0,FineTuning,PyTorch,3857.6,32,1221.4,10,81.64
10.0,FineTuning,PyTorch,1471.9,256,737.1,20,8.03
6.0,FineTuning,JAX,2676.0,64,14236.2,100,360.0
80.0,Inference,PyTorch,713.7,256,3272.1,30,1.87
80.0,Training,PyTorch,3277.3,8,4450.1,50,360.0
16.0,Training,PyTorch,687.4,256,14507.0,30,112.37
16.0,Training,PyTorch,1337.6,32,9895.1,30,360.0
48.0,Training,PyTorch,1988.8,64,7373.1,10,62.81
16.0,FineTuning,TensorFlow,2398.4,256,6587.8,20,65.46
4.0,Training,PyTorch,2260.6,64,823.6,10,103.39
10.0,Training,JAX,453.3,128,12600.3,5,25.0
24.0,FineTuning,PyTorch,1715.6,256,11454.3,20,43.24
6.0,FineTuning,PyTorch,3695.5,128,1451.4,5,26.85
80.0,FineTuning,PyTorch,3495.9,32,5366.5,5,26.71
48.0,Inference,PyTorch,2383.6,128,13292.6,10,11.0
48.0,FineTuning,PyTorch,2310.7,64,3623.0,30,65.39
24.0,FineTuning,PyTorch,491.1,64,9207.4,100,189.96
10.0,Training,PyTorch,841.0,128,7370.2,50,357.1
6.0,Inference,JAX,1047.9,8,12296.0,100,360.0
8.0,FineTuning,PyTorch,1978.4,128,637.2,30,30.65
16.0,Training,PyTorch,2938.9,8,12260.6,30,360.0
12.0,Training,PyTorch,1869.9,128,2122.2,20,67.08
48.0,FineTuning,PyTorch,547.9,64,324.6,10,1.64
16.0,Inference,PyTorch,1785.4,256,8973.0,20,17.82
16.0,Training,PyTorch,692.4,64,3953.8,50,167.07
4.0,Training,PyTorch,3017.0,128,10668.2,10,360.0
10.0,Inference,PyTorch,707.7,16,7099.8,100,360.0
12.0,Inference,TensorFlow,1956.0,8,9122.3,100,360.0
8.0,Training,TensorFlow,2789.0,16,10376.6,100,360.0
80.0,Training,PyTorch,951.4,64,13911.2,30,100.71
4.0,FineTuning,PyTorch,350.3,8,12364.3,5,360.0
16.0,Training,TensorFlow,2275.0,256,7477.2,30,143.67
16.0,Inference,PyTorch,264.1,128,6626.4,30,5.63
12.0,Training,PyTorch,2371.7,8,9854.7,10,360.0
12.0,Training,TensorFlow,3026.3,8,11029.7,30,360.0
12.0,Training,PyTorch,1350.8,32,2672.5,50,360.0
16.0,Training,TensorFlow,1979.0,256,584.6,30,11.25
48.0,Training,PyTorch,3718.6,8,6874.3,5,360.0
6.0,Training,PyTorch,1910.9,256,1581.9,10,22.22
16.0,FineTuning,PyTorch,3986.4,64,4163.7,100,360.0
4.0,Training,TensorFlow,670.2,256,8812.6,50,360.0
10.0,Inference,PyTorch,2850.3,16,2356.6,100,360.0
8.0,Training,PyTorch,2627.8,16,524.5,10,129.18
80.0,FineTuning,TensorFlow,3495.6,256,8363.6,5,6.79
8.0,Training,TensorFlow,415.2,128,7046.8,20,89.77
16.0,Training,TensorFlow,1156.8,32,4663.9,50,360.0
4.0,FineTuning,PyTorch,572.1,16,7084.9,5,267.48
16.0,FineTuning,TensorFlow,3735.7,16,10284.5,100,360.0
10.0,FineTuning,PyTorch,1735.2,8,1724.1,20,360.0
48.0,FineTuning,PyTorch,3644.8,256,3909.8,100,80.09
80.0,FineTuning,JAX,1212.9,64,11944.9,5,12.95
10.0,Training,PyTorch,549.2,256,10084.8,20,61.65
16.0,Inference,PyTorch,1221.3,256,4067.2,20,5.79
4.0,FineTuning,PyTorch,2408.8,64,6032.4,10,360.0
10.0,Inference,TensorFlow,3388.7,128,1884.3,30,31.88
24.0,Inference,PyTorch,1572.3,64,3871.6,30,24.9
4.0,Training,PyTorch,3663.5,16,12633.2,5,360.0
48.0,Training,PyTorch,1014.7,8,6662.1,20,360.0
16.0,FineTuning,PyTorch,2789.5,64,9640.4,30,360.0
12.0,FineTuning,TensorFlow,2956.1,32,2480.1,5,84.1
80.0,FineTuning,PyTorch,1132.2,32,2831.3,5,6.89
6.0,FineTuning,PyTorch,156.5,32,14119.7,50,360.0
12.0,Training,TensorFlow,1492.7,64,12637.4,10,259.15
16.0,Training,PyTorch,228.5,8,11875.9,10,285.09
24.0,Training,PyTorch,3608.0,64,5010.9,100,360.0
12.0,FineTuning,PyTorch,3816.4,16,8485.1,20,360.0
80.0,FineTuning,TensorFlow,2954.8,64,7435.9,30,84.09
4.0,Training,PyTorch,2920.4,256,14347.8,20,360.0
24.0,FineTuning,PyTorch,1001.5,32,3670.6,30,103.81
24.0,Training,PyTorch,342.0,32,14213.8,30,257.48
10.0,Training,PyTorch,3218.3,256,10632.1,30,360.0
80.0,FineTuning,TensorFlow,2258.7,8,6264.0,100,360.0
12.0,Training,TensorFlow,2742.4,128,4068.7,30,255.67
10.0,FineTuning,PyTorch,3129.6,32,11384.6,30,360.0
24.0,Inference,PyTorch,1667.3,32,12361.7,50,213.0
10.0,Inference,TensorFlow,621.0,128,5427.2,50,28.17
8.0,Training,PyTorch,3190.4,64,2661.0,30,360.0
80.0,FineTuning,PyTorch,1842.4,32,7434.4,100,360.0
48.0,FineTuning,TensorFlow,3316.4,8,7080.7,5,212.71
4.0,FineTuning,PyTorch,1778.9,64,10908.5,5,255.83
24.0,FineTuning,PyTorch,907.2,64,14600.5,10,74.58
80.0,Training,PyTorch,725.5,32,8016.1,30,95.28
48.0,Training,TensorFlow,2988.5,64,11002.6,5,67.81
48.0,FineTuning,PyTorch,2320.8,64,5323.6,10,33.72
16.0,FineTuning,TensorFlow,1648.2,8,9033.7,5,360.0
10.0,Training,JAX,1993.9,64,1818.4,10,72.13
48.0,Training,JAX,2221.1,256,12242.5,20,50.62
8.0,FineTuning,TensorFlow,995.7,32,5230.4,5,75.47
80.0,Training,PyTorch,1543.8,32,1292.6,30,27.26
6.0,Training,TensorFlow,1205.0,256,14859.4,30,360.0
6.0,Training,PyTorch,1584.3,256,13536.6,50,360.0
24.0,Training,TensorFlow,2027.2,256,3041.8,20,28.75
10.0,FineTuning,PyTorch,734.8,128,5511.7,20,47.61
48.0,Training,PyTorch,1604.4,16,14057.1,5,207.68
80.0,Training,PyTorch,1572.7,128,11965.3,10,24.04
24.0,Training,TensorFlow,1179.7,8,13605.5,100,360.0
12.0,Training,PyTorch,3994.1,8,8482.0,50,360.0
48.0,FineTuning,PyTorch,340.8,32,3722.4,20,11.42
10.0,Training,TensorFlow,2589.7,16,3483.1,20,360.0
6.0,FineTuning,PyTorch,739.0,128,7932.5,100,360.0
16.0,Training,PyTorch,3366.1,16,13867.6,30,360.0
80.0,Training,PyTorch,3661.1,32,9510.6,100,360.0
4.0,Training,PyTorch,1635.8,64,612.4,30,136.4
24.0,Training,PyTorch,3302.7,32,8451.1,10,360.0
80.0,FineTuning,JAX,1037.1,32,9165.8,5,18.2
80.0,FineTuning,PyTorch,603.3,16,8765.2,10,33.15
8.0,Inference,PyTorch,1297.7,8,10397.0,5,169.19
12.0,Training,PyTorch,1399.6,64,4473.4,50,360.0
48.0,Training,JAX,1619.6,64,2242.1,100,143.69
48.0,Training,PyTorch,1523.2,8,11275.7,20,360.0
10.0,FineTuning,PyTorch,1674.0,16,3025.7,10,207.4
4.0,Training,PyTorch,2854.6,16,1801.0,5,360.0
4.0,Training,TensorFlow,1020.0,8,5454.7,100,360.0
10.0,Training,TensorFlow,123.4,128,12508.0,50,70.68
16.0,Training,PyTorch,1984.2,16,1323.4,10,121.12
48.0,Inference,PyTorch,1820.8,8,3013.9,20,46.73
16.0,FineTuning,PyTorch,287.3,128,7181.4,50,34.6
80.0,FineTuning,PyTorch,578.5,32,4385.9,30,27.91
80.0,FineTuning,PyTorch,2064.2,64,10852.7,20,67.33
6.0,FineTuning,PyTorch,977.3,8,10156.0,30,360.0
4.0,Training,PyTorch,3516.5,16,12653.5,50,360.0
6.0,FineTuning,TensorFlow,734.5,64,3137.3,50,229.94
12.0,Training,PyTorch,129.5,128,9768.9,30,33.38
10.0,Training,PyTorch,1817.9,64,11643.5,5,213.55
10.0,FineTuning,PyTorch,3945.3,256,1033.7,100,100.95
80.0,FineTuning,PyTorch,2553.8,8,648.7,50,117.25
48.0,FineTuning,PyTorch,1448.4,32,8432.9,10,51.79
16.0,FineTuning,PyTorch,116.6,128,8859.0,100,39.35
4.0,Training,TensorFlow,1965.5,128,5952.9,10,273.55
6.0,Training,JAX,865.5,128,637.5,50,40.37
16.0,Training,TensorFlow,2608.6,64,6088.6,100,360.0
6.0,FineTuning,PyTorch,2352.9,32,9667.1,30,360.0
12.0,Inference,JAX,1097.6,8,10558.0,30,360.0
12.0,Training,PyTorch,322.1,8,7442.6,20,360.0
16.0,Training,PyTorch,3032.3,64,7922.9,30,360.0
16.0,FineTuning,PyTorch,2362.6,256,10122.8,5,20.48
16.0,Inference,PyTorch,3376.4,8,6794.6,5,200.2
6.0,FineTuning,TensorFlow,1076.2,8,4026.4,10,360.0
8.0,Training,PyTorch,2628.8,32,3422.3,50,360.0
16.0,Inference,PyTorch,518.8,64,11316.0,10,13.75
48.0,Inference,PyTorch,1202.6,64,7364.5,50,26.6
4.0,Training,TensorFlow,2643.3,128,9398.9,10,360.0
4.0,Inference,TensorFlow,3311.0,8,7119.5,50,360.0
6.0,FineTuning,PyTorch,1317.7,16,12300.7,50,360.0
16.0,Training,PyTorch,3205.5,256,7503.0,10,79.95
80.0,FineTuning,TensorFlow,2727.1,32,14822.0,20,222.43
10.0,Inference,PyTorch,1427.3,32,3714.8,5,16.09
8.0,FineTuning,PyTorch,3511.8,256,2164.0,30,70.81
48.0,Training,PyTorch,2061.5,256,5666.6,5,6.49
80.0,Inference,PyTorch,2610.6,16,13788.0,30,168.35
12.0,Training,PyTorch,2007.7,128,12799.5,50,360.0
80.0,FineTuning,PyTorch,1838.2,16,3785.6,100,358.99
6.0,FineTuning,PyTorch,3399.5,256,9035.5,10,129.58
8.0,Training,TensorFlow,1214.1,256,8875.2,10,59.12
24.0,Training,PyTorch,194.7,16,4471.6,30,100.78
24.0,Inference,PyTorch,3525.1,128,3607.2,10,7.59
16.0,Training,PyTorch,3308.8,16,5911.7,10,360.0
16.0,FineTuning,PyTorch,1497.9,128,11850.4,10,60.3
6.0,FineTuning,PyTorch,782.5,256,2956.6,5,5.55
16.0,FineTuning,JAX,2718.4,256,6741.3,10,38.79
10.0,FineTuning,PyTorch,361.1,256,7277.3,20,14.71
8.0,Training,PyTorch,1723.8,8,14093.0,30,360.0
6.0,Training,PyTorch,389.2,128,4622.5,5,13.34
4.0,Inference,PyTorch,2411.7,256,392.7,5,2.11
12.0,FineTuning,JAX,157.5,64,10436.6,50,68.89
6.0,Training,PyTorch,2535.5,64,11361.3,50,360.0
6.0,Inference,TensorFlow,2709.2,16,10575.2,10,360.0
24.0,FineTuning,JAX,1974.2,64,10541.0,5,50.43
48.0,Training,PyTorch,741.3,128,7300.1,100,111.4
48.0,Inference,PyTorch,450.5,8,378.0,5,1.56
10.0,FineTuning,PyTorch,1287.5,128,10975.8,10,77.4
4.0,Training,TensorFlow,1887.6,32,14054.2,30,360.0
24.0,Training,PyTorch,2586.7,16,2445.1,5,101.3
4.0,FineTuning,PyTorch,54.9,256,1111.9,50,3.55
10.0,FineTuning,PyTorch,2858.7,8,4051.6,10,360.0
48.0,Training,PyTorch,2865.2,16,12761.9,5,360.0
6.0,Training,TensorFlow,1805.9,32,1681.6,100,360.0
16.0,Training,PyTorch,1406.5,64,10756.0,100,360.0
16.0,FineTuning,PyTorch,3377.1,32,1037.9,50,266.79
80.0,Training,PyTorch,3149.1,64,588.6,20,11.64
12.0,Training,PyTorch,3933.9,16,13380.4,5,360.0
10.0,FineTuning,PyTorch,1519.1,16,11581.3,100,360.0
12.0,FineTuning,PyTorch,3632.0,256,9018.9,10,74.74
12.0,FineTuning,PyTorch,395.2,256,2662.7,50,12.74
48.0,Training,PyTorch,1675.3,16,4254.8,5,69.85
48.0,Training,PyTorch,1888.2,256,824.2,50,8.32
6.0,Training,PyTorch,1791.5,128,9715.9,10,328.08
24.0,Inference,TensorFlow,2519.1,8,10322.7,5,114.59
48.0,FineTuning,TensorFlow,722.3,128,4969.5,100,49.13
16.0,Training,PyTorch,3472.5,32,5142.4,10,360.0
12.0,Training,PyTorch,2229.5,8,9471.8,30,360.0
80.0,FineTuning,TensorFlow,3621.6,16,14190.4,5,133.25
8.0,FineTuning,PyTorch,60.4,16,5981.2,5,13.58
10.0,FineTuning,JAX,2538.5,16,7454.5,100,360.0
80.0,Inference,JAX,1679.2,64,10504.3,50,39.19
16.0,FineTuning,PyTorch,2045.1,32,5200.6,5,73.6
48.0,FineTuning,PyTorch,2988.0,128,13046.0,30,124.11
24.0,Inference,PyTorch,947.2,256,12708.1,50,20.12
6.0,FineTuning,PyTorch,859.4,32,10146.8,50,360.0
8.0,FineTuning,JAX,2826.9,64,8100.2,20,360.0
4.0,Inference,JAX,2109.4,64,14754.5,5,113.81
80.0,Training,PyTorch,972.9,32,10565.5,20,102.09
24.0,Training,PyTorch,1961.9,64,9684.1,100,360.0
4.0,Inference,PyTorch,1865.3,256,13164.6,30,126.77
8.0,FineTuning,PyTorch,2781.2,8,8369.4,5,360.0
10.0,Inference,PyTorch,60.5,16,3719.6,20,5.56
10.0,Training,JAX,2367.7,128,2152.8,20,103.32
12.0,FineTuning,PyTorch,2442.4,64,7118.4,50,360.0
8.0,Training,PyTorch,2994.8,128,7783.2,20,360.0
8.0,FineTuning,PyTorch,3562.5,16,12432.6,20,360.0
4.0,Training,PyTorch,1788.7,256,2178.2,100,360.0
24.0,Training,PyTorch,1403.0,32,10250.3,5,112.15
4.0,Training,PyTorch,454.2,256,4631.5,5,12.23
6.0,FineTuning,PyTorch,1380.5,16,14091.6,50,360.0
10.0,Training,TensorFlow,320.5,128,7109.3,5,10.24
10.0,Training,PyTorch,3221.1,8,9373.7,30,360.0
12.0,Training,PyTorch,3237.7,32,9786.6,50,360.0
6.0,Training,TensorFlow,1698.1,64,1456.0,30,254.24
10.0,Inference,TensorFlow,1075.6,8,12797.7,5,144.38
4.0,Training,PyTorch,516.2,16,2547.1,5,136.22
6.0,Training,PyTorch,3412.4,128,6021.5,50,360.0
4.0,Inference,TensorFlow,3516.1,128,10121.2,20,250.76
10.0,FineTuning,PyTorch,1101.8,128,922.8,10,6.91
10.0,FineTuning,PyTorch,2506.0,16,8748.3,10,360.0
24.0,FineTuning,PyTorch,1071.7,32,6207.8,5,34.14
80.0,Inference,PyTorch,939.3,64,1051.4,30,2.24
80.0,Training,PyTorch,133.8,8,10923.2,50,119.89
12.0,Inference,PyTorch,2329.8,16,7569.9,20,346.16
4.0,Inference,TensorFlow,642.3,128,4621.3,100,125.48
4.0,FineTuning,TensorFlow,98.9,64,1356.5,5,2.89
16.0,FineTuning,JAX,464.2,128,8257.4,30,38.67
6.0,FineTuning,PyTorch,1289.4,16,4658.8,5,212.29
48.0,Training,PyTorch,2693.2,128,14205.6,100,360.0
80.0,Training,TensorFlow,850.4,16,8913.6,10,68.84
10.0,Inference,PyTorch,3556.0,128,4347.5,5,13.17
12.0,FineTuning,PyTorch,1189.5,16,7976.4,30,360.0
48.0,Training,PyTorch,1358.3,128,8138.5,10,20.33
8.0,FineTuning,PyTorch,911.0,64,10928.7,100,360.0
12.0,FineTuning,PyTorch,1052.5,64,13542.8,100,360.0
8.0,Training,PyTorch,342.8,128,14442.6,5,26.46
8.0,FineTuning,JAX,1214.3,128,10796.6,10,84.57
8.0,FineTuning,PyTorch,3445.5,16,8234.1,100,360.0
24.0,Training,JAX,2769.3,16,3451.5,50,360.0
24.0,Inference,TensorFlow,3507.3,16,6105.1,30,309.55
24.0,Training,PyTorch,464.2,32,7383.0,30,159.03
48.0,FineTuning,TensorFlow,1849.7,128,2012.7,50,23.74
12.0,Training,PyTorch,955.6,256,3920.4,100,186.85
12.0,FineTuning,PyTorch,2898.8,128,14768.3,100,360.0
10.0,Training,PyTorch,3882.4,128,11374.7,30,360.0
24.0,Training,PyTorch,3270.7,128,7281.9,30,275.63
10.0,Inference,PyTorch,189.3,16,3467.9,5,4.73
6.0,Training,PyTorch,1300.8,16,8644.4,20,360.0
10.0,FineTuning,PyTorch,162.9,32,3554.9,5,8.37
48.0,FineTuning,PyTorch,208.7,16,2977.3,50,34.54
80.0,Inference,PyTorch,364.1,256,1497.0,50,1.17
8.0,FineTuning,PyTorch,1141.5,128,5253.2,20,100.84
24.0,Training,PyTorch,1251.6,128,8171.7,5,18.75
80.0,Training,TensorFlow,1631.8,8,2474.0,5,46.76
10.0,Inference,PyTorch,1649.5,16,3086.5,5,33.69
8.0,Inference,TensorFlow,3097.1,8,5928.0,10,360.0
12.0,Training,PyTorch,608.5,128,7394.0,100,351.68
4.0,FineTuning,PyTorch,673.1,16,11458.0,10,360.0
8.0,FineTuning,PyTorch,2525.0,128,8542.8,5,71.79
48.0,Inference,PyTorch,2308.4,8,9303.7,10,95.1
48.0,Inference,JAX,658.3,8,10473.5,5,20.06
10.0,Inference,PyTorch,3416.4,64,6819.6,50,360.0
6.0,Inference,PyTorch,1349.8,64,5212.7,5,15.63
48.0,Inference,PyTorch,1499.5,16,12026.3,10,40.35
48.0,Training,PyTorch,1710.8,16,12442.0,20,360.0
10.0,Inference,TensorFlow,1324.7,16,2394.3,50,224.06
8.0,FineTuning,PyTorch,2251.9,16,14305.2,30,360.0
6.0,Inference,TensorFlow,1585.2,16,13955.8,20,360.0
80.0,FineTuning,PyTorch,1074.8,16,13076.1,20,189.7
4.0,Training,PyTorch,3622.7,256,6397.6,100,360.0
24.0,FineTuning,PyTorch,1268.0,16,12648.5,30,360.0
12.0,FineTuning,PyTorch,2809.0,8,9458.1,50,360.0
48.0,Training,TensorFlow,1421.5,8,3160.4,100,360.0
10.0,Training,PyTorch,1769.1,8,11645.8,30,360.0
24.0,FineTuning,PyTorch,982.0,256,6150.8,50,40.56
12.0,Training,JAX,3021.7,128,4453.3,50,360.0
12.0,Training,PyTorch,2962.0,32,13186.6,100,360.0
80.0,Training,PyTorch,137.8,128,12947.9,50,10.68
80.0,Inference,PyTorch,287.8,16,12979.2,20,13.73
80.0,FineTuning,PyTorch,3693.4,32,12906.9,50,360.0
16.0,Training,PyTorch,3560.9,8,8358.0,100,360.0
16.0,FineTuning,PyTorch,2049.0,8,9292.1,30,360.0
12.0,FineTuning,TensorFlow,1998.8,64,14238.1,20,360.0
80.0,Training,PyTorch,3259.1,16,2027.2,50,342.65
48.0,Training,TensorFlow,596.9,16,12113.3,10,129.01
24.0,FineTuning,PyTorch,2632.1,64,7941.4,10,102.68
24.0,FineTuning,PyTorch,1930.1,128,14678.3,50,352.66
16.0,FineTuning,TensorFlow,2986.2,64,9624.4,10,225.94
12.0,Training,JAX,168.9,256,2521.9,5,1.79
10.0,Training,PyTorch,2391.3,16,12250.8,100,360.0
8.0,Inference,PyTorch,2249.1,256,10122.8,20,37.14
8.0,Training,TensorFlow,3371.4,256,2319.0,5,21.37
16.0,FineTuning,JAX,2723.5,256,234.0,20,3.46
10.0,Training,JAX,3526.6,8,8200.3,30,360.0
16.0,Training,PyTorch,3554.7,64,3698.2,10,169.07
8.0,Training,PyTorch,1662.2,32,13021.9,10,360.0
10.0,Training,PyTorch,592.9,8,3838.9,100,360.0
80.0,Training,JAX,2539.6,128,9976.6,10,26.83
12.0,Training,PyTorch,3501.3,8,5242.4,50,360.0
24.0,FineTuning,PyTorch,346.1,128,5319.7,20,8.61
6.0,FineTuning,JAX,2253.8,8,2809.0,50,360.0
12.0,Training,PyTorch,504.2,16,7590.6,10,215.39
80.0,Inference,TensorFlow,156.6,256,8731.1,30,0.79
8.0,Training,PyTorch,2734.6,128,8757.1,10,297.5
80.0,Training,PyTorch,2743.3,128,12863.5,100,360.0
16.0,FineTuning,PyTorch,2422.6,64,9820.0,50,360.0
10.0,FineTuning,PyTorch,3443.9,8,11129.5,10,360.0
24.0,FineTuning,PyTorch,369.5,128,4919.4,5,2.9
48.0,Training,PyTorch,465.8,128,6368.2,5,3.85
16.0,Inference,PyTorch,3464.9,8,372.6,50,94.62
12.0,FineTuning,JAX,2037.9,8,1278.7,5,86.66
16.0,Training,PyTorch,1128.6,32,5838.3,20,277.23
12.0,Training,PyTorch,2965.7,64,3225.0,100,360.0
48.0,Inference,PyTorch,3582.9,128,12213.1,20,29.59
4.0,FineTuning,PyTorch,2773.9,8,10179.6,100,360.0
24.0,Training,JAX,3178.1,128,14557.6,100,360.0
6.0,Training,PyTorch,1165.9,32,13316.8,50,360.0
80.0,Training,PyTorch,1190.7,32,14667.1,5,43.58
4.0,FineTuning,TensorFlow,3463.3,128,5542.6,20,360.0
16.0,Inference,PyTorch,2478.7,64,7317.2,5,15.53
80.0,Training,PyTorch,974.9,16,5652.1,10,48.63
4.0,Training,TensorFlow,2120.4,128,14468.2,100,360.0
10.0,Inference,TensorFlow,2759.1,32,6100.4,5,46.34
10.0,FineTuning,PyTorch,913.3,64,1839.8,5,10.98
80.0,FineTuning,PyTorch,2636.9,256,3832.6,50,21.01
12.0,Training,JAX,216.5,8,6429.8,10,222.43
12.0,FineTuning,PyTorch,1249.6,256,9084.6,20,57.64
16.0,FineTuning,TensorFlow,2712.2,64,9309.5,100,360.0
4.0,Training,JAX,639.9,64,11405.9,100,360.0
4.0,Inference,PyTorch,927.7,128,9753.2,100,308.68
80.0,Inference,PyTorch,3522.4,64,7423.9,20,18.13
8.0,FineTuning,PyTorch,2713.6,8,549.6,100,360.0
10.0,FineTuning,PyTorch,2020.7,256,10455.9,5,38.48
4.0,FineTuning,PyTorch,883.0,128,1373.3,30,47.94
80.0,Training,JAX,1398.6,32,7085.3,30,181.72
48.0,Training,PyTorch,2318.6,8,13456.3,100,360.0
6.0,FineTuning,PyTorch,663.5,128,8993.5,20,112.52
48.0,FineTuning,TensorFlow,1952.9,128,3064.6,5,5.09
24.0,Inference,PyTorch,1665.4,16,12138.6,5,55.96
16.0,Training,PyTorch,1932.9,8,4576.1,10,360.0
4.0,FineTuning,PyTorch,467.0,64,8701.3,50,360.0
24.0,FineTuning,PyTorch,470.7,8,9574.1,30,360.0
24.0,FineTuning,TensorFlow,3858.2,8,10993.7,100,360.0
80.0,Inference,PyTorch,3918.5,16,1068.2,5,3.92
4.0,Inference,PyTorch,1733.4,64,12828.6,20,322.94
6.0,Training,PyTorch,3166.5,256,1796.4,30,135.28
80.0,Training,TensorFlow,2640.4,16,1508.6,50,213.11
80.0,Training,JAX,511.8,16,6907.6,5,21.49
16.0,FineTuning,PyTorch,1221.9,16,5645.5,30,360.0
16.0,Training,TensorFlow,1288.9,8,913.7,5,71.87
10.0,FineTuning,PyTorch,2403.3,256,2573.4,100,166.37
10.0,Training,PyTorch,2340.9,16,6644.3,50,360.0
12.0,FineTuning,TensorFlow,3697.9,32,12453.2,10,360.0
8.0,FineTuning,PyTorch,3170.6,64,1907.4,30,274.01
4.0,FineTuning,PyTorch,3434.5,256,1657.5,50,213.3
4.0,FineTuning,PyTorch,3570.4,64,12092.0,10,360.0
24.0,Training,PyTorch,3215.0,256,7435.5,10,45.86
4.0,Training,PyTorch,1364.9,16,5467.7,50,360.0
4.0,FineTuning,PyTorch,899.3,256,6974.2,20,109.52
8.0,FineTuning,PyTorch,2308.5,8,6221.6,50,360.0
10.0,Inference,PyTorch,2773.8,256,11750.2,5,13.63
10.0,Inference,PyTorch,1576.9,128,239.0,20,2.22
6.0,Inference,PyTorch,3400.9,128,6554.1,10,52.94
4.0,Training,TensorFlow,3844.2,8,2466.9,30,360.0
8.0,FineTuning,PyTorch,2299.1,16,4693.5,10,360.0
10.0,Training,JAX,1853.5,16,1771.4,30,360.0
8.0,Training,JAX,3379.4,32,6462.1,30,360.0
48.0,Training,PyTorch,145.9,128,9685.1,50,14.35
4.0,Training,PyTorch,559.6,128,9957.7,50,360.0
6.0,Training,PyTorch,3390.3,64,11971.5,10,360.0
24.0,FineTuning,PyTorch,2941.5,16,12243.7,50,360.0
10.0,Inference,PyTorch,1693.7,8,9006.2,10,360.0
48.0,Training,PyTorch,3561.0,16,5361.9,50,360.0
8.0,Inference,PyTorch,1438.3,16,864.6,50,83.96
16.0,Training,JAX,2553.7,32,634.5,30,115.59
80.0,Training,JAX,2555.6,256,1787.6,20,8.2
4.0,FineTuning,PyTorch,778.1,256,14759.1,50,360.0
4.0,FineTuning,PyTorch,1175.2,8,11811.1,100,360.0
48.0,Training,PyTorch,3668.2,32,6132.6,100,360.0
8.0,Training,PyTorch,774.5,32,7046.4,100,360.0
12.0,FineTuning,TensorFlow,735.6,32,11087.0,50,360.0
4.0,Training,TensorFlow,1944.5,256,7764.6,10,225.36
12.0,FineTuning,PyTorch,414.2,32,5470.2,30,128.24
16.0,FineTuning,PyTorch,3583.8,16,5308.5,100,360.0
48.0,Training,PyTorch,445.6,256,3223.7,30,5.67
8.0,Inference,JAX,2485.4,256,13295.6,20,73.94
8.0,Training,PyTorch,1392.1,64,6270.9,20,360.0
80.0,FineTuning,PyTorch,3226.9,16,11310.2,20,360.0
10.0,FineTuning,TensorFlow,2379.8,32,8649.1,50,360.0
10.0,Inference,TensorFlow,1583.8,32,11336.0,10,101.99
24.0,FineTuning,JAX,3936.3,64,4881.6,100,360.0
6.0,FineTuning,PyTorch,311.6,128,11304.9,5,16.52
48.0,Training,PyTorch,2332.3,8,11870.5,100,360.0
16.0,FineTuning,PyTorch,3958.8,32,1653.8,100,360.0
8.0,FineTuning,JAX,2779.3,32,1462.8,10,102.01
80.0,Training,TensorFlow,2972.1,16,14783.9,30,360.0
12.0,Inference,TensorFlow,176.8,32,1857.5,20,4.25
48.0,Training,PyTorch,134.4,32,10304.1,5,8.14
24.0,Inference,TensorFlow,192.6,8,11242.4,30,66.42
48.0,Inference,PyTorch,3967.3,16,1046.3,20,21.63
24.0,FineTuning,PyTorch,3919.1,128,11223.0,100,360.0
8.0,FineTuning,PyTorch,1371.3,32,6350.8,5,124.16
6.0,Training,PyTorch,1199.4,32,4192.6,10,298.83
24.0,Inference,PyTorch,626.5,128,10013.4,100,39.26
8.0,Training,TensorFlow,1350.1,64,12513.6,30,360.0
8.0,FineTuning,TensorFlow,1512.1,128,8634.6,50,360.0
6.0,FineTuning,PyTorch,3005.7,128,13072.4,100,360.0
10.0,Inference,PyTorch,3471.9,16,433.1,5,8.22
48.0,FineTuning,PyTorch,2999.6,256,11105.2,5,13.07
4.0,FineTuning,PyTorch,2603.6,128,2624.1,100,360.0
4.0,Training,PyTorch,3075.3,16,4362.5,100,360.0
12.0,Training,TensorFlow,2967.1,256,8626.6,10,117.6
12.0,Training,PyTorch,1929.2,128,4189.2,10,80.83
4.0,Inference,TensorFlow,1376.6,32,2605.5,30,146.84
16.0,FineTuning,TensorFlow,1167.0,32,13293.9,50,360.0
4.0,FineTuning,PyTorch,2733.5,256,13610.2,20,360.0
12.0,FineTuning,PyTorch,3839.3,64,641.9,100,206.65
80.0,FineTuning,TensorFlow,2345.2,256,7551.8,5,3.95
12.0,Training,PyTorch,3654.5,128,3134.8,5,44.66
16.0,Training,TensorFlow,106.2,8,12964.8,30,355.54
48.0,Training,TensorFlow,3188.2,128,6991.6,20,99.52
4.0,FineTuning,PyTorch,3421.7,256,7229.0,20,360.0
6.0,Training,JAX,2542.4,8,9449.3,100,360.0
80.0,FineTuning,PyTorch,3739.5,256,928.8,20,2.89
8.0,FineTuning,JAX,2380.2,128,1996.7,30,88.81
16.0,FineTuning,PyTorch,1000.1,16,7525.9,5,96.0
12.0,Training,TensorFlow,902.1,32,14503.9,10,360.0
6.0,Training,PyTorch,2245.6,8,12669.7,5,360.0
24.0,Training,TensorFlow,3630.6,8,13351.5,10,360.0
10.0,FineTuning,PyTorch,335.9,128,2143.6,10,4.72
4.0,Training,PyTorch,2437.3,32,14383.5,30,360.0
10.0,Inference,PyTorch,3090.7,64,10976.9,100,360.0
16.0,FineTuning,TensorFlow,505.8,8,4952.7,20,291.03
24.0,Training,PyTorch,511.2,32,12980.6,100,360.0
24.0,FineTuning,PyTorch,1496.2,32,11234.9,30,360.0
24.0,FineTuning,TensorFlow,1131.8,8,11074.0,100,360.0
8.0,FineTuning,JAX,833.3,16,11045.8,100,360.0
16.0,Training,PyTorch,834.8,256,12032.7,10,36.39
48.0,Training,TensorFlow,566.1,16,14233.1,5,60.1
10.0,Training,PyTorch,2462.9,128,2139.4,10,50.06
48.0,Training,TensorFlow,2768.1,256,14992.9,30,132.54
6.0,FineTuning,TensorFlow,2826.6,256,13097.9,100,360.0
80.0,FineTuning,PyTorch,2152.8,128,6680.2,100,92.93
80.0,Inference,PyTorch,3814.0,32,2445.8,5,3.81
48.0,Training,PyTorch,3528.1,8,6861.4,20,360.0
4.0,Training,PyTorch,3832.6,16,11701.3,30,360.0
6.0,FineTuning,JAX,1585.7,32,9076.6,100,360.0
16.0,Training,PyTorch,3517.2,16,4265.3,100,360.0
12.0,Training,JAX,3063.4,8,6161.2,50,360.0
80.0,FineTuning,PyTorch,1392.9,16,14319.1,100,360.0
12.0,Training,JAX,471.0,64,12076.9,10,87.53
6.0,FineTuning,TensorFlow,2746.4,128,1948.6,20,90.47
10.0,Training,TensorFlow,589.0,256,8226.3,20,50.35
80.0,FineTuning,PyTorch,1210.4,16,13971.7,100,360.0
4.0,Inference,PyTorch,2026.4,8,611.2,5,35.97
4.0,Training,PyTorch,2735.5,8,734.0,30,360.0
24.0,Inference,PyTorch,3708.6,64,10779.3,100,360.0
8.0,FineTuning,PyTorch,2393.3,8,8675.6,100,360.0
6.0,Inference,TensorFlow,2702.1,64,785.4,10,11.03
80.0,Training,PyTorch,1274.6,32,14940.6,100,360.0
8.0,FineTuning,PyTorch,2764.8,16,8743.4,50,360.0
6.0,Training,PyTorch,1779.3,8,7429.8,10,360.0
48.0,FineTuning,PyTorch,3434.9,128,6770.7,100,298.0
16.0,FineTuning,PyTorch,1600.2,16,10540.2,100,360.0
16.0,FineTuning,TensorFlow,1899.7,64,6929.5,30,248.18
24.0,Inference,PyTorch,1758.7,16,9920.2,20,148.79
24.0,Training,TensorFlow,3253.9,16,7376.2,50,360.0
16.0,Training,PyTorch,3817.1,8,9199.7,5,360.0
10.0,FineTuning,TensorFlow,1342.7,128,12097.3,30,303.59
80.0,FineTuning,PyTorch,1926.4,32,12275.8,10,77.05
16.0,Training,TensorFlow,2838.4,128,12750.8,30,360.0
10.0,FineTuning,PyTorch,3586.8,256,3124.2,5,15.0
8.0,Inference,PyTorch,2000.1,64,1010.7,10,6.6
10.0,FineTuning,PyTorch,480.1,256,12558.5,50,85.16
8.0,Training,TensorFlow,1506.3,128,730.2,10,12.78
6.0,Training,TensorFlow,2223.9,128,3281.0,10,118.1
12.0,Inference,PyTorch,1699.2,64,7940.4,5,19.35
6.0,FineTuning,PyTorch,786.9,128,12846.0,10,99.09
16.0,Inference,PyTorch,196.1,32,13462.0,30,29.07
8.0,Training,PyTorch,2765.3,16,9458.0,20,360.0
16.0,FineTuning,PyTorch,3971.3,32,14504.7,5,360.0
80.0,FineTuning,PyTorch,3680.9,256,10976.1,5,8.71
4.0,Training,JAX,2748.9,16,7963.1,5,360.0
16.0,FineTuning,JAX,3374.0,16,2102.1,30,360.0
80.0,FineTuning,PyTorch,1060.1,128,6488.9,30,16.63
10.0,FineTuning,PyTorch,2508.6,16,12352.9,30,360.0
6.0,Inference,PyTorch,289.4,64,4326.3,100,55.9
10.0,Inference,PyTorch,2843.4,32,8716.2,30,360.0
4.0,Inference,PyTorch,3881.0,16,14753.2,10,360.0
8.0,Inference,PyTorch,3450.1,128,2698.9,5,8.46
80.0,FineTuning,JAX,2161.0,128,1611.7,100,26.54
12.0,Training,TensorFlow,3165.5,128,11954.4,5,132.04
16.0,Inference,PyTorch,3778.4,8,471.3,50,148.59
8.0,FineTuning,PyTorch,903.3,32,9684.5,20,360.0
12.0,Training,TensorFlow,3183.4,128,5102.6,10,115.2
48.0,FineTuning,TensorFlow,1115.9,64,10884.8,20,53.18
16.0,Training,PyTorch,3513.9,128,1891.8,10,34.97
10.0,FineTuning,TensorFlow,438.5,8,5017.7,10,193.28
6.0,Training,PyTorch,754.0,32,353.8,10,15.31
80.0,Training,PyTorch,2896.4,16,3602.9,5,46.13
4.0,Inference,PyTorch,740.4,32,7300.6,20,140.13
4.0,FineTuning,TensorFlow,674.3,16,2746.4,20,360.0
10.0,FineTuning,PyTorch,2244.1,16,9034.9,30,360.0
24.0,FineTuning,PyTorch,3348.2,128,1860.4,20,26.53
4.0,Inference,TensorFlow,1110.4,256,11203.8,30,71.39
80.0,FineTuning,TensorFlow,3372.5,64,13832.8,50,337.03
10.0,FineTuning,TensorFlow,3241.4,64,5850.3,30,360.0
8.0,Inference,PyTorch,2337.5,256,7970.3,100,166.96
4.0,Training,JAX,2603.9,128,7378.8,10,360.0
10.0,Inference,PyTorch,209.7,8,11802.4,5,36.24
80.0,Training,PyTorch,1500.2,16,14913.4,100,360.0
16.0,FineTuning,PyTorch,1090.4,256,11061.7,10,23.68
16.0,Training,PyTorch,642.5,64,3296.5,50,126.01
4.0,FineTuning,PyTorch,1589.2,32,10471.6,100,360.0
6.0,FineTuning,TensorFlow,1451.9,8,9274.9,5,360.0
16.0,Inference,PyTorch,2929.1,128,3230.8,50,49.03
6.0,Inference,PyTorch,2412.5,8,3690.3,100,360.0
8.0,Inference,PyTorch,3656.7,64,9826.5,10,157.76
10.0,Training,PyTorch,624.4,256,12136.5,5,16.9
12.0,Inference,PyTorch,286.0,128,11459.8,50,23.16
80.0,FineTuning,JAX,2161.7,64,9135.5,100,329.26
10.0,Inference,TensorFlow,54.1,16,14069.4,30,31.51
80.0,Training,JAX,3161.5,8,10992.6,20,360.0
8.0,FineTuning,PyTorch,2048.6,256,8174.5,10,56.26
48.0,Inference,PyTorch,1977.9,16,12261.5,30,155.13
4.0,Inference,PyTorch,1481.9,32,4428.2,50,360.0
80.0,FineTuning,TensorFlow,1531.1,16,4026.0,50,207.65
80.0,FineTuning,PyTorch,1753.0,8,14574.7,100,360.0
6.0,Training,PyTorch,113.3,32,14252.3,100,360.0
10.0,FineTuning,PyTorch,380.0,64,13219.7,5,25.68
48.0,FineTuning,PyTorch,2044.9,256,3294.1,30,14.91
24.0,Training,PyTorch,643.0,32,8856.6,50,360.0
4.0,Training,PyTorch,3126.1,8,8072.2,5,360.0
12.0,Training,TensorFlow,1134.2,128,3126.3,20,64.12
24.0,FineTuning,JAX,436.7,32,6772.0,20,59.83
10.0,Training,PyTorch,979.1,64,7030.7,5,82.49
4.0,FineTuning,PyTorch,1460.5,32,3685.3,30,360.0
80.0,Training,TensorFlow,189.5,256,14327.7,5,1.83
12.0,FineTuning,PyTorch,609.6,16,7441.5,100,360.0
6.0,FineTuning,PyTorch,1329.2,128,7920.9,5,63.31
48.0,FineTuning,TensorFlow,1276.4,8,9018.8,30,360.0
6.0,FineTuning,PyTorch,3211.5,128,13315.6,20,360.0
8.0,FineTuning,PyTorch,3380.9,16,8046.3,50,360.0
4.0,Training,PyTorch,814.0,128,8160.4,20,289.36
6.0,Inference,PyTorch,539.6,16,3678.9,100,327.55
24.0,Training,PyTorch,2554.9,256,9082.0,30,143.74
6.0,Training,PyTorch,3228.3,32,5779.1,10,360.0
16.0,FineTuning,PyTorch,3856.7,8,9737.0,30,360.0
8.0,Training,PyTorch,76.8,16,4581.1,20,79.61
10.0,Inference,PyTorch,1684.0,16,10764.4,20,360.0
48.0,Training,PyTorch,2949.3,32,9321.7,30,360.0
8.0,FineTuning,PyTorch,3322.8,16,7169.8,30,360.0
16.0,Training,PyTorch,296.0,8,1540.4,30,160.18
4.0,Training,PyTorch,2738.4,64,9441.8,20,360.0
24.0,Training,PyTorch,1191.3,128,12903.3,100,360.0
48.0,Inference,PyTorch,344.7,256,2649.0,5,1.3
48.0,Inference,PyTorch,1982.0,256,1362.3,10,1.29
8.0,FineTuning,PyTorch,674.7,16,689.6,5,17.51
4.0,Inference,PyTorch,2961.2,128,574.1,100,62.29
80.0,FineTuning,JAX,2978.0,256,12646.8,20,31.85
16.0,Inference,PyTorch,3376.2,128,10941.5,5,15.66
80.0,Inference,PyTorch,1541.4,256,3114.2,30,1.96
24.0,Training,PyTorch,102.6,64,13765.1,50,49.61
4.0,FineTuning,TensorFlow,1076.0,16,2116.6,30,360.0
4.0,FineTuning,PyTorch,1897.9,8,5675.0,10,360.0
16.0,Training,PyTorch,2791.3,16,6836.4,30,360.0
12.0,Training,PyTorch,1559.1,128,1230.8,50,98.09
80.0,Inference,PyTorch,2167.4,32,5277.4,20,20.46
6.0,Inference,JAX,2120.8,64,1618.0,5,8.95
48.0,FineTuning,JAX,701.7,8,11867.6,30,360.0
12.0,Inference,PyTorch,2511.0,8,797.7,100,360.0
6.0,Inference,PyTorch,1785.0,128,355.3,5,1.06
16.0,Training,TensorFlow,3241.3,8,11014.2,10,360.0
48.0,Training,PyTorch,2777.9,128,11734.6,100,360.0
10.0,Training,PyTorch,490.3,8,7484.9,100,360.0
6.0,Training,TensorFlow,1980.6,8,4836.3,5,360.0
12.0,Training,PyTorch,2824.9,256,3623.2,10,48.24
6.0,FineTuning,JAX,393.7,256,1843.7,10,4.16
6.0,Inference,PyTorch,3180.4,128,7315.0,100,360.0
16.0,Inference,PyTorch,926.9,64,7417.2,30,34.36
80.0,FineTuning,PyTorch,2037.2,8,6893.8,100,360.0
10.0,Inference,TensorFlow,3765.2,16,11696.1,100,360.0
16.0,FineTuning,PyTorch,2306.8,32,1586.7,100,360.0
24.0,Inference,PyTorch,1725.0,256,10083.1,50,30.93
16.0,FineTuning,JAX,76.8,128,6083.4,5,1.73
48.0,Training,PyTorch,577.0,8,3690.2,10,70.27
10.0,Inference,PyTorch,2335.7,256,10255.8,10,20.56
4.0,Training,PyTorch,2000.6,64,3045.4,10,339.96
24.0,FineTuning,PyTorch,1487.1,256,3540.7,20,15.8
8.0,Training,PyTorch,3696.7,16,14978.3,100,360.0
16.0,FineTuning,PyTorch,1363.3,128,13341.2,5,37.55
6.0,Inference,TensorFlow,2171.7,16,10487.4,5,220.67
80.0,Training,PyTorch,2296.4,256,4804.9,10,7.54
4.0,Inference,TensorFlow,2133.5,32,8097.1,5,123.9
16.0,Training,PyTorch,1936.5,64,1986.6,5,21.04
16.0,Training,JAX,1381.4,128,5075.9,20,75.48
12.0,Training,PyTorch,3639.6,128,1112.8,10,34.25
12.0,FineTuning,PyTorch,1830.7,8,9193.7,5,360.0
4.0,Training,PyTorch,2137.4,16,12876.7,50,360.0
12.0,FineTuning,PyTorch,2643.1,128,12162.3,10,151.75
6.0,Training,PyTorch,317.2,16,12855.6,5,260.5
24.0,Training,PyTorch,3136.1,32,2701.5,20,261.11
8.0,FineTuning,PyTorch,2074.4,8,9786.3,100,360.0
10.0,Training,PyTorch,2645.8,32,14355.5,50,360.0
8.0,Training,PyTorch,3099.4,8,11770.4,30,360.0
8.0,Training,TensorFlow,3502.7,8,150.5,30,282.08
10.0,FineTuning,TensorFlow,1599.3,16,13246.4,100,360.0
12.0,FineTuning,PyTorch,3255.1,256,10616.1,50,360.0
4.0,Training,PyTorch,1072.4,8,1918.7,30,360.0
10.0,Training,PyTorch,2658.3,32,4776.0,50,360.0
48.0,Training,TensorFlow,455.7,256,1851.0,100,9.17
24.0,Training,TensorFlow,129.1,32,10974.2,100,260.12
80.0,Inference,PyTorch,428.3,256,152.5,5,1.07
12.0,FineTuning,PyTorch,1311.6,32,7021.4,30,360.0
10.0,FineTuning,PyTorch,172.8,16,14997.2,30,352.7
48.0,Training,PyTorch,2540.4,16,12781.8,50,360.0
80.0,FineTuning,PyTorch,1300.4,64,8849.6,5,9.43
24.0,Inference,PyTorch,2958.7,128,10439.6,5,10.26
24.0,FineTuning,PyTorch,231.4,64,9094.2,10,11.69
12.0,FineTuning,PyTorch,906.0,64,12181.6,10,100.96
10.0,FineTuning,JAX,1661.6,8,13301.2,5,360.0
4.0,FineTuning,PyTorch,1561.5,8,11522.2,100,360.0
24.0,Training,PyTorch,567.4,64,2811.2,100,147.04
4.0,FineTuning,PyTorch,3976.8,128,5650.6,100,360.0
4.0,Training,PyTorch,1173.5,64,11787.7,50,360.0
12.0,FineTuning,TensorFlow,2898.1,16,12365.3,20,360.0
80.0,Inference,PyTorch,919.1,32,9469.2,20,12.15
16.0,Inference,PyTorch,3517.5,64,10740.8,10,79.24
8.0,FineTuning,PyTorch,1581.6,8,2700.0,30,360.0
8.0,Training,PyTorch,3608.6,128,5652.7,20,360.0
24.0,Training,TensorFlow,1400.2,8,8066.1,30,360.0
16.0,FineTuning,PyTorch,84.1,16,14757.3,30,102.45
80.0,Inference,PyTorch,2092.2,256,12008.3,100,22.26
16.0,FineTuning,PyTorch,2122.9,8,2970.0,100,360.0
12.0,Training,PyTorch,523.3,256,5350.9,100,129.29
24.0,Inference,PyTorch,978.1,8,3331.8,5,20.29
4.0,Inference,PyTorch,3144.8,128,2368.7,20,51.02
24.0,Training,PyTorch,195.2,256,1887.7,20,2.28
8.0,FineTuning,TensorFlow,1983.6,128,14489.0,30,360.0
80.0,FineTuning,PyTorch,2145.1,8,13608.8,30,360.0
16.0,FineTuning,PyTorch,2770.4,8,7300.3,100,360.0
80.0,Inference,PyTorch,198.0,64,8273.3,5,1.47
12.0,Training,PyTorch,2363.3,16,12595.5,100,360.0
24.0,FineTuning,PyTorch,62.2,256,9767.7,50,5.03
10.0,FineTuning,PyTorch,1097.5,64,11016.6,20,295.73
24.0,Inference,PyTorch,2023.8,128,11888.0,100,157.39
4.0,Inference,JAX,3649.6,64,7297.1,100,360.0
24.0,Inference,PyTorch,550.0,64,14624.4,20,24.97
48.0,FineTuning,TensorFlow,718.7,256,9462.6,5,3.17
12.0,Inference,TensorFlow,2693.5,8,9538.9,5,222.99
6.0,Training,JAX,1530.7,8,2201.6,50,360.0
12.0,Training,PyTorch,2512.5,256,14817.3,30,360.0
16.0,Training,TensorFlow,3989.9,16,1154.6,20,360.0
6.0,Inference,JAX,3948.1,32,14786.0,30,360.0
16.0,Inference,PyTorch,1447.2,32,13667.4,20,159.22
16.0,Training,PyTorch,2040.5,256,12860.7,5,43.53
4.0,Training,PyTorch,3623.5,256,10136.6,100,360.0
4.0,Inference,PyTorch,414.1,64,9172.0,5,14.2
8.0,FineTuning,PyTorch,1836.6,16,14949.6,5,360.0
8.0,Inference,PyTorch,1541.4,16,14612.6,50,360.0
10.0,Training,TensorFlow,1214.8,128,12196.3,20,343.04
6.0,Training,PyTorch,3977.1,8,1394.2,5,360.0
80.0,FineTuning,TensorFlow,2947.5,256,5645.3,100,57.68
24.0,Training,PyTorch,1585.6,256,13002.3,50,203.9
24.0,Training,PyTorch,3324.6,256,10567.6,30,186.75
16.0,Training,PyTorch,1984.2,256,1917.9,50,54.56
8.0,Training,PyTorch,3497.7,128,5288.9,50,360.0
16.0,Training,TensorFlow,1102.2,32,389.4,10,11.38
48.0,Inference,PyTorch,933.2,16,13402.8,30,92.85
48.0,Training,PyTorch,1026.8,32,11230.4,10,115.08
80.0,Training,JAX,2177.0,8,6594.3,100,360.0
4.0,Inference,PyTorch,1200.7,8,11429.8,20,360.0
4.0,FineTuning,TensorFlow,631.1,256,14008.0,50,301.26
8.0,FineTuning,PyTorch,3978.8,8,4270.4,50,360.0
8.0,FineTuning,PyTorch,3606.7,32,4358.7,50,360.0
48.0,Inference,PyTorch,2558.3,16,7291.5,50,195.93
4.0,Inference,JAX,3571.6,128,10632.8,10,123.08
6.0,FineTuning,PyTorch,3745.1,16,14896.3,20,360.0
6.0,Inference,TensorFlow,2720.6,16,2527.7,10,151.65
8.0,FineTuning,JAX,2098.8,64,5197.8,50,360.0
16.0,Training,PyTorch,3533.9,16,5515.3,20,360.0
4.0,Inference,PyTorch,2292.8,128,10914.8,30,305.94
6.0,FineTuning,TensorFlow,550.9,64,13310.3,10,143.52
4.0,Inference,PyTorch,1499.1,16,2838.5,5,54.02
12.0,Training,PyTorch,1811.4,64,10733.4,30,360.0
24.0,Training,PyTorch,3744.7,16,13653.4,30,360.0
48.0,Inference,TensorFlow,2653.8,8,1907.3,50,117.9
4.0,Training,TensorFlow,3507.3,8,9562.4,50,360.0
24.0,Inference,PyTorch,3042.5,16,3115.5,30,122.77
12.0,Inference,PyTorch,1274.0,64,6673.0,10,22.19
4.0,Inference,JAX,2888.9,128,1989.5,20,38.04
8.0,FineTuning,PyTorch,821.4,8,10285.9,10,360.0
24.0,FineTuning,TensorFlow,1662.2,64,6080.5,10,58.77
4.0,Inference,PyTorch,3234.1,128,8552.1,30,267.51
24.0,FineTuning,TensorFlow,2467.1,64,7900.8,10,92.75
12.0,FineTuning,JAX,3310.4,16,10440.4,20,360.0
4.0,Inference,PyTorch,1056.1,8,13444.1,30,360.0
4.0,FineTuning,PyTorch,3011.5,8,4268.3,10,360.0
4.0,Inference,PyTorch,849.2,8,8968.0,50,360.0
80.0,Training,PyTorch,2204.0,16,8649.1,100,360.0
8.0,Training,PyTorch,1762.5,128,4795.7,10,99.1
12.0,FineTuning,PyTorch,2248.1,128,7543.8,100,360.0
80.0,Training,PyTorch,585.4,256,702.8,100,3.9
16.0,FineTuning,PyTorch,1476.9,256,6461.3,100,171.78
80.0,Training,TensorFlow,2684.3,8,4130.9,30,360.0
48.0,Inference,PyTorch,2256.2,256,12973.2,30,16.45
48.0,Training,PyTorch,2218.4,128,5431.1,100,218.9
4.0,Training,PyTorch,2067.8,256,2963.9,50,359.83
80.0,Training,TensorFlow,3778.3,256,7992.1,30,47.84
16.0,FineTuning,PyTorch,3741.6,8,12183.4,100,360.0
80.0,Training,PyTorch,1472.6,128,5375.3,100,114.96
8.0,Training,PyTorch,1440.0,8,12717.8,5,360.0
8.0,FineTuning,TensorFlow,2241.8,128,4959.3,30,293.75
16.0,Training,TensorFlow,427.6,64,11060.4,10,49.65
80.0,Training,PyTorch,1246.9,8,1817.2,20,109.64
24.0,FineTuning,PyTorch,961.9,256,1026.8,10,1.9
8.0,Training,PyTorch,932.4,256,11089.9,30,188.54
8.0,Training,TensorFlow,2572.1,8,5589.1,100,360.0
6.0,Training,PyTorch,1568.2,256,5955.6,5,46.76
80.0,Training,PyTorch,726.1,32,8654.9,10,30.43
8.0,FineTuning,PyTorch,3555.9,8,14804.4,20,360.0
12.0,Training,TensorFlow,3502.9,128,2655.5,100,360.0
80.0,Inference,PyTorch,3456.7,64,4567.8,10,6.02
48.0,Inference,PyTorch,1593.4,64,9765.7,50,52.63
6.0,Training,PyTorch,275.1,128,10544.4,5,25.19
8.0,Inference,PyTorch,471.6,16,10621.6,30,217.63
6.0,Training,PyTorch,1140.4,256,8971.5,10,100.56
48.0,Training,PyTorch,918.9,8,8865.4,10,227.41
16.0,Training,PyTorch,3502.2,64,2306.8,10,104.41
16.0,Training,PyTorch,3946.1,128,12535.9,10,360.0
80.0,FineTuning,PyTorch,3275.9,64,232.5,20,3.85
48.0,Training,PyTorch,2932.9,64,6321.9,50,360.0
10.0,Inference,PyTorch,2375.1,128,3309.6,100,115.39
10.0,FineTuning,PyTorch,3091.1,32,1654.7,50,360.0
80.0,Training,PyTorch,3790.8,64,4860.4,5,28.0
4.0,FineTuning,PyTorch,2425.3,64,9892.1,5,360.0
6.0,Inference,PyTorch,660.7,16,7506.5,20,172.77
6.0,Training,PyTorch,697.2,32,13115.5,50,360.0
16.0,Training,PyTorch,2356.3,16,9035.3,5,360.0
10.0,FineTuning,JAX,1367.2,128,3871.7,30,112.36
8.0,FineTuning,PyTorch,3645.5,256,7776.8,50,360.0
8.0,FineTuning,PyTorch,2466.0,8,3488.0,10,360.0
8.0,Training,PyTorch,2722.1,128,2762.0,50,360.0
16.0,FineTuning,PyTorch,73.0,32,14329.8,30,54.37
48.0,FineTuning,PyTorch,2020.5,256,7073.7,10,11.08
24.0,FineTuning,TensorFlow,1753.1,128,9803.0,50,238.27
10.0,Training,PyTorch,2838.2,32,13114.1,10,360.0
10.0,FineTuning,PyTorch,1561.4,256,4900.4,10,25.37
6.0,Training,TensorFlow,3907.5,16,11856.5,20,360.0
4.0,FineTuning,PyTorch,2697.3,64,11853.5,30,360.0
80.0,Inference,PyTorch,2656.7,128,12377.8,20,11.63
6.0,FineTuning,PyTorch,3681.4,128,2923.0,50,360.0
48.0,Training,PyTorch,3981.1,256,14446.3,100,360.0
80.0,Training,PyTorch,831.4,64,4194.2,10,9.86
10.0,Inference,PyTorch,3251.6,128,11674.5,50,281.49
48.0,FineTuning,PyTorch,691.2,128,2518.4,50,11.63
80.0,FineTuning,TensorFlow,1855.3,256,13871.0,100,84.44
12.0,Training,TensorFlow,445.7,8,6474.9,20,360.0
24.0,FineTuning,TensorFlow,2512.3,256,10062.9,50,193.27
10.0,FineTuning,TensorFlow,1900.6,256,12767.9,30,202.44
4.0,Inference,PyTorch,2533.4,256,4307.6,10,23.59
8.0,FineTuning,PyTorch,2727.9,8,5896.0,5,360.0
12.0,FineTuning,PyTorch,2496.8,64,4769.5,100,360.0
8.0,FineTuning,TensorFlow,1211.4,16,4314.8,30,360.0
24.0,Training,PyTorch,3356.0,128,7703.5,5,63.17
80.0,Inference,PyTorch,2229.2,256,8246.5,100,17.44
16.0,FineTuning,TensorFlow,1984.9,128,1244.7,5,5.13
4.0,Inference,TensorFlow,3948.9,16,10132.1,20,360.0
24.0,FineTuning,TensorFlow,1169.9,128,6358.0,5,9.18
8.0,Training,PyTorch,2135.7,16,13354.0,10,360.0
12.0,FineTuning,PyTorch,2745.2,64,13294.3,20,360.0
10.0,Training,PyTorch,544.6,64,10829.4,30,360.0
12.0,Training,PyTorch,1449.2,16,12821.4,30,360.0
12.0,Training,PyTorch,3216.7,16,13845.5,30,360.0
16.0,FineTuning,PyTorch,985.2,32,8702.2,100,360.0
16.0,FineTuning,PyTorch,1998.5,8,14581.4,50,360.0
48.0,Training,PyTorch,2541.0,8,14335.4,20,360.0
48.0,FineTuning,TensorFlow,2701.1,256,1737.3,20,6.17
80.0,Training,TensorFlow,2926.8,128,7889.1,20,50.47
48.0,Inference,PyTorch,3470.6,128,1805.6,10,2.88
6.0,FineTuning,PyTorch,1601.8,16,10293.6,20,360.0
4.0,FineTuning,PyTorch,2841.2,256,11502.6,10,216.96
6.0,Training,PyTorch,2942.1,16,13281.7,100,360.0
6.0,FineTuning,TensorFlow,1236.1,8,9785.1,30,360.0
8.0,FineTuning,TensorFlow,3874.2,256,6864.5,50,360.0
24.0,Inference,TensorFlow,3467.6,256,2423.5,5,2.06
6.0,Training,PyTorch,1195.0,128,1964.0,50,236.46
4.0,Training,TensorFlow,2716.5,8,7336.4,50,360.0
16.0,FineTuning,PyTorch,2885.3,64,12505.0,100,360.0
80.0,Training,PyTorch,1754.4,8,11285.7,50,360.0
8.0,Training,PyTorch,3461.8,8,13223.9,5,360.0
16.0,Inference,TensorFlow,2776.4,16,12183.8,10,267.63
8.0,Training,PyTorch,2649.7,128,3161.5,30,329.42
4.0,Inference,PyTorch,922.3,64,3084.8,100,195.49
12.0,Training,PyTorch,1661.0,8,6924.4,5,360.0
10.0,FineTuning,PyTorch,1764.0,8,2948.2,30,360.0
24.0,FineTuning,PyTorch,2948.0,16,2893.4,10,188.45
16.0,FineTuning,PyTorch,2492.7,256,4089.9,30,47.58
24.0,Inference,PyTorch,389.1,32,436.3,10,1.32
12.0,Training,PyTorch,1265.4,128,8613.0,5,40.82
10.0,Inference,PyTorch,1918.5,128,6009.4,5,10.71
24.0,FineTuning,PyTorch,2960.1,128,3637.2,30,95.93
24.0,Training,PyTorch,2987.1,8,2099.9,100,360.0
16.0,Inference,TensorFlow,1987.6,8,6892.2,30,360.0
48.0,Training,PyTorch,511.9,8,9069.2,50,360.0
10.0,Inference,PyTorch,1207.0,256,14601.8,50,61.08
12.0,Training,PyTorch,1056.0,32,3882.0,30,360.0
10.0,Inference,PyTorch,3135.1,8,492.4,50,159.42
4.0,FineTuning,JAX,760.9,128,11066.6,30,360.0
48.0,Training,PyTorch,1886.4,256,3604.0,20,14.33
4.0,FineTuning,PyTorch,2699.3,128,7315.5,50,360.0
12.0,Training,PyTorch,3860.9,16,12142.6,30,360.0
16.0,Training,PyTorch,3997.0,32,651.0,20,110.69
16.0,Training,PyTorch,3814.0,64,2208.6,50,360.0
12.0,Training,JAX,2887.1,8,1562.8,5,343.01
8.0,Training,TensorFlow,2998.4,64,3582.5,30,360.0
12.0,FineTuning,PyTorch,3048.9,8,2678.2,5,301.21
48.0,FineTuning,PyTorch,3457.3,32,4817.4,100,360.0
6.0,FineTuning,TensorFlow,3809.6,32,11219.9,50,360.0
16.0,Training,PyTorch,1810.5,128,730.9,100,69.88
80.0,FineTuning,PyTorch,1695.2,32,1199.1,20,14.23
48.0,FineTuning,PyTorch,1868.8,256,8508.4,30,27.95
48.0,Training,PyTorch,2656.3,256,7851.9,20,39.9
48.0,Inference,TensorFlow,3113.0,64,7163.7,5,7.47
24.0,FineTuning,TensorFlow,3488.7,64,7787.0,30,339.53
48.0,FineTuning,JAX,1852.0,32,11156.4,100,360.0
16.0,Training,PyTorch,1485.3,64,8684.1,5,81.07
6.0,Training,TensorFlow,3934.2,256,6908.9,5,109.29
6.0,Inference,PyTorch,966.0,8,1318.1,20,93.48
48.0,Inference,PyTorch,926.9,16,14624.1,100,320.32
4.0,Training,PyTorch,2875.9,256,3666.1,50,360.0
16.0,Training,PyTorch,759.6,128,13050.5,100,360.0
16.0,FineTuning,PyTorch,1627.7,16,5746.8,5,150.08
10.0,FineTuning,TensorFlow,1204.9,64,10290.7,5,83.07
8.0,Inference,PyTorch,716.4,128,6866.5,10,11.85
8.0,Training,PyTorch,2339.8,16,5377.0,20,360.0
4.0,Training,TensorFlow,1525.4,16,9253.1,5,360.0
8.0,Training,TensorFlow,1875.8,64,8088.0,100,360.0
10.0,Training,PyTorch,823.7,128,3563.2,10,27.31
12.0,Training,PyTorch,3083.1,256,5110.0,20,123.43
8.0,Inference,TensorFlow,1293.1,256,612.2,30,2.99
16.0,FineTuning,TensorFlow,1403.7,128,2984.4,50,78.42
12.0,Inference,PyTorch,1046.0,16,5103.9,20,91.17
8.0,Training,PyTorch,1765.9,128,14584.6,5,167.96
16.0,Training,PyTorch,1881.1,256,7953.6,10,40.09
16.0,Training,TensorFlow,2142.2,128,10541.9,10,128.72
48.0,Training,PyTorch,3871.9,8,10136.6,30,360.0
6.0,Inference,PyTorch,3623.5,64,14715.2,10,255.06
4.0,Training,TensorFlow,2457.1,256,8379.4,5,125.33
10.0,Training,PyTorch,203.7,64,8823.9,20,82.88
24.0,Training,JAX,2468.4,8,4571.0,30,360.0
8.0,Training,PyTorch,404.2,16,9429.2,50,360.0
8.0,FineTuning,PyTorch,2855.9,32,11390.1,50,360.0
12.0,Training,PyTorch,1590.8,256,1638.5,5,5.42
12.0,FineTuning,JAX,3358.9,16,7253.9,30,360.0
8.0,FineTuning,TensorFlow,3773.0,8,6386.3,30,360.0
80.0,Training,JAX,1697.6,128,1792.4,5,3.02
10.0,Training,PyTorch,1869.2,8,5185.2,100,360.0
8.0,FineTuning,PyTorch,2381.1,64,8074.2,30,360.0
6.0,FineTuning,PyTorch,828.7,128,9783.1,10,75.04
80.0,Training,PyTorch,3713.0,16,4404.5,10,135.84
10.0,Training,PyTorch,1760.3,128,7196.9,5,69.65
8.0,Training,JAX,708.9,64,11037.8,5,84.02
24.0,Training,PyTorch,3062.8,8,6391.5,10,360.0
48.0,Training,TensorFlow,915.6,16,14117.5,20,360.0
6.0,Training,JAX,616.9,32,557.5,5,10.29
24.0,Training,PyTorch,2273.3,32,3977.4,10,154.3
12.0,Training,TensorFlow,2702.4,8,2087.5,20,360.0
12.0,Training,PyTorch,2299.8,16,8165.2,20,360.0
8.0,Inference,TensorFlow,2643.2,16,2742.9,100,360.0
12.0,FineTuning,PyTorch,506.3,128,11153.4,10,24.57
6.0,Inference,PyTorch,1930.3,256,13783.4,100,327.85
10.0,Training,PyTorch,1460.2,8,3187.3,10,360.0
16.0,FineTuning,JAX,3894.8,128,13610.8,30,360.0
4.0,Training,TensorFlow,246.0,8,9513.2,20,360.0
10.0,FineTuning,PyTorch,1228.3,64,3022.9,50,220.83
16.0,Training,JAX,3770.4,8,11074.5,30,360.0
80.0,Training,PyTorch,3934.8,128,1454.0,30,26.69
6.0,Inference,TensorFlow,3308.4,16,10413.0,20,360.0
24.0,FineTuning,PyTorch,350.2,8,12932.8,20,360.0
16.0,Inference,PyTorch,2267.4,16,14260.6,20,360.0
6.0,Training,PyTorch,1630.5,64,912.5,5,23.11
48.0,Training,PyTorch,3235.5,32,1022.8,10,24.86
24.0,Training,PyTorch,267.3,32,13963.0,100,360.0
12.0,FineTuning,PyTorch,828.7,128,11864.9,10,47.66
12.0,FineTuning,PyTorch,1982.3,8,11636.6,10,360.0
24.0,Inference,PyTorch,672.7,64,11165.1,20,17.22
80.0,Training,JAX,2786.2,64,10788.2,30,199.2
80.0,FineTuning,PyTorch,3292.0,16,9237.0,20,346.87
80.0,Training,PyTorch,2832.9,256,12209.8,20,39.96
16.0,Training,PyTorch,1789.1,128,609.2,30,18.37
16.0,FineTuning,PyTorch,3519.6,64,11130.5,50,360.0
8.0,FineTuning,TensorFlow,593.9,8,8785.5,100,360.0
4.0,Training,TensorFlow,1078.3,64,13621.1,5,330.7
24.0,Training,PyTorch,1983.7,32,14052.0,50,360.0
10.0,Training,PyTorch,292.3,128,3695.8,20,23.41
4.0,Training,TensorFlow,428.0,16,11863.0,10,360.0
48.0,Training,JAX,1619.9,8,14359.3,10,360.0
16.0,Training,PyTorch,3778.4,32,4073.1,30,360.0
16.0,Training,PyTorch,3638.2,64,12781.2,20,360.0
6.0,Inference,PyTorch,1890.6,128,8839.3,30,116.02
4.0,Inference,PyTorch,611.5,128,5985.4,30,37.26
6.0,FineTuning,TensorFlow,753.5,8,12371.8,5,360.0
10.0,Inference,PyTorch,1541.3,16,13067.5,30,360.0
6.0,FineTuning,PyTorch,879.8,32,4311.4,20,285.71
4.0,Training,PyTorch,377.8,256,11937.5,5,24.8
24.0,Training,PyTorch,2711.4,16,840.0,10,86.58
48.0,Inference,PyTorch,2346.7,8,6323.2,5,34.53
16.0,FineTuning,PyTorch,1200.6,8,1139.8,20,146.09
10.0,Inference,TensorFlow,3126.8,32,4478.2,100,360.0
16.0,Inference,PyTorch,3115.0,128,14260.4,50,178.53
8.0,Training,PyTorch,1989.5,128,11047.6,5,121.1
48.0,Training,PyTorch,431.3,32,11358.4,100,360.0
6.0,Training,PyTorch,3678.0,16,2103.8,50,360.0
12.0,Training,PyTorch,2691.2,32,8722.4,5,360.0
4.0,Training,PyTorch,1025.9,256,5893.6,5,40.93
16.0,Training,TensorFlow,2461.3,128,11039.3,30,360.0
6.0,Training,PyTorch,1649.8,16,2440.6,50,360.0
10.0,Training,TensorFlow,2559.6,64,4300.6,100,360.0
16.0,Training,PyTorch,1921.8,16,13488.7,50,360.0
48.0,Training,PyTorch,1967.6,128,2629.7,5,6.1
48.0,FineTuning,PyTorch,2956.7,8,9522.9,20,360.0
16.0,Training,PyTorch,2474.2,16,4795.8,20,360.0
10.0,FineTuning,PyTorch,365.8,16,1320.1,50,113.11
48.0,Inference,PyTorch,308.2,8,3432.9,30,17.24
48.0,Training,PyTorch,1254.8,128,13054.2,30,110.57
4.0,Training,PyTorch,1749.5,64,13667.2,20,360.0
10.0,Inference,PyTorch,1137.1,64,6355.5,30,57.85
10.0,FineTuning,JAX,2623.3,32,9351.4,5,240.99
24.0,FineTuning,TensorFlow,820.7,64,7855.4,5,18.03
24.0,Training,PyTorch,2831.4,64,4267.4,50,360.0
48.0,Inference,PyTorch,3103.9,16,5237.5,100,360.0
12.0,Inference,PyTorch,541.1,32,7949.6,10,20.06
24.0,FineTuning,PyTorch,2620.7,64,10460.9,20,280.82
48.0,Training,TensorFlow,3847.7,16,5312.9,20,360.0
80.0,Inference,PyTorch,811.7,32,10513.8,10,7.14
8.0,FineTuning,PyTorch,3641.7,16,14418.6,30,360.0
8.0,FineTuning,JAX,2443.9,8,465.9,5,64.07
10.0,Training,TensorFlow,2384.2,128,2541.2,5,25.45
12.0,FineTuning,TensorFlow,255.1,128,13752.4,20,31.52
4.0,Training,TensorFlow,3005.8,128,1166.4,20,210.75
24.0,Training,TensorFlow,1939.2,64,11499.2,30,360.0
80.0,FineTuning,PyTorch,2898.6,128,9397.3,30,61.5
48.0,Training,PyTorch,3246.3,128,810.7,20,12.37
12.0,FineTuning,PyTorch,2119.0,32,110.8,30,14.12
10.0,FineTuning,PyTorch,1091.4,32,7579.8,10,172.1
24.0,Training,TensorFlow,609.2,256,1848.4,5,1.65
12.0,FineTuning,PyTorch,684.0,32,13096.0,20,293.16
24.0,Inference,PyTorch,3474.4,64,7263.5,10,35.12
4.0,Training,PyTorch,538.1,256,3593.2,10,21.07
4.0,FineTuning,PyTorch,1569.5,256,2606.3,100,271.9
8.0,Training,TensorFlow,1370.4,128,12553.0,50,360.0
6.0,FineTuning,PyTorch,3468.5,64,10809.2,20,360.0
6.0,Training,PyTorch,1936.9,64,10797.6,50,360.0
24.0,Training,PyTorch,3986.0,64,1371.1,10,41.38
6.0,Training,PyTorch,2961.4,64,9405.3,20,360.0
10.0,Inference,TensorFlow,3411.1,64,13055.3,50,360.0
6.0,FineTuning,PyTorch,439.8,64,11511.9,5,47.06
16.0,FineTuning,JAX,1049.8,256,1860.5,20,7.83
48.0,Training,JAX,585.0,128,14244.3,50,96.76
10.0,FineTuning,JAX,1881.3,32,1139.0,30,186.19
12.0,Training,PyTorch,2887.2,256,8397.9,20,203.56
10.0,Training,JAX,717.8,16,14180.7,100,360.0
8.0,FineTuning,PyTorch,564.2,16,12351.6,30,360.0
12.0,Training,TensorFlow,2477.7,16,10244.4,20,360.0
80.0,Training,JAX,959.7,8,12859.5,50,360.0
48.0,FineTuning,JAX,1943.3,32,10131.9,50,360.0
48.0,Inference,TensorFlow,251.9,128,918.7,100,1.47
48.0,Training,PyTorch,2738.4,64,5328.0,20,109.18
48.0,Training,PyTorch,2188.2,16,6464.1,10,262.77
24.0,Training,PyTorch,2607.3,32,8241.0,50,360.0
48.0,Inference,TensorFlow,1137.9,128,3521.6,100,12.3
48.0,Inference,PyTorch,1150.5,16,13229.5,20,93.34
48.0,FineTuning,PyTorch,3215.4,32,3507.6,20,102.31
24.0,Inference,PyTorch,2888.3,256,9898.1,5,4.53
4.0,Training,PyTorch,2339.9,128,13161.5,30,360.0
10.0,Inference,JAX,2531.2,256,11018.9,5,11.37
10.0,Training,PyTorch,421.5,32,2126.6,30,93.59
12.0,Training,TensorFlow,3431.9,64,14275.8,30,360.0
16.0,FineTuning,PyTorch,3091.1,32,1469.6,5,37.26
10.0,Training,TensorFlow,2382.4,32,3081.0,100,360.0
6.0,FineTuning,PyTorch,3678.5,8,2174.7,10,360.0
16.0,Training,PyTorch,716.1,64,10037.1,20,172.47
48.0,FineTuning,JAX,2762.3,256,12130.4,50,119.19
48.0,Training,PyTorch,3853.8,32,3646.4,20,249.01
24.0,Training,PyTorch,1274.5,64,14690.8,100,360.0
16.0,Inference,PyTorch,110.4,32,2174.7,100,9.23
6.0,Inference,PyTorch,2952.7,64,4806.4,5,29.98
24.0,Inference,PyTorch,77.6,128,7405.6,10,1.04
12.0,FineTuning,PyTorch,3496.5,16,12151.8,50,360.0
16.0,FineTuning,PyTorch,272.4,8,5710.5,50,360.0
48.0,FineTuning,PyTorch,2628.4,16,2780.5,100,360.0
48.0,Training,PyTorch,1539.9,32,7027.6,10,110.22
8.0,Training,PyTorch,853.2,32,7199.8,50,360.0
24.0,Training,JAX,3598.1,128,341.5,50,25.9
4.0,Inference,PyTorch,2997.7,32,411.2,10,20.19
4.0,Training,TensorFlow,1394.7,256,4236.8,5,32.64
24.0,Inference,PyTorch,1172.4,64,11144.2,5,7.68
80.0,FineTuning,PyTorch,2957.2,256,5553.3,100,75.52
24.0,FineTuning,PyTorch,3354.5,16,3246.9,50,360.0
12.0,Training,PyTorch,2877.6,32,1783.3,5,89.07
48.0,Training,PyTorch,2578.0,128,4279.8,5,12.16
6.0,Inference,PyTorch,950.3,8,7273.4,50,360.0
80.0,Training,TensorFlow,3418.6,256,1491.4,50,17.97
16.0,Training,PyTorch,3011.2,16,322.5,100,360.0
80.0,Training,TensorFlow,2093.2,128,1996.9,100,59.42
6.0,Training,JAX,2070.8,128,11095.9,5,176.46
8.0,Training,PyTorch,2298.2,16,7048.0,100,360.0
48.0,FineTuning,PyTorch,3321.7,128,6733.0,30,91.58
4.0,FineTuning,PyTorch,2981.9,8,394.3,10,297.5
24.0,FineTuning,PyTorch,3432.2,8,10693.1,5,360.0
24.0,Training,PyTorch,2053.8,32,3108.4,5,48.08
4.0,Inference,TensorFlow,2517.4,64,1453.9,30,87.59
80.0,FineTuning,JAX,3425.6,32,12646.3,20,252.04
48.0,Training,TensorFlow,967.7,64,7335.6,100,351.53
10.0,Training,PyTorch,1803.9,16,11259.1,20,360.0
12.0,Training,PyTorch,2501.6,128,12346.1,100,360.0
6.0,FineTuning,PyTorch,3664.8,32,14472.8,10,360.0
80.0,FineTuning,PyTorch,112.6,128,9393.1,50,4.17
16.0,Inference,PyTorch,889.7,32,1117.3,5,2.86
8.0,Training,PyTorch,976.1,32,8409.6,30,360.0
24.0,FineTuning,JAX,1340.1,8,7691.9,50,360.0
80.0,Training,TensorFlow,1163.1,64,957.7,50,12.15
8.0,Training,PyTorch,2381.0,16,4663.9,20,360.0
6.0,FineTuning,JAX,3548.2,128,6241.5,5,104.78
24.0,Training,PyTorch,2566.1,32,2498.5,10,88.72
24.0,FineTuning,PyTorch,1004.0,128,230.5,30,2.82
10.0,FineTuning,TensorFlow,3461.8,8,11379.0,5,360.0
80.0,Inference,JAX,2546.6,16,12789.4,50,220.06
48.0,Training,PyTorch,914.9,64,3513.6,50,57.72
4.0,Inference,PyTorch,1478.6,64,156.6,10,2.97
4.0,Inference,TensorFlow,3170.4,32,13360.1,20,360.0
12.0,Inference,PyTorch,2968.8,16,2096.0,10,58.12
16.0,FineTuning,PyTorch,2327.5,64,6108.1,10,88.45
8.0,Inference,PyTorch,621.8,16,5552.9,5,31.13
80.0,FineTuning,JAX,3223.0,128,2547.5,100,57.35
16.0,Training,PyTorch,1264.8,8,9022.3,20,360.0
10.0,FineTuning,TensorFlow,3097.8,16,13786.3,50,360.0
24.0,FineTuning,PyTorch,2607.9,16,7754.5,20,360.0
48.0,Inference,PyTorch,1093.5,64,14596.4,5,6.82
80.0,FineTuning,JAX,888.9,256,2942.5,5,0.77
16.0,Training,PyTorch,567.1,32,12742.7,100,360.0
16.0,FineTuning,PyTorch,1005.7,32,3927.9,10,68.84
48.0,Inference,PyTorch,673.4,256,3833.1,100,5.27
12.0,Training,TensorFlow,2487.4,256,1853.6,5,9.71
8.0,Training,PyTorch,2415.2,256,12968.1,20,360.0
8.0,FineTuning,PyTorch,2365.4,128,10903.4,10,190.53
16.0,Training,PyTorch,2585.5,64,5190.7,10,140.78
6.0,Training,PyTorch,3268.4,64,5306.3,10,360.0
16.0,Training,PyTorch,3658.5,8,12687.4,20,360.0
16.0,Inference,TensorFlow,960.0,32,13921.0,10,47.99
48.0,Training,PyTorch,2371.7,64,9076.1,30,239.45
24.0,Training,PyTorch,359.4,256,6161.9,30,12.38
48.0,FineTuning,PyTorch,524.6,128,891.8,20,2.32
80.0,Inference,JAX,2634.6,8,1985.8,50,70.24
16.0,Inference,PyTorch,1972.0,32,2212.6,100,180.15
8.0,Training,PyTorch,3045.4,32,4224.4,50,360.0
8.0,Inference,TensorFlow,1731.4,32,3929.8,10,53.45
4.0,Training,PyTorch,554.0,8,8188.9,20,360.0
12.0,FineTuning,PyTorch,3494.6,128,14167.1,10,223.48
10.0,FineTuning,PyTorch,377.4,128,12938.7,10,27.92
80.0,Training,TensorFlow,796.4,64,7686.5,30,55.61
80.0,FineTuning,PyTorch,1144.1,64,357.7,5,1.53
12.0,Training,TensorFlow,3981.4,32,1119.1,20,323.41
10.0,Inference,PyTorch,1696.6,256,12919.2,5,8.86
24.0,Training,PyTorch,2031.7,16,4326.1,30,360.0
16.0,FineTuning,PyTorch,3090.3,64,4839.5,5,56.99
10.0,Training,JAX,2563.8,128,2182.7,100,360.0
6.0,Training,PyTorch,3373.6,32,3424.4,30,360.0
4.0,Inference,PyTorch,1971.4,128,3783.1,100,285.34
10.0,FineTuning,PyTorch,3890.1,32,6240.2,50,360.0
10.0,Inference,PyTorch,3197.4,8,9384.9,30,360.0
4.0,Training,PyTorch,1635.4,64,5362.0,20,360.0
16.0,Training,PyTorch,1556.0,256,6803.0,50,167.15
10.0,FineTuning,PyTorch,3721.5,8,2810.3,10,360.0
4.0,FineTuning,PyTorch,2753.4,64,940.2,20,129.39
4.0,Training,TensorFlow,2504.7,256,5288.8,20,357.31
4.0,FineTuning,JAX,3043.4,256,1031.1,100,236.58
48.0,Training,PyTorch,2265.3,256,4565.8,20,19.96
48.0,Training,PyTorch,678.7,128,12580.2,5,9.37
6.0,Training,PyTorch,1310.9,128,5567.3,5,71.57
24.0,FineTuning,PyTorch,2253.9,16,2979.6,10,125.41
48.0,FineTuning,PyTorch,121.8,128,13540.8,5,1.69
48.0,FineTuning,PyTorch,1777.5,32,9626.3,20,167.61
24.0,FineTuning,JAX,3035.4,16,14825.0,100,360.0
12.0,Training,PyTorch,698.7,32,4573.7,30,271.9
4.0,Inference,PyTorch,305.0,16,3085.5,10,28.95
80.0,Inference,PyTorch,3352.3,32,4539.3,10,13.31
24.0,FineTuning,PyTorch,2488.2,16,12206.1,20,360.0
6.0,Training,TensorFlow,747.5,64,2357.8,50,250.1
16.0,FineTuning,PyTorch,3234.9,256,3692.1,5,13.6
6.0,FineTuning,JAX,2649.6,64,10554.3,50,360.0
4.0,Inference,PyTorch,1369.8,16,11096.2,20,360.0
24.0,Inference,PyTorch,1536.0,8,14386.7,50,360.0
6.0,Inference,JAX,665.8,16,14704.3,20,360.0
6.0,Training,PyTorch,3349.3,8,9986.6,5,360.0
12.0,Inference,PyTorch,2060.6,256,5505.6,5,4.53
12.0,FineTuning,TensorFlow,2250.2,32,6849.9,10,265.39
24.0,Inference,PyTorch,3539.8,16,6645.1,50,360.0
4.0,Training,PyTorch,112.5,8,5871.9,50,360.0
48.0,Training,PyTorch,314.3,256,5139.9,50,8.03
8.0,FineTuning,PyTorch,688.2,16,2601.7,50,360.0
10.0,Training,PyTorch,168.6,64,5555.8,100,197.3
80.0,Training,JAX,2649.7,64,14541.5,30,240.2
10.0,Inference,PyTorch,2553.8,16,13244.1,10,360.0
12.0,Training,PyTorch,882.7,16,9298.2,10,360.0
24.0,Training,PyTorch,640.2,128,2972.8,30,21.1
10.0,Training,PyTorch,625.5,256,13192.1,100,360.0
4.0,Training,PyTorch,3815.3,64,4746.8,50,360.0
80.0,Inference,PyTorch,2789.3,32,8231.2,30,55.17
10.0,Training,TensorFlow,2362.4,16,13685.7,100,360.0
80.0,Training,PyTorch,1323.8,128,5086.9,50,43.2
16.0,Inference,PyTorch,1760.5,256,13708.8,30,30.93
4.0,Inference,PyTorch,403.2,16,3603.4,10,37.71
8.0,Training,PyTorch,3992.7,64,13937.7,30,360.0
6.0,FineTuning,TensorFlow,3032.6,8,5444.1,100,360.0
80.0,FineTuning,PyTorch,2504.7,256,5681.6,20,10.38
4.0,FineTuning,PyTorch,2371.7,8,8339.8,50,360.0
80.0,FineTuning,PyTorch,2042.0,64,5270.7,30,55.97
80.0,Inference,PyTorch,1066.8,32,6804.7,50,32.95
48.0,Training,JAX,944.2,256,7569.7,5,4.87
48.0,Training,PyTorch,2220.7,128,7416.2,50,199.26
4.0,Training,PyTorch,327.3,16,14420.5,30,360.0
48.0,Training,PyTorch,344.2,16,4298.6,50,131.87
8.0,Inference,PyTorch,2265.2,16,4340.2,100,360.0
24.0,FineTuning,PyTorch,3683.3,128,12585.0,20,218.52
4.0,Training,JAX,3661.4,128,5940.9,20,360.0
4.0,Training,PyTorch,92.8,64,1190.6,30,15.67
12.0,Training,TensorFlow,474.2,128,7270.7,30,94.1
12.0,Inference,PyTorch,2353.2,16,8298.4,50,360.0
48.0,FineTuning,TensorFlow,3401.5,256,9303.6,10,16.94
24.0,FineTuning,PyTorch,3820.1,16,3602.9,20,360.0
48.0,FineTuning,PyTorch,3449.3,128,14601.6,20,108.25
16.0,FineTuning,JAX,2726.6,128,11081.6,5,64.07
16.0,FineTuning,PyTorch,842.1,64,10830.1,5,29.33
6.0,Training,PyTorch,336.9,8,13105.8,10,360.0
16.0,Inference,TensorFlow,237.7,128,489.3,20,1.59
12.0,FineTuning,PyTorch,2467.7,8,9235.8,30,360.0
8.0,FineTuning,PyTorch,192.9,32,12285.8,20,135.31
16.0,Inference,TensorFlow,2970.0,8,612.2,30,86.97
48.0,Inference,JAX,2864.3,128,11366.6,30,30.69
80.0,Inference,TensorFlow,364.5,16,14846.5,10,8.27
4.0,Inference,PyTorch,3631.2,16,8941.8,20,360.0
8.0,Training,PyTorch,2111.6,128,6427.9,50,360.0
8.0,FineTuning,TensorFlow,3622.5,64,6858.8,20,360.0
48.0,FineTuning,PyTorch,3611.4,256,10224.3,20,54.2
4.0,Training,TensorFlow,828.3,128,8592.3,100,360.0
12.0,Inference,PyTorch,1553.3,128,11834.8,5,13.55
8.0,FineTuning,PyTorch,581.8,256,6382.4,10,15.23
6.0,FineTuning,PyTorch,3111.2,64,6318.1,50,360.0
48.0,Inference,JAX,2041.3,64,11214.9,50,69.9
8.0,Training,PyTorch,3718.8,32,9718.2,50,360.0
24.0,FineTuning,JAX,872.5,32,11693.7,30,360.0
4.0,FineTuning,JAX,2769.1,32,13318.7,10,360.0
16.0,Training,JAX,3957.5,64,4024.7,5,83.27
8.0,Training,JAX,2678.3,8,4794.0,30,360.0
48.0,Inference,TensorFlow,321.7,128,7951.6,50,4.85
16.0,FineTuning,TensorFlow,2374.3,32,13963.7,30,360.0
6.0,Inference,PyTorch,760.4,8,12536.8,30,360.0
16.0,FineTuning,PyTorch,170.5,128,7079.8,100,45.11
24.0,Training,PyTorch,1373.1,256,8639.5,50,123.31
12.0,Training,PyTorch,1101.1,256,10713.4,50,204.35
8.0,Training,PyTorch,3165.6,256,7887.9,5,65.49
10.0,Inference,PyTorch,1526.0,8,1566.9,10,50.92
10.0,Training,JAX,2945.2,256,5355.8,20,148.92
16.0,Inference,PyTorch,114.1,16,809.4,20,1.84
4.0,Inference,PyTorch,108.5,16,10081.0,100,341.04
10.0,Inference,TensorFlow,165.8,256,5123.1,20,1.68
10.0,FineTuning,PyTorch,916.5,128,11101.6,5,29.9
4.0,Inference,PyTorch,1527.3,8,6502.7,30,360.0
80.0,Training,TensorFlow,2451.0,8,779.3,50,210.31
10.0,Training,PyTorch,3944.4,256,5756.3,10,136.27
24.0,Training,PyTorch,1449.9,64,3358.5,20,68.48
8.0,Inference,PyTorch,269.9,32,3292.9,100,71.39
8.0,Training,PyTorch,819.9,128,5726.4,10,59.92
48.0,FineTuning,TensorFlow,3596.5,8,14677.1,10,360.0
48.0,Training,PyTorch,2812.5,32,14405.0,50,360.0
4.0,Training,JAX,3171.3,256,12071.5,100,360.0
6.0,Training,PyTorch,540.5,128,3757.5,5,15.75
48.0,Inference,PyTorch,583.2,8,11482.5,50,191.7
4.0,FineTuning,JAX,493.4,256,328.9,100,11.55
48.0,Inference,JAX,3435.8,16,939.6,5,5.16
48.0,FineTuning,PyTorch,879.4,8,12552.4,100,360.0
6.0,Inference,PyTorch,2590.4,16,8507.1,30,360.0
10.0,FineTuning,TensorFlow,2088.9,256,5662.3,10,38.14
16.0,FineTuning,PyTorch,2200.3,16,11132.8,20,360.0
80.0,FineTuning,PyTorch,822.0,64,1804.0,10,2.52
48.0,FineTuning,TensorFlow,2559.2,256,4371.6,50,36.29
48.0,Inference,PyTorch,220.2,256,10941.4,100,4.37
24.0,FineTuning,PyTorch,3974.2,64,3186.8,100,360.0
80.0,Inference,PyTorch,155.7,32,9049.6,5,1.31
6.0,FineTuning,JAX,248.1,128,6770.2,30,44.07
8.0,Training,PyTorch,1332.4,32,3115.2,30,360.0
48.0,FineTuning,TensorFlow,3334.9,64,13336.9,5,47.1
16.0,Training,PyTorch,1065.9,32,6589.4,5,74.0
80.0,FineTuning,PyTorch,1914.1,128,9022.7,5,8.18
10.0,FineTuning,PyTorch,121.0,128,3870.3,30,9.99
48.0,Inference,PyTorch,361.6,8,5267.4,10,8.62
8.0,Training,PyTorch,2451.5,32,829.9,10,104.66
8.0,Training,PyTorch,817.7,64,7299.9,100,360.0
48.0,Training,TensorFlow,2792.3,8,5238.2,100,360.0
12.0,Training,TensorFlow,3152.3,32,5008.1,30,360.0
8.0,Inference,PyTorch,3408.8,256,13360.2,20,75.75
4.0,Inference,TensorFlow,578.5,128,10587.7,50,132.9
8.0,FineTuning,PyTorch,1849.3,64,6913.6,30,360.0
80.0,Inference,PyTorch,3791.0,256,3010.7,20,2.89
12.0,Training,PyTorch,3099.7,32,14601.4,50,360.0
6.0,Training,PyTorch,512.0,128,1214.0,10,10.32
24.0,Training,PyTorch,2034.9,128,2128.0,5,8.78
6.0,Inference,PyTorch,3693.4,256,4127.8,100,192.48
10.0,FineTuning,PyTorch,1788.2,32,14322.5,50,360.0
24.0,FineTuning,PyTorch,3357.8,32,4255.3,100,360.0
10.0,Training,JAX,2008.6,64,7422.3,5,163.55
24.0,Training,TensorFlow,471.9,8,11441.4,20,360.0
24.0,Inference,PyTorch,634.0,128,13944.9,100,56.86
4.0,Training,JAX,234.4,8,9115.8,30,360.0
16.0,FineTuning,PyTorch,821.5,8,5825.7,30,360.0
80.0,Training,TensorFlow,3579.8,128,14784.1,5,28.66
6.0,Training,PyTorch,2618.3,32,489.8,50,357.0
8.0,FineTuning,PyTorch,2968.5,128,12499.4,50,360.0
12.0,Training,PyTorch,2505.6,256,4233.7,100,360.0
80.0,FineTuning,PyTorch,1576.8,8,12280.0,20,360.0
10.0,FineTuning,PyTorch,906.6,64,2516.3,30,69.89
4.0,FineTuning,PyTorch,3706.2,128,5267.6,5,147.1
10.0,FineTuning,PyTorch,2083.6,64,934.0,10,21.73
16.0,FineTuning,PyTorch,1950.3,32,3074.4,100,360.0
12.0,Training,TensorFlow,3984.6,32,9081.6,30,360.0
4.0,FineTuning,PyTorch,1566.5,256,11446.4,30,360.0
10.0,FineTuning,TensorFlow,3423.8,64,13677.3,20,360.0
16.0,Training,PyTorch,3456.3,64,1883.3,30,217.68
10.0,Inference,PyTorch,969.0,128,2194.5,20,7.02
80.0,FineTuning,PyTorch,424.6,32,14087.8,20,32.94
12.0,Inference,JAX,3903.7,64,11513.0,10,120.52
48.0,Inference,PyTorch,1732.3,16,8142.3,100,347.91
80.0,Training,PyTorch,58.8,128,7203.2,50,3.57
12.0,FineTuning,PyTorch,2021.1,128,2450.0,30,65.8
16.0,Training,PyTorch,2496.2,16,5751.6,20,360.0
4.0,Training,PyTorch,3115.5,32,5651.8,20,360.0
24.0,Inference,PyTorch,3774.6,64,9760.4,50,280.25
10.0,FineTuning,TensorFlow,3664.9,64,9023.7,50,360.0
6.0,Training,TensorFlow,3763.5,32,989.7,20,360.0
12.0,FineTuning,JAX,176.9,16,12742.4,30,253.88
8.0,Inference,PyTorch,2861.5,16,14069.5,100,360.0
16.0,FineTuning,PyTorch,942.1,16,11725.1,30,360.0
48.0,FineTuning,PyTorch,790.8,128,2757.9,100,25.3
24.0,FineTuning,JAX,3211.3,64,2665.3,30,117.97
8.0,Training,PyTorch,1697.7,8,10919.1,50,360.0
48.0,Training,PyTorch,3670.6,128,6668.9,30,148.16
6.0,FineTuning,JAX,217.6,128,11704.2,100,290.56
80.0,FineTuning,PyTorch,3218.6,64,1224.6,30,18.24
10.0,FineTuning,PyTorch,590.5,32,10774.9,30,360.0
4.0,FineTuning,PyTorch,747.5,256,6419.0,50,182.1
48.0,FineTuning,PyTorch,1935.5,64,561.7,5,2.05
24.0,Training,JAX,1612.6,32,8222.9,5,104.89
12.0,Training,PyTorch,1970.4,64,10515.6,30,360.0
12.0,Training,PyTorch,3763.1,128,7970.8,5,119.07
24.0,FineTuning,PyTorch,2646.7,256,1930.9,30,19.76
12.0,Training,PyTorch,1196.7,16,12257.0,50,360.0
48.0,FineTuning,PyTorch,733.0,128,4824.6,30,16.08
16.0,Training,PyTorch,1709.2,128,13829.8,10,150.37
12.0,FineTuning,PyTorch,1834.0,8,13612.4,20,360.0
80.0,Training,PyTorch,2425.1,128,3085.4,50,55.46
6.0,FineTuning,TensorFlow,1100.7,128,7197.8,100,360.0
4.0,Training,PyTorch,3081.7,128,2146.7,10,176.45
48.0,Training,TensorFlow,438.9,256,10198.4,10,4.86
8.0,Inference,PyTorch,2263.8,8,12793.6,20,360.0
24.0,Training,PyTorch,2513.0,32,9760.8,10,360.0
48.0,FineTuning,JAX,867.0,256,3981.1,20,4.75
16.0,Inference,PyTorch,3312.7,256,1237.1,30,6.41
80.0,FineTuning,PyTorch,2481.0,8,1132.0,50,183.58
24.0,Inference,PyTorch,2600.6,16,9202.8,50,360.0
12.0,Training,PyTorch,2016.1,32,14304.6,50,360.0
48.0,FineTuning,PyTorch,3642.9,256,10459.6,20,41.89
6.0,FineTuning,PyTorch,2791.0,256,10986.3,20,317.45
24.0,Training,PyTorch,1558.3,8,5006.6,10,360.0
10.0,Training,PyTorch,992.5,16,8832.0,50,360.0
80.0,Training,TensorFlow,330.7,16,4817.3,10,20.5
4.0,FineTuning,PyTorch,703.2,64,13534.8,30,360.0
24.0,Inference,PyTorch,3971.1,64,2074.5,10,12.31
16.0,Training,PyTorch,1656.7,256,9517.2,50,230.28
48.0,Training,PyTorch,3599.8,256,10989.6,20,68.72
12.0,Training,PyTorch,723.7,128,10507.5,10,63.9
4.0,FineTuning,PyTorch,1730.2,32,3934.0,10,355.18
4.0,FineTuning,PyTorch,3844.0,8,7341.9,20,360.0
80.0,Training,TensorFlow,410.0,128,9983.9,20,11.06
16.0,Training,TensorFlow,2396.2,32,13971.1,50,360.0
12.0,FineTuning,PyTorch,3680.7,256,7544.9,30,177.09
4.0,Inference,TensorFlow,3801.2,64,4577.6,100,360.0
16.0,FineTuning,TensorFlow,3391.7,8,5859.2,50,360.0
16.0,FineTuning,PyTorch,3430.9,16,8165.7,10,360.0
8.0,Training,JAX,2626.1,16,14647.7,50,360.0
48.0,Training,PyTorch,920.7,128,9462.1,50,91.59
4.0,Training,PyTorch,2936.2,128,2405.6,20,348.47
4.0,Training,PyTorch,3914.6,8,12662.8,30,360.0
16.0,Inference,JAX,2127.4,16,2803.6,100,360.0
4.0,FineTuning,PyTorch,1079.8,128,677.3,30,34.29
16.0,Training,PyTorch,2315.2,16,1593.1,50,360.0
4.0,Training,PyTorch,2777.9,64,11813.2,20,360.0
16.0,Training,PyTorch,872.7,128,13538.2,20,166.67
8.0,FineTuning,PyTorch,2890.8,256,4096.2,10,42.15
48.0,Training,TensorFlow,2370.4,32,7521.8,5,90.24
16.0,Training,PyTorch,2468.8,128,8998.6,10,142.0
4.0,FineTuning,PyTorch,1258.7,64,6338.5,100,360.0
12.0,Training,TensorFlow,663.3,8,1073.3,10,111.1
48.0,Training,PyTorch,2512.6,16,944.1,10,41.42
8.0,Training,PyTorch,2365.6,256,6661.2,5,53.24
16.0,Training,PyTorch,1385.1,8,11988.2,20,360.0
12.0,Training,TensorFlow,1218.8,128,1361.0,20,24.65
16.0,Training,PyTorch,1421.6,32,3164.6,30,360.0
4.0,FineTuning,PyTorch,1985.0,8,4119.5,30,360.0
24.0,FineTuning,PyTorch,3900.5,32,8431.0,50,360.0
80.0,FineTuning,TensorFlow,3066.1,128,743.6,100,19.2
6.0,Inference,PyTorch,3414.4,32,12914.6,50,360.0
12.0,Training,PyTorch,2047.3,32,7113.8,50,360.0
10.0,Inference,PyTorch,2128.2,64,7330.0,30,161.7
16.0,Training,PyTorch,857.1,8,4965.1,30,360.0
16.0,Training,PyTorch,2898.1,128,3258.8,10,66.3
6.0,Training,PyTorch,1715.3,64,5518.7,20,360.0
6.0,Training,TensorFlow,2982.7,32,13709.7,30,360.0
10.0,Inference,JAX,1665.8,64,1504.0,5,5.31
4.0,Training,PyTorch,478.6,64,1004.9,10,21.0
80.0,Training,PyTorch,733.6,32,1805.3,5,4.65
24.0,Training,PyTorch,3255.7,128,11677.0,5,72.22
24.0,Training,TensorFlow,1071.5,16,821.4,20,66.23
8.0,Training,PyTorch,1094.2,64,5064.2,5,65.84
8.0,Training,PyTorch,3721.0,8,6430.4,5,360.0
4.0,Training,TensorFlow,2647.7,32,7656.0,100,360.0
8.0,Inference,TensorFlow,501.5,16,147.7,5,1.75
8.0,Training,PyTorch,617.2,64,7352.8,5,54.04
10.0,Training,PyTorch,1125.9,32,3004.4,10,139.3
10.0,FineTuning,PyTorch,2396.3,32,1558.4,10,86.18
8.0,Inference,PyTorch,3023.7,64,8046.1,20,174.27
48.0,Training,TensorFlow,1134.3,256,11187.8,20,31.16
48.0,Training,PyTorch,3489.0,256,14027.8,100,360.0
4.0,Inference,PyTorch,481.3,8,13698.6,5,206.83
24.0,Training,TensorFlow,870.0,32,6045.0,50,360.0
6.0,FineTuning,PyTorch,3883.3,32,10590.5,5,360.0
4.0,Training,PyTorch,582.2,64,10464.7,5,150.48
8.0,Inference,PyTorch,3558.0,16,6240.4,100,360.0
10.0,Inference,TensorFlow,2830.5,32,1563.3,20,57.54
16.0,Inference,PyTorch,338.7,32,5791.9,30,23.22
12.0,Training,PyTorch,1960.6,64,14886.1,20,360.0
10.0,Training,PyTorch,2100.0,256,8370.0,10,84.73
48.0,Training,TensorFlow,3732.0,32,5186.7,20,310.36
10.0,Inference,PyTorch,1713.4,64,11182.8,100,360.0
6.0,Inference,PyTorch,1814.7,8,10326.3,30,360.0
8.0,Training,JAX,494.3,64,8724.1,5,59.17
16.0,FineTuning,JAX,2574.7,256,9597.7,30,114.54
48.0,Training,JAX,883.0,16,8815.6,100,360.0
48.0,Training,PyTorch,356.3,32,14348.5,100,360.0
80.0,FineTuning,TensorFlow,3987.8,8,7686.1,20,360.0
24.0,Training,PyTorch,1115.0,32,8893.8,50,360.0
6.0,Training,PyTorch,607.2,32,7127.7,100,360.0
48.0,Training,PyTorch,2813.0,256,9043.3,10,23.67
24.0,Inference,PyTorch,3295.6,64,13373.3,100,360.0
48.0,Inference,PyTorch,303.1,32,5162.3,30,8.09
8.0,Inference,PyTorch,466.3,256,7489.0,100,35.55
24.0,FineTuning,TensorFlow,406.2,8,6784.3,20,231.11
80.0,FineTuning,PyTorch,235.5,256,6029.9,5,1.61
8.0,Training,PyTorch,2654.9,256,12333.5,20,360.0
16.0,Inference,PyTorch,2373.8,256,3556.0,100,34.9
6.0,FineTuning,JAX,2668.1,128,7548.8,100,360.0
6.0,FineTuning,PyTorch,2047.4,256,13877.1,5,64.75
12.0,FineTuning,PyTorch,3279.2,32,2502.7,50,360.0
12.0,Inference,PyTorch,2209.3,256,169.2,10,1.13
24.0,Training,TensorFlow,3679.1,64,4051.8,30,360.0
6.0,Training,PyTorch,1968.3,16,13842.4,20,360.0
24.0,FineTuning,PyTorch,3173.1,32,1405.6,20,77.41
12.0,Inference,PyTorch,1659.1,256,2142.4,30,7.43
16.0,FineTuning,TensorFlow,1769.1,256,4873.1,100,196.2
48.0,Training,PyTorch,3403.5,64,11568.6,5,91.63
10.0,Training,PyTorch,475.3,32,11294.1,10,254.72
24.0,FineTuning,PyTorch,2281.4,128,1397.3,50,38.37
16.0,FineTuning,JAX,2919.0,128,14014.3,30,360.0
6.0,FineTuning,PyTorch,3014.2,8,3658.4,10,360.0
48.0,Training,PyTorch,2386.4,128,4281.5,20,37.75
80.0,Inference,PyTorch,1819.9,64,5857.6,10,4.57
12.0,FineTuning,PyTorch,1080.1,128,9553.9,100,360.0
10.0,FineTuning,PyTorch,3642.2,64,7867.5,50,360.0
16.0,Training,PyTorch,1510.7,32,13936.4,10,360.0
48.0,Training,JAX,3206.0,8,8512.8,100,360.0
8.0,Inference,PyTorch,175.1,256,12869.9,20,5.84
4.0,Training,TensorFlow,967.1,256,1265.2,50,78.86
10.0,FineTuning,PyTorch,1415.1,256,12852.9,50,234.55
10.0,FineTuning,JAX,2702.7,8,3045.9,50,360.0
4.0,FineTuning,PyTorch,1311.4,256,5502.1,20,106.75
80.0,Training,PyTorch,213.4,128,4866.3,5,1.91
8.0,Training,PyTorch,736.8,256,5125.5,20,43.68
12.0,Inference,TensorFlow,1073.7,256,13788.3,5,5.43
16.0,FineTuning,TensorFlow,745.4,16,6679.7,100,360.0
48.0,Training,PyTorch,854.7,128,4092.7,5,3.94
16.0,Training,PyTorch,3087.4,256,4486.6,20,86.0
8.0,Inference,PyTorch,1677.5,16,12069.7,100,360.0
16.0,Training,PyTorch,1650.5,128,8132.8,10,85.74
4.0,FineTuning,PyTorch,3868.1,64,6797.5,20,360.0
10.0,Training,PyTorch,1814.5,64,13909.5,50,360.0
16.0,Inference,PyTorch,3714.2,256,13957.1,10,24.3
24.0,FineTuning,TensorFlow,1231.3,256,11366.2,30,45.1
8.0,FineTuning,TensorFlow,1632.5,16,7818.3,100,360.0
80.0,Training,PyTorch,1615.3,8,1837.5,30,160.87
24.0,Inference,TensorFlow,2207.0,16,10648.5,30,307.4
4.0,Training,PyTorch,2357.8,32,12245.2,50,360.0
6.0,Inference,TensorFlow,1030.1,8,12795.4,100,360.0
4.0,FineTuning,PyTorch,3184.7,16,8769.8,100,360.0
80.0,FineTuning,TensorFlow,2011.3,32,9290.9,50,239.91
80.0,Training,PyTorch,77.8,32,10668.4,5,3.04
24.0,FineTuning,PyTorch,2385.8,256,13121.5,100,360.0
8.0,Training,PyTorch,3202.3,128,776.8,50,134.45
12.0,Training,PyTorch,1039.3,256,8492.0,100,360.0
10.0,Training,PyTorch,199.6,16,5599.5,5,49.42
24.0,Training,PyTorch,3238.4,64,12514.1,30,360.0
80.0,Training,TensorFlow,3906.3,256,2093.8,20,11.45
6.0,Training,PyTorch,352.4,128,13654.6,20,139.71
48.0,Inference,PyTorch,3755.2,256,1947.7,100,13.69
80.0,Training,PyTorch,1469.1,256,1431.0,50,8.34
80.0,FineTuning,PyTorch,3768.7,8,5262.8,100,360.0
24.0,Training,PyTorch,2612.9,64,14921.4,30,360.0
80.0,FineTuning,TensorFlow,3566.5,32,9543.7,100,360.0
80.0,FineTuning,PyTorch,3154.0,8,493.9,30,60.61
8.0,Inference,PyTorch,160.6,128,3814.0,5,1.6
10.0,Inference,PyTorch,308.5,256,2322.6,5,1.17
6.0,FineTuning,PyTorch,2126.7,32,115.0,30,32.17
8.0,FineTuning,PyTorch,562.0,256,7772.6,100,144.71
12.0,Training,PyTorch,1871.1,32,5778.5,50,360.0
12.0,FineTuning,JAX,3820.8,32,9237.9,50,360.0
16.0,Training,PyTorch,1214.3,64,3323.8,30,127.39
24.0,Training,PyTorch,1981.2,128,12482.7,100,360.0
24.0,Training,PyTorch,1567.8,128,5809.1,100,330.54
4.0,FineTuning,TensorFlow,2537.8,256,7295.3,20,322.43
6.0,FineTuning,TensorFlow,815.7,64,11014.0,20,360.0
80.0,FineTuning,PyTorch,1076.8,128,2575.9,5,2.14
6.0,FineTuning,JAX,3442.1,32,4008.9,100,360.0
16.0,Training,PyTorch,3254.8,32,2405.8,30,360.0
4.0,FineTuning,PyTorch,3167.3,256,11544.4,20,360.0
8.0,Inference,TensorFlow,3095.1,32,1553.1,50,183.3
6.0,Inference,TensorFlow,1864.8,128,7386.1,10,41.88
8.0,FineTuning,JAX,2929.1,16,11273.7,10,360.0
12.0,FineTuning,TensorFlow,1579.5,8,7665.7,100,360.0
16.0,FineTuning,JAX,447.8,16,7679.3,30,306.38
80.0,Training,PyTorch,1603.8,64,1048.8,5,2.86
10.0,Training,PyTorch,676.7,16,11764.6,10,360.0
24.0,Training,PyTorch,1593.9,256,9099.7,50,161.6
16.0,Training,TensorFlow,1224.8,16,10045.9,50,360.0
6.0,FineTuning,PyTorch,2416.7,256,11510.4,50,360.0
48.0,Inference,PyTorch,1478.1,64,8453.2,10,8.59
24.0,Training,TensorFlow,2837.1,16,7678.5,20,360.0
24.0,FineTuning,JAX,2073.0,8,9981.2,50,360.0
48.0,FineTuning,PyTorch,3682.0,128,13510.1,5,29.42
4.0,Training,PyTorch,409.6,64,9613.6,30,360.0
4.0,Training,PyTorch,2766.5,16,11846.0,30,360.0
48.0,FineTuning,PyTorch,2706.0,32,7256.0,30,244.88
10.0,FineTuning,PyTorch,3805.0,32,8884.6,20,360.0
12.0,Inference,JAX,1517.6,64,2784.2,30,33.45
48.0,Training,PyTorch,1256.5,32,7378.9,30,204.16
12.0,Inference,PyTorch,731.0,8,2318.5,10,36.14
10.0,Training,PyTorch,1097.9,16,7058.6,20,360.0
16.0,FineTuning,PyTorch,2032.5,8,1067.8,20,313.88
12.0,FineTuning,PyTorch,3359.0,8,8685.5,10,360.0
24.0,Training,TensorFlow,1172.9,128,4372.4,5,9.59
24.0,Training,TensorFlow,673.1,16,12640.5,30,360.0
10.0,Training,PyTorch,1124.9,64,5706.3,5,71.67
12.0,Training,TensorFlow,448.7,32,13774.8,10,169.85
8.0,FineTuning,PyTorch,3710.4,128,7146.0,10,240.7
10.0,Training,PyTorch,3496.9,8,12748.2,10,360.0
10.0,FineTuning,PyTorch,1268.5,32,4529.3,10,146.32
8.0,Training,PyTorch,1025.6,16,6828.9,100,360.0
12.0,FineTuning,PyTorch,3626.3,8,9541.6,50,360.0
12.0,FineTuning,PyTorch,57.0,8,3953.9,10,22.01
24.0,FineTuning,PyTorch,2422.3,16,9894.2,5,230.07
10.0,FineTuning,PyTorch,3668.2,64,4400.2,10,208.51
10.0,Training,PyTorch,2058.8,128,7316.0,5,90.54
80.0,Inference,PyTorch,61.7,16,448.2,10,1.01
16.0,Training,PyTorch,914.5,32,1264.9,10,34.23
10.0,Training,PyTorch,3693.6,32,3483.8,50,360.0
6.0,Training,PyTorch,117.2,8,12116.7,10,335.73
16.0,FineTuning,TensorFlow,1609.4,256,9939.7,30,89.34
6.0,FineTuning,PyTorch,3169.5,128,13412.4,50,360.0
12.0,FineTuning,PyTorch,3360.5,64,13580.2,50,360.0
16.0,Training,PyTorch,1936.6,64,5682.6,30,344.44
10.0,Training,PyTorch,968.3,256,5576.2,100,227.9
8.0,Inference,JAX,2418.8,32,12552.6,50,360.0
24.0,FineTuning,PyTorch,1091.9,64,6454.0,10,30.93
6.0,Training,PyTorch,1058.3,32,12872.3,30,360.0
16.0,FineTuning,TensorFlow,3240.0,128,7638.4,10,96.05
10.0,Training,PyTorch,659.4,256,6428.2,50,100.12
16.0,Training,PyTorch,71.8,8,4258.1,20,57.95
10.0,Training,TensorFlow,1380.3,32,1984.7,30,324.3
10.0,Training,TensorFlow,1989.3,128,7935.9,5,81.3
10.0,Training,PyTorch,2835.1,256,4945.9,50,287.43
80.0,Inference,PyTorch,3135.4,32,3816.7,20,16.29
24.0,FineTuning,TensorFlow,2670.9,16,2627.9,50,360.0
8.0,FineTuning,PyTorch,2524.7,32,5890.5,10,360.0
8.0,FineTuning,PyTorch,2679.7,128,8382.5,100,360.0
16.0,Inference,PyTorch,1122.5,64,12571.7,100,309.02
16.0,Training,PyTorch,1560.3,32,12320.8,10,360.0
10.0,Inference,PyTorch,2484.9,8,12840.4,100,360.0
80.0,FineTuning,PyTorch,309.0,128,8685.9,10,3.5
10.0,Training,TensorFlow,1216.5,64,8437.3,20,357.78
80.0,Training,PyTorch,1655.4,128,13586.6,10,29.76
10.0,FineTuning,PyTorch,2157.1,32,4399.3,50,360.0
6.0,FineTuning,PyTorch,1971.6,16,2267.2,50,360.0
6.0,Training,TensorFlow,2886.6,16,1333.3,100,360.0
12.0,FineTuning,PyTorch,1920.0,8,13227.6,50,360.0
10.0,FineTuning,PyTorch,3621.3,256,5639.4,30,172.89
24.0,Training,PyTorch,1552.3,256,7531.0,50,101.26
12.0,Inference,PyTorch,2125.2,8,12065.6,10,360.0
16.0,Inference,JAX,62.7,64,5660.2,30,3.32
10.0,FineTuning,PyTorch,1276.4,16,13032.5,30,360.0
6.0,Inference,PyTorch,3473.0,32,4893.3,30,360.0
80.0,Training,TensorFlow,1367.6,128,11012.5,30,46.76
24.0,Training,PyTorch,1050.1,128,10043.8,100,360.0
10.0,Training,PyTorch,2197.0,16,3100.1,20,360.0
8.0,FineTuning,PyTorch,361.0,16,1955.0,100,360.0
8.0,FineTuning,PyTorch,2149.8,128,1762.2,50,147.69
80.0,FineTuning,PyTorch,1249.5,64,9798.6,20,35.69
12.0,Training,PyTorch,1563.3,128,292.9,100,34.09
8.0,Training,PyTorch,3175.9,8,9944.0,5,360.0
12.0,Inference,PyTorch,2664.8,32,11751.3,20,360.0
6.0,Inference,PyTorch,1812.1,16,4607.4,100,360.0
10.0,FineTuning,TensorFlow,2331.2,256,11210.9,100,360.0
6.0,FineTuning,TensorFlow,3079.1,16,2564.3,30,360.0
6.0,FineTuning,PyTorch,2995.8,64,14411.3,50,360.0
48.0,Training,JAX,782.0,8,3557.8,100,360.0
4.0,Training,PyTorch,1238.6,128,7376.6,50,360.0
24.0,FineTuning,PyTorch,1425.5,8,14709.4,10,360.0
12.0,FineTuning,PyTorch,790.8,8,13616.4,100,360.0
48.0,Training,PyTorch,98.0,64,9926.0,20,9.17
4.0,Inference,PyTorch,737.2,64,5601.0,50,171.41
24.0,Inference,PyTorch,3242.6,256,10531.3,5,7.02
12.0,Training,PyTorch,2206.4,128,6958.1,5,71.24
10.0,FineTuning,PyTorch,1399.5,256,1721.7,100,70.9
24.0,Inference,JAX,2453.0,128,11960.1,20,39.68
6.0,Training,PyTorch,2972.3,32,13087.0,100,360.0
4.0,FineTuning,PyTorch,1450.0,8,6173.3,100,360.0
4.0,FineTuning,TensorFlow,1891.0,128,10019.3,10,338.15
4.0,Training,PyTorch,303.6,64,552.4,100,76.03
12.0,Inference,PyTorch,2408.5,32,3039.0,100,360.0
24.0,Training,PyTorch,1457.8,256,8596.9,5,13.22
6.0,Training,TensorFlow,1762.4,32,4183.8,10,360.0
48.0,Training,TensorFlow,1719.3,64,14171.0,20,193.95
10.0,Training,PyTorch,2548.0,128,12572.0,100,360.0
8.0,Training,PyTorch,2311.2,64,9859.6,50,360.0
48.0,FineTuning,PyTorch,1717.3,128,14982.7,10,35.86
6.0,Training,PyTorch,117.0,64,3724.4,100,152.42
8.0,FineTuning,JAX,2502.8,64,13795.0,5,257.34
8.0,FineTuning,PyTorch,3524.3,16,4638.1,10,360.0
4.0,Training,PyTorch,3089.7,128,8989.3,50,360.0
16.0,FineTuning,PyTorch,3927.4,8,6572.1,100,360.0
6.0,FineTuning,PyTorch,599.3,16,6703.9,50,360.0
4.0,FineTuning,JAX,929.0,16,11461.4,5,360.0
6.0,Training,TensorFlow,2180.1,16,5278.4,10,360.0
16.0,FineTuning,PyTorch,981.7,16,7662.2,10,235.83
10.0,Inference,TensorFlow,186.5,8,3254.5,30,50.09
16.0,Training,PyTorch,1639.0,16,11475.7,5,360.0
80.0,Training,PyTorch,1186.2,256,8323.8,10,5.96
48.0,FineTuning,PyTorch,1091.9,8,3900.4,20,139.47
4.0,Training,PyTorch,3815.0,256,4062.4,30,360.0
48.0,FineTuning,PyTorch,991.9,8,4473.7,5,42.84
80.0,Training,PyTorch,561.3,256,10519.5,50,16.6
16.0,Training,PyTorch,545.0,16,8966.9,5,141.21
12.0,FineTuning,PyTorch,3235.0,32,12351.5,20,360.0
16.0,Training,PyTorch,2873.6,8,8615.8,20,360.0
16.0,Training,PyTorch,561.5,16,4669.1,50,360.0
80.0,Training,PyTorch,918.0,64,14446.8,50,169.22
10.0,Training,TensorFlow,3002.0,64,13303.0,50,360.0
6.0,Inference,PyTorch,1134.7,128,4254.4,30,33.72
80.0,Inference,PyTorch,3927.1,8,13699.1,20,350.5
6.0,Training,PyTorch,2185.3,8,10829.9,50,360.0
80.0,FineTuning,PyTorch,808.4,256,6278.9,20,5.29
6.0,Training,PyTorch,3442.3,64,7056.5,30,360.0
48.0,FineTuning,PyTorch,1311.9,8,6751.1,100,360.0
80.0,Training,PyTorch,1190.8,8,11973.3,30,360.0
80.0,Training,TensorFlow,1343.4,64,2715.0,100,87.82
80.0,FineTuning,PyTorch,3084.4,16,974.2,20,37.46
6.0,Training,PyTorch,734.2,256,7527.0,50,257.47
10.0,Training,PyTorch,1558.1,64,4427.1,100,360.0
24.0,FineTuning,PyTorch,171.8,32,8502.5,5,9.2
6.0,FineTuning,PyTorch,3315.2,64,14675.1,10,360.0
4.0,FineTuning,PyTorch,1395.8,256,10104.6,20,191.61
8.0,FineTuning,PyTorch,1030.3,64,14392.4,100,360.0
10.0,FineTuning,TensorFlow,2340.6,256,11007.6,30,245.76
48.0,Training,PyTorch,2834.7,16,1231.1,50,287.87
16.0,Training,TensorFlow,3260.9,64,13350.6,100,360.0
6.0,FineTuning,PyTorch,1423.8,64,3063.9,10,80.12
80.0,FineTuning,PyTorch,3258.6,16,12985.4,20,360.0
6.0,FineTuning,PyTorch,1886.3,64,11261.3,5,196.81
12.0,FineTuning,PyTorch,449.5,16,12595.4,5,102.32
10.0,Training,PyTorch,3392.9,32,3878.3,30,360.0
24.0,Training,JAX,2213.2,16,12130.2,30,360.0
48.0,Training,PyTorch,2429.8,8,9194.2,30,360.0
12.0,FineTuning,TensorFlow,3753.1,8,1319.9,20,360.0
12.0,FineTuning,TensorFlow,2258.6,256,13348.1,5,31.5
6.0,Inference,PyTorch,72.1,16,13164.5,5,9.37
48.0,FineTuning,PyTorch,3488.9,64,8622.7,30,255.57
6.0,Inference,PyTorch,1174.8,128,6844.1,30,74.78
16.0,FineTuning,TensorFlow,2032.0,128,6068.2,50,277.36
48.0,Inference,TensorFlow,859.3,32,9080.8,5,6.04
16.0,FineTuning,PyTorch,1223.1,32,12641.2,30,360.0
10.0,Inference,PyTorch,2762.3,128,8532.3,30,103.13
10.0,Training,PyTorch,1746.8,128,2031.8,30,91.83
16.0,Training,TensorFlow,2527.2,16,4661.9,100,360.0
10.0,FineTuning,JAX,3303.1,128,10056.9,50,360.0
48.0,Inference,PyTorch,1396.2,8,9737.7,5,35.9
80.0,Training,PyTorch,2294.9,32,7831.6,5,44.91
4.0,Training,PyTorch,3121.5,256,3683.1,5,63.69
10.0,FineTuning,PyTorch,2874.7,32,4131.6,50,360.0
10.0,FineTuning,TensorFlow,2182.4,8,7315.3,20,360.0
6.0,Training,PyTorch,1564.4,32,5978.0,50,360.0
16.0,FineTuning,PyTorch,1659.6,128,4807.5,100,271.38
8.0,Inference,PyTorch,1760.9,32,12458.9,10,191.21
24.0,Inference,PyTorch,1427.9,8,7609.9,100,360.0
12.0,Training,PyTorch,2811.3,32,7595.7,50,360.0
10.0,Training,TensorFlow,545.4,256,6478.0,10,18.44
12.0,Training,PyTorch,3871.4,256,10245.5,100,360.0
48.0,Training,PyTorch,3127.0,256,2717.2,30,29.79
8.0,Training,PyTorch,1227.7,256,14159.5,10,130.16
24.0,FineTuning,PyTorch,218.1,128,1658.7,50,5.93
16.0,Training,PyTorch,2859.6,256,10683.5,20,231.59
4.0,Inference,PyTorch,2950.7,256,10594.1,5,36.69
24.0,Inference,PyTorch,3856.3,16,1797.7,50,201.42
24.0,Training,PyTorch,1052.1,256,14896.3,5,19.29
4.0,Inference,TensorFlow,376.8,128,611.3,100,10.83
80.0,FineTuning,PyTorch,3664.8,256,5533.9,10,7.16
16.0,FineTuning,PyTorch,1071.7,32,6429.1,30,329.58
6.0,Training,PyTorch,2900.0,256,12061.8,30,360.0
12.0,FineTuning,TensorFlow,289.6,64,544.3,50,8.36
10.0,Training,PyTorch,3054.3,32,8399.6,10,360.0
24.0,FineTuning,PyTorch,551.8,256,3139.6,10,2.61
48.0,Training,PyTorch,2797.6,256,8631.6,5,14.68
4.0,FineTuning,PyTorch,2152.8,32,9730.6,100,360.0
12.0,Training,TensorFlow,3824.2,8,608.7,100,360.0
8.0,Training,JAX,195.8,64,1105.2,10,6.13
4.0,FineTuning,PyTorch,1203.6,8,1369.8,20,360.0
8.0,FineTuning,TensorFlow,324.6,256,12798.9,30,40.43
16.0,Training,PyTorch,3522.8,8,13907.3,100,360.0
24.0,Training,PyTorch,2395.9,128,6622.1,20,126.48
48.0,Inference,TensorFlow,2163.1,16,13134.5,100,360.0
10.0,FineTuning,PyTorch,569.3,32,7195.5,20,182.49
8.0,Training,PyTorch,1981.7,64,6076.8,5,131.35
12.0,FineTuning,TensorFlow,1624.9,32,8015.5,10,318.28
80.0,FineTuning,PyTorch,1297.2,8,11873.8,5,76.75
16.0,Training,PyTorch,3100.1,16,3434.1,100,360.0
80.0,FineTuning,PyTorch,292.0,8,4595.8,30,48.27
16.0,Inference,TensorFlow,2604.4,32,12748.2,5,53.86
6.0,FineTuning,TensorFlow,3300.8,128,13748.0,100,360.0
12.0,Training,PyTorch,3633.9,32,1932.8,20,360.0
80.0,Inference,TensorFlow,2996.4,8,10603.5,5,55.38
48.0,Training,TensorFlow,1165.7,64,243.3,10,1.72
24.0,Inference,PyTorch,2422.0,64,3768.2,5,7.91
4.0,Training,TensorFlow,608.5,64,1122.6,10,36.32
10.0,FineTuning,PyTorch,512.4,64,7779.3,20,99.67
24.0,FineTuning,PyTorch,2572.6,64,5216.4,10,55.07
24.0,Training,PyTorch,3411.9,256,2150.1,10,13.24
16.0,FineTuning,PyTorch,315.6,16,104.8,100,12.25
48.0,FineTuning,PyTorch,468.7,16,5887.0,10,26.01
16.0,Training,PyTorch,2284.1,128,4487.6,100,360.0
8.0,FineTuning,PyTorch,911.9,64,795.7,10,13.73
10.0,FineTuning,PyTorch,2466.7,8,12791.4,30,360.0
8.0,Training,PyTorch,897.4,8,6220.6,50,360.0
4.0,Inference,TensorFlow,510.1,32,11644.3,100,360.0
12.0,Inference,TensorFlow,2205.0,64,6388.4,30,118.33
4.0,Training,TensorFlow,3455.7,8,1106.0,5,360.0
4.0,FineTuning,PyTorch,2756.2,256,5974.5,30,360.0
6.0,Training,TensorFlow,3284.0,128,13303.4,30,360.0
10.0,FineTuning,PyTorch,1102.0,8,215.8,10,21.76
16.0,Inference,PyTorch,3549.6,256,13440.0,5,13.49
48.0,Training,PyTorch,1539.3,256,9885.2,5,8.43
8.0,Inference,PyTorch,3417.2,128,14934.9,20,203.31
4.0,FineTuning,TensorFlow,1911.1,64,13750.2,10,360.0
8.0,Training,PyTorch,1108.0,32,13047.4,30,360.0
8.0,Inference,PyTorch,1078.0,32,658.9,20,11.86
12.0,FineTuning,TensorFlow,2292.3,16,4275.7,20,360.0
10.0,FineTuning,PyTorch,362.1,64,5683.7,100,214.7
10.0,FineTuning,TensorFlow,3723.7,8,10527.4,30,360.0
80.0,Training,TensorFlow,1122.3,32,9764.7,5,30.13
24.0,Training,PyTorch,1375.7,256,2658.3,10,7.61
10.0,Inference,PyTorch,971.5,128,11078.9,10,19.03
8.0,FineTuning,PyTorch,61.9,256,2418.9,30,2.83
16.0,Inference,PyTorch,2785.6,128,6900.9,10,19.05
8.0,Training,PyTorch,2382.7,8,8723.2,50,360.0
16.0,FineTuning,PyTorch,3248.1,8,13073.2,20,360.0
80.0,Inference,JAX,212.0,64,9506.7,20,2.8
16.0,Training,TensorFlow,3718.2,8,14327.2,50,360.0
10.0,Training,TensorFlow,1357.0,8,14918.0,10,360.0
12.0,FineTuning,PyTorch,3656.6,8,7681.5,5,360.0
16.0,Training,PyTorch,473.2,32,867.0,100,91.78
8.0,Training,PyTorch,2988.5,64,522.0,50,228.51
48.0,Inference,PyTorch,2338.5,8,12849.2,50,360.0
10.0,Inference,TensorFlow,1464.9,8,7547.8,20,360.0
48.0,FineTuning,JAX,362.6,256,5565.2,5,1.73
8.0,FineTuning,PyTorch,2438.7,256,4338.4,5,18.23
24.0,Inference,TensorFlow,154.4,128,4298.7,10,1.43
80.0,FineTuning,PyTorch,2030.1,32,1185.0,5,3.59
10.0,Training,PyTorch,2436.6,8,4614.6,10,360.0
48.0,Training,PyTorch,2943.5,32,9707.6,30,360.0
8.0,Training,PyTorch,3965.8,64,5839.6,50,360.0
24.0,Training,TensorFlow,1077.4,64,14222.5,100,360.0
8.0,Training,TensorFlow,1323.4,256,10055.7,100,360.0
24.0,Training,PyTorch,1397.5,16,12973.3,50,360.0
16.0,Training,PyTorch,2939.8,128,1801.0,10,28.47
6.0,Training,PyTorch,3730.7,16,6812.7,10,360.0
8.0,FineTuning,TensorFlow,3898.6,32,717.4,10,75.14
16.0,Training,JAX,3786.0,128,13435.7,50,360.0
10.0,FineTuning,TensorFlow,3523.6,256,2288.3,10,29.05
16.0,Training,TensorFlow,3964.4,8,12100.8,50,360.0
4.0,Inference,PyTorch,1535.0,256,13864.8,100,360.0
4.0,Inference,PyTorch,3795.9,256,6684.1,50,209.12
8.0,FineTuning,PyTorch,3056.0,128,5901.5,100,360.0
48.0,FineTuning,PyTorch,715.4,128,9041.8,20,14.34
48.0,Inference,TensorFlow,229.6,64,11130.9,100,20.06
10.0,Training,TensorFlow,897.2,16,9719.6,20,360.0
16.0,Inference,PyTorch,3126.1,64,117.2,30,2.99
48.0,FineTuning,PyTorch,2545.2,64,11810.4,30,198.24
24.0,FineTuning,PyTorch,936.2,16,2296.1,100,360.0
24.0,Training,PyTorch,2980.6,64,6800.2,5,100.16
10.0,FineTuning,PyTorch,608.2,128,4307.1,10,20.08
80.0,FineTuning,PyTorch,3296.3,32,13925.8,100,360.0
16.0,FineTuning,JAX,3186.9,8,7581.4,100,360.0
8.0,FineTuning,PyTorch,3891.7,8,7880.2,50,360.0
12.0,Training,PyTorch,643.6,64,1234.6,5,7.39
12.0,Training,PyTorch,3631.1,16,13470.7,20,360.0
12.0,Training,JAX,1397.4,128,3661.5,50,199.43
48.0,Training,TensorFlow,1693.4,64,6268.0,100,360.0
80.0,Training,PyTorch,1900.4,128,14780.9,5,16.02
80.0,Training,JAX,2526.3,128,1797.0,100,49.84
16.0,Training,PyTorch,3979.3,256,10806.1,20,271.62
16.0,FineTuning,PyTorch,2419.8,8,3976.0,30,360.0
80.0,Training,PyTorch,3710.5,32,6354.9,10,102.02
10.0,Inference,PyTorch,1057.4,32,6331.1,10,40.41
16.0,FineTuning,PyTorch,1623.7,16,13990.3,5,360.0
10.0,FineTuning,JAX,2042.8,32,254.4,20,29.24
4.0,Training,TensorFlow,1325.5,64,5571.3,5,226.58
24.0,FineTuning,PyTorch,3908.6,8,12801.1,20,360.0
16.0,FineTuning,PyTorch,2916.5,8,13666.6,20,360.0
80.0,Inference,PyTorch,1941.6,128,4738.7,10,3.09
24.0,FineTuning,PyTorch,3017.7,64,3705.1,30,179.66
24.0,FineTuning,PyTorch,1896.4,64,6972.9,30,190.29
6.0,Inference,PyTorch,118.0,128,11213.0,50,17.73
80.0,Training,TensorFlow,2195.6,256,2395.2,20,7.56
80.0,Training,TensorFlow,2519.5,256,11788.6,10,23.44
16.0,FineTuning,PyTorch,3925.8,128,7738.8,20,263.21
8.0,Training,PyTorch,211.1,8,2198.0,100,360.0
4.0,Training,PyTorch,2072.8,64,10109.2,50,360.0
10.0,FineTuning,PyTorch,437.7,32,9460.2,100,360.0
8.0,Training,PyTorch,638.5,32,9373.2,10,354.82
4.0,FineTuning,PyTorch,2461.3,8,11346.3,20,360.0
8.0,Inference,PyTorch,964.7,32,2800.2,30,56.19
10.0,Training,TensorFlow,3009.2,32,10492.7,30,360.0
48.0,Training,PyTorch,2081.1,64,13320.7,50,360.0
80.0,Training,TensorFlow,911.9,64,8001.6,100,150.64
8.0,Training,PyTorch,2000.5,16,7341.8,30,360.0
16.0,Training,TensorFlow,53.5,64,11987.0,20,17.03
12.0,Training,PyTorch,3457.8,16,2278.9,50,360.0
16.0,Training,PyTorch,100.1,256,5179.0,100,15.11
10.0,Training,PyTorch,77.7,64,12821.4,5,9.74
16.0,FineTuning,PyTorch,2465.4,128,7546.6,50,344.48
24.0,Inference,PyTorch,3895.4,64,12622.5,30,186.79
80.0,FineTuning,JAX,3430.9,16,3852.8,10,96.81
24.0,FineTuning,TensorFlow,1045.5,32,5904.7,50,258.21
16.0,Training,PyTorch,826.8,64,12371.9,20,240.72
4.0,FineTuning,PyTorch,2523.1,32,2536.1,100,360.0
6.0,Training,PyTorch,3299.4,32,13432.2,50,360.0
4.0,Training,TensorFlow,1480.2,64,4717.0,30,360.0
80.0,Inference,TensorFlow,1757.8,64,14593.2,50,40.05
80.0,Training,PyTorch,506.2,128,12433.1,20,14.25
24.0,Training,PyTorch,653.7,256,6888.2,20,16.47
6.0,Inference,TensorFlow,2295.0,16,11159.4,30,360.0
16.0,Inference,PyTorch,455.5,64,8373.4,20,12.95
10.0,Training,PyTorch,848.1,32,12813.4,30,360.0
4.0,Training,PyTorch,977.0,32,7819.8,50,360.0
4.0,FineTuning,TensorFlow,1803.5,64,14821.1,50,360.0
12.0,FineTuning,PyTorch,230.2,16,2089.3,5,8.95
6.0,Training,JAX,2024.1,256,10179.4,30,360.0
10.0,FineTuning,PyTorch,3718.3,32,3760.2,10,286.57
4.0,Inference,PyTorch,146.6,256,2949.3,30,3.88
10.0,Training,PyTorch,2542.4,256,6182.9,50,360.0
16.0,Inference,JAX,3351.6,128,5575.2,100,174.07
10.0,Inference,PyTorch,1284.2,32,790.4,50,34.11
4.0,Training,PyTorch,569.5,16,6473.1,20,360.0
24.0,FineTuning,PyTorch,221.2,8,14283.6,5,61.03
6.0,Training,PyTorch,2593.4,128,7056.5,10,358.94
80.0,FineTuning,TensorFlow,2231.3,128,4597.0,5,5.42
8.0,FineTuning,PyTorch,955.7,8,14241.2,30,360.0
48.0,Training,TensorFlow,3334.9,128,7635.3,100,360.0
48.0,FineTuning,JAX,2955.3,128,4377.8,30,43.35
8.0,Inference,PyTorch,1141.9,128,11766.5,50,127.98
10.0,Training,TensorFlow,3025.8,32,3431.8,20,360.0
6.0,Training,PyTorch,1017.7,32,3791.5,10,254.36
10.0,Training,PyTorch,2717.3,64,4932.5,100,360.0
80.0,FineTuning,PyTorch,518.3,64,5982.0,20,11.57
6.0,Inference,TensorFlow,2784.3,32,8784.9,10,267.37
8.0,Inference,PyTorch,993.2,128,7777.7,100,124.63
10.0,Training,PyTorch,2311.3,16,11181.6,5,360.0
12.0,FineTuning,JAX,731.2,8,10785.8,50,360.0
4.0,Training,TensorFlow,2917.6,64,778.8,20,239.01
24.0,Training,PyTorch,290.5,128,2095.2,30,9.39
24.0,FineTuning,PyTorch,703.4,64,3306.4,50,56.64
80.0,FineTuning,PyTorch,777.3,256,9005.2,10,3.33
10.0,FineTuning,PyTorch,213.3,16,13439.4,100,360.0
16.0,Inference,PyTorch,2992.8,256,4941.1,50,40.11
6.0,FineTuning,PyTorch,3924.8,128,14459.8,30,360.0
10.0,FineTuning,PyTorch,3124.7,32,2675.6,30,360.0
6.0,Training,TensorFlow,3449.5,16,13878.5,10,360.0
12.0,Inference,PyTorch,73.7,64,12034.9,50,10.44
24.0,FineTuning,PyTorch,515.6,128,5896.6,20,14.25
4.0,Inference,PyTorch,2258.1,256,3174.1,50,55.96
24.0,Training,PyTorch,3912.6,128,5930.3,30,282.46
16.0,FineTuning,PyTorch,2659.8,8,3284.7,100,360.0
16.0,FineTuning,PyTorch,1527.8,8,8461.2,10,360.0
48.0,Training,PyTorch,627.3,256,8664.8,5,3.72
48.0,FineTuning,PyTorch,653.7,8,11546.0,5,80.34
16.0,Inference,PyTorch,1482.9,32,7965.2,100,360.0
8.0,Training,PyTorch,2869.6,128,5242.7,50,360.0
12.0,Training,PyTorch,175.7,128,13682.8,30,60.84
6.0,FineTuning,PyTorch,3416.1,64,1262.2,50,360.0
12.0,Training,PyTorch,3769.1,32,12150.8,10,360.0
80.0,FineTuning,PyTorch,3560.8,8,6202.7,20,360.0
4.0,FineTuning,JAX,3656.5,128,2798.4,5,69.26
12.0,Training,PyTorch,110.6,8,1893.3,50,163.33
16.0,Inference,TensorFlow,3912.3,16,3389.4,30,314.66
24.0,FineTuning,TensorFlow,1497.1,32,1917.1,100,294.59
80.0,Inference,JAX,3483.7,8,6938.1,5,34.76
16.0,FineTuning,PyTorch,787.9,32,5310.4,5,36.8
12.0,Inference,TensorFlow,1813.8,256,5413.2,20,11.82
24.0,Training,JAX,224.4,128,2437.3,50,12.68
4.0,Training,PyTorch,208.3,16,9930.2,20,360.0
12.0,Training,PyTorch,3775.9,64,9156.2,30,360.0
6.0,Training,JAX,3251.9,16,14736.1,30,360.0
10.0,Inference,PyTorch,2142.8,32,2597.9,50,191.41
24.0,FineTuning,PyTorch,2125.6,16,12526.8,5,324.93
12.0,Inference,TensorFlow,3007.6,128,604.7,10,2.88
16.0,Training,PyTorch,1399.6,32,1192.5,20,97.53
6.0,Training,PyTorch,3059.4,32,9756.0,5,360.0
8.0,Inference,PyTorch,1965.8,128,6156.4,100,214.73
24.0,Training,PyTorch,2569.8,256,3534.5,30,61.78
6.0,FineTuning,TensorFlow,3861.1,8,141.1,30,294.59
16.0,Training,PyTorch,1911.7,64,9980.9,5,106.0
12.0,Inference,TensorFlow,1702.7,256,6668.6,5,3.78
4.0,FineTuning,PyTorch,3627.7,256,2644.7,100,360.0
10.0,FineTuning,PyTorch,3615.2,16,14586.1,30,360.0
6.0,Training,PyTorch,3970.1,256,5327.5,20,291.88
10.0,FineTuning,PyTorch,2225.9,64,4615.6,20,296.43
4.0,Inference,TensorFlow,1409.8,64,7703.7,5,34.49
6.0,Inference,PyTorch,999.5,256,4230.4,50,33.18
48.0,Training,TensorFlow,184.7,128,4164.2,30,4.99
16.0,Training,PyTorch,2920.6,8,14497.7,10,360.0
6.0,Training,PyTorch,972.2,64,3991.1,30,323.66
16.0,Training,PyTorch,2446.2,32,9121.5,20,360.0
80.0,FineTuning,TensorFlow,3670.5,256,658.0,20,3.36
24.0,Training,PyTorch,3803.3,8,2399.8,10,360.0
80.0,Training,PyTorch,67.4,128,429.0,20,1.06
12.0,FineTuning,PyTorch,1302.4,256,8063.7,10,24.29
24.0,FineTuning,PyTorch,3357.6,64,7424.9,20,241.78
24.0,FineTuning,PyTorch,2169.0,256,5030.7,100,114.44
8.0,Inference,PyTorch,3239.7,128,10534.2,10,65.39
24.0,Training,JAX,3420.6,16,9424.3,50,360.0
4.0,FineTuning,PyTorch,1798.4,128,9045.1,30,360.0
80.0,Training,PyTorch,1468.0,32,5110.2,20,62.05
16.0,Training,PyTorch,1849.0,128,4974.5,5,24.29
12.0,Training,PyTorch,2628.5,8,13114.4,10,360.0
24.0,Training,PyTorch,1500.3,16,8205.1,10,348.02
12.0,Training,JAX,3111.2,256,4156.3,10,47.18
12.0,Training,TensorFlow,3620.8,256,8194.0,20,274.14
24.0,Inference,PyTorch,1165.1,32,4074.9,30,33.35
24.0,FineTuning,PyTorch,3861.7,16,2861.0,5,131.45
8.0,Inference,TensorFlow,2509.8,32,4304.4,10,71.27
8.0,FineTuning,JAX,3518.8,256,9470.5,10,141.18
8.0,Training,PyTorch,460.5,16,7786.0,10,360.0
16.0,Training,PyTorch,1043.4,64,2551.1,100,339.65
16.0,Training,TensorFlow,1318.0,128,13627.9,10,107.22
8.0,Training,PyTorch,1246.1,8,7524.6,5,360.0
8.0,FineTuning,PyTorch,728.9,8,11926.5,10,360.0
48.0,FineTuning,JAX,3479.4,64,5027.3,100,360.0
48.0,Training,TensorFlow,1703.5,16,14367.6,5,242.32
24.0,Training,PyTorch,3854.4,128,11306.2,5,81.73
10.0,Training,PyTorch,2354.7,64,6872.2,10,309.15
10.0,Training,PyTorch,596.7,16,13544.2,50,360.0
8.0,Training,JAX,2206.3,128,10790.3,5,158.27
12.0,FineTuning,JAX,3974.5,16,6514.9,50,360.0
8.0,Training,TensorFlow,2282.4,8,14614.7,5,360.0
48.0,FineTuning,PyTorch,57.4,128,4548.3,100,3.73
24.0,Training,PyTorch,3735.7,8,3922.9,20,360.0
8.0,Training,PyTorch,977.8,8,13430.4,10,360.0
80.0,Inference,PyTorch,2769.7,128,10639.8,20,11.55
12.0,FineTuning,PyTorch,2084.6,64,5248.1,5,60.28
80.0,Training,PyTorch,1335.5,16,3553.9,20,81.97
24.0,Inference,PyTorch,1166.4,128,2752.8,10,2.78
24.0,Training,JAX,3718.6,256,4771.1,10,42.01
16.0,Training,PyTorch,3652.1,8,1970.5,5,335.66
6.0,FineTuning,TensorFlow,2076.9,16,2265.7,5,196.02
80.0,FineTuning,PyTorch,1071.1,128,11671.7,50,41.76
16.0,Training,TensorFlow,454.3,64,1050.0,30,18.79
48.0,Training,PyTorch,668.5,128,6645.4,20,18.06
4.0,Inference,PyTorch,2112.9,128,6134.5,50,284.5
12.0,Training,PyTorch,1265.9,32,14406.8,20,360.0
4.0,Training,PyTorch,216.2,256,7036.6,10,16.42
48.0,FineTuning,PyTorch,1847.9,16,2496.7,5,20.98
48.0,Inference,TensorFlow,2997.4,128,1417.2,20,4.27
4.0,Training,PyTorch,3572.2,8,11013.3,30,360.0
80.0,FineTuning,PyTorch,2361.9,8,2301.3,10,69.92
6.0,FineTuning,PyTorch,2907.0,32,14075.9,100,360.0
80.0,Training,PyTorch,1488.1,8,8432.3,10,223.19
4.0,FineTuning,TensorFlow,2010.1,128,6085.3,50,360.0
80.0,Inference,PyTorch,2932.0,16,10296.6,30,132.85
10.0,Training,PyTorch,2924.2,32,3064.0,10,312.92
80.0,Training,TensorFlow,1726.9,256,5795.6,30,19.15
24.0,Inference,PyTorch,2197.5,32,597.9,5,2.63
16.0,FineTuning,TensorFlow,3699.2,64,13177.4,100,360.0
12.0,Training,PyTorch,2546.4,64,6436.3,30,360.0
80.0,FineTuning,PyTorch,2588.2,16,11406.5,50,360.0
6.0,FineTuning,PyTorch,3149.3,16,13761.1,50,360.0
6.0,FineTuning,PyTorch,505.1,32,9826.6,20,360.0
80.0,Inference,TensorFlow,2115.4,128,5698.6,100,19.21
8.0,Training,PyTorch,3839.8,128,9331.0,5,226.67
48.0,Training,PyTorch,1478.6,64,5468.9,5,18.47
80.0,FineTuning,PyTorch,1215.0,16,8553.0,30,154.45
48.0,Training,PyTorch,2424.8,16,6539.3,50,360.0
10.0,FineTuning,TensorFlow,923.4,128,2333.0,50,68.93
4.0,Training,PyTorch,2246.0,64,11723.5,50,360.0
10.0,Training,TensorFlow,664.8,128,7496.6,5,26.39
80.0,FineTuning,JAX,2340.2,128,2933.1,50,29.72
6.0,FineTuning,PyTorch,2429.4,32,13388.3,20,360.0
8.0,FineTuning,TensorFlow,1702.7,16,12813.0,10,360.0
48.0,FineTuning,PyTorch,1561.8,32,8426.5,50,280.44
16.0,Training,PyTorch,1019.6,32,14557.7,20,360.0
48.0,Training,PyTorch,1357.1,128,13914.8,20,76.18
24.0,FineTuning,PyTorch,2018.5,64,13465.4,10,164.89
12.0,Training,JAX,1028.3,128,2086.0,5,8.95
80.0,FineTuning,PyTorch,3142.2,256,4490.0,50,25.76
10.0,FineTuning,PyTorch,2850.7,64,6211.8,100,360.0
16.0,Training,PyTorch,1113.8,16,12495.4,20,360.0
6.0,FineTuning,PyTorch,434.9,256,13081.4,20,64.38
6.0,Training,PyTorch,50.7,256,11297.1,10,6.3
6.0,FineTuning,TensorFlow,2407.0,256,7138.7,100,360.0
24.0,Training,PyTorch,884.9,8,2512.3,20,276.28
6.0,Training,TensorFlow,99.7,16,624.4,50,40.34
6.0,FineTuning,TensorFlow,1468.4,128,10519.6,5,72.73
80.0,FineTuning,PyTorch,3849.9,64,14912.9,20,166.2
24.0,FineTuning,PyTorch,2775.3,256,5247.5,5,10.87
8.0,FineTuning,PyTorch,3438.2,8,8574.1,20,360.0
8.0,FineTuning,TensorFlow,621.7,256,12177.7,20,65.51
24.0,Training,PyTorch,339.5,64,2878.6,50,35.69
12.0,FineTuning,PyTorch,95.5,64,12460.4,5,6.7
16.0,FineTuning,PyTorch,3824.9,8,9417.6,100,360.0
48.0,Training,PyTorch,1235.8,8,8590.7,30,360.0
80.0,FineTuning,PyTorch,1865.0,16,11458.0,50,360.0
4.0,Inference,PyTorch,1608.4,32,3690.1,5,41.23
8.0,Training,PyTorch,2935.3,256,9260.2,5,79.31
24.0,Inference,PyTorch,1274.4,8,3681.6,5,24.41
16.0,Training,PyTorch,2165.0,256,2775.1,30,62.3
24.0,Training,PyTorch,3982.5,32,9388.0,50,360.0
48.0,Training,TensorFlow,1804.1,32,4112.3,30,163.1
16.0,FineTuning,PyTorch,2227.5,32,10744.2,20,360.0
8.0,Training,PyTorch,2035.0,32,7765.8,10,360.0
6.0,Inference,PyTorch,3222.6,8,10454.8,30,360.0
24.0,Inference,PyTorch,1104.0,256,13385.1,20,11.22
4.0,FineTuning,PyTorch,723.2,64,2159.9,30,142.15
8.0,FineTuning,PyTorch,3028.7,256,1094.4,5,7.81
10.0,Inference,TensorFlow,1691.7,256,6058.8,10,10.5
4.0,Inference,PyTorch,3659.2,8,10778.9,10,360.0
12.0,FineTuning,PyTorch,2594.4,8,13303.7,100,360.0
8.0,FineTuning,JAX,2279.2,128,618.4,20,19.51
6.0,FineTuning,PyTorch,328.3,128,11915.1,100,319.9
8.0,FineTuning,PyTorch,2935.1,16,1223.7,30,360.0
48.0,Training,PyTorch,2759.9,32,8750.6,30,360.0
16.0,FineTuning,JAX,2578.3,32,5227.1,30,360.0
24.0,Training,PyTorch,1108.2,128,363.0,20,3.89
16.0,Training,PyTorch,3789.6,64,1546.7,30,194.9
16.0,FineTuning,PyTorch,1320.5,16,5370.5,10,222.16
8.0,Inference,TensorFlow,651.3,256,14310.9,10,9.1
48.0,Inference,TensorFlow,3949.4,64,2407.0,50,28.74
24.0,FineTuning,PyTorch,2997.7,128,4152.5,30,77.12
24.0,FineTuning,PyTorch,1688.4,256,14912.6,30,100.04
16.0,Training,PyTorch,3746.9,64,7261.2,100,360.0
12.0,FineTuning,PyTorch,409.9,32,4007.5,10,36.79
48.0,Training,TensorFlow,396.3,128,9277.5,10,7.43
12.0,Training,PyTorch,2745.7,256,6596.9,5,35.35
80.0,FineTuning,PyTorch,753.0,64,12888.8,5,7.94
80.0,Training,PyTorch,3672.7,16,218.9,50,38.69
4.0,Training,PyTorch,3369.4,16,14952.0,10,360.0
16.0,Inference,PyTorch,1260.2,8,1088.1,50,111.85
24.0,Training,JAX,3560.9,256,8103.1,30,209.44
8.0,Training,PyTorch,219.4,128,10491.3,30,100.33
24.0,Training,PyTorch,2217.1,128,8292.5,10,80.42
24.0,Training,PyTorch,3745.5,256,4581.5,20,64.02
6.0,Training,PyTorch,3428.8,128,12845.9,50,360.0
24.0,FineTuning,PyTorch,1456.5,32,6513.3,20,221.4
4.0,Training,PyTorch,772.3,32,4580.4,30,360.0
12.0,Inference,PyTorch,881.6,128,11548.2,100,120.54
80.0,Training,PyTorch,2082.3,256,2273.3,50,13.06
24.0,FineTuning,PyTorch,2407.3,64,3154.6,30,105.58
24.0,FineTuning,PyTorch,179.6,32,3866.3,5,5.13
6.0,FineTuning,TensorFlow,1683.5,256,6579.7,10,55.99
48.0,FineTuning,PyTorch,3330.0,128,403.0,5,1.88
8.0,Inference,JAX,1805.1,32,14877.5,50,360.0
48.0,Training,PyTorch,718.2,256,9042.2,5,4.46
8.0,FineTuning,PyTorch,3821.7,8,14563.7,100,360.0
24.0,Inference,JAX,1101.8,16,12131.1,50,360.0
6.0,Training,PyTorch,3203.8,8,2101.2,20,360.0
10.0,Training,PyTorch,815.5,128,3215.1,10,26.92
16.0,Training,PyTorch,1721.5,256,613.3,20,8.33
80.0,FineTuning,TensorFlow,1987.2,16,12523.5,100,360.0
12.0,Training,PyTorch,2027.5,64,8942.5,30,360.0
80.0,Training,PyTorch,2090.1,128,3304.5,10,9.79
12.0,FineTuning,PyTorch,938.5,64,14554.3,5,84.12
48.0,FineTuning,TensorFlow,2087.9,64,11077.4,50,340.66
4.0,Training,PyTorch,1952.8,32,10612.2,10,360.0
24.0,Training,PyTorch,874.4,32,4078.2,30,202.73
10.0,FineTuning,PyTorch,3953.4,16,4769.3,20,360.0
12.0,Inference,TensorFlow,3469.0,16,10052.9,30,360.0
16.0,FineTuning,PyTorch,3555.9,256,8943.9,5,29.44
12.0,FineTuning,PyTorch,2758.0,32,9744.5,50,360.0
4.0,Training,TensorFlow,681.6,16,13194.5,50,360.0
80.0,Training,PyTorch,2294.0,256,2490.0,5,2.72
6.0,FineTuning,PyTorch,3294.7,8,1833.4,50,360.0
80.0,Inference,JAX,203.0,128,8513.0,10,1.31
6.0,FineTuning,TensorFlow,2008.6,8,7552.3,10,360.0
80.0,Inference,PyTorch,1614.7,128,6102.8,5,1.69
16.0,Inference,PyTorch,887.9,256,13580.2,5,3.72
80.0,Training,PyTorch,1544.1,32,8419.9,30,166.52
16.0,Training,JAX,3934.8,8,8552.0,50,360.0
16.0,Training,JAX,2906.8,64,5559.8,100,360.0
6.0,Training,PyTorch,1233.2,8,5226.7,20,360.0
48.0,Training,PyTorch,2441.2,16,14815.3,5,275.53
8.0,Inference,TensorFlow,1024.3,8,9383.8,30,360.0
24.0,Training,PyTorch,2462.8,32,12394.2,5,238.81
12.0,Training,PyTorch,3589.9,32,6767.1,5,360.0
8.0,Training,PyTorch,2249.7,16,2958.6,10,360.0
4.0,Inference,PyTorch,2946.7,128,4940.1,100,360.0
48.0,FineTuning,TensorFlow,1840.7,16,5257.3,50,360.0
8.0,Inference,JAX,2120.3,256,8517.2,100,163.3
6.0,Inference,PyTorch,2795.5,128,2403.8,5,9.34
4.0,FineTuning,PyTorch,3259.0,32,5866.6,50,360.0
10.0,Training,PyTorch,2654.8,32,1598.6,30,360.0
48.0,Training,TensorFlow,3911.1,256,7498.3,5,14.56
8.0,Training,PyTorch,3288.3,128,14216.6,100,360.0
4.0,FineTuning,PyTorch,3119.8,8,5150.1,20,360.0
10.0,Training,PyTorch,3388.2,8,840.7,100,360.0
80.0,Training,PyTorch,1160.8,16,9170.5,10,100.78
4.0,FineTuning,PyTorch,1756.6,32,9557.5,20,360.0
6.0,FineTuning,JAX,2279.6,8,7245.6,10,360.0
80.0,FineTuning,PyTorch,1876.4,32,6013.2,5,17.06
6.0,Training,PyTorch,3397.5,16,13400.7,100,360.0
8.0,Inference,PyTorch,156.9,64,14082.7,5,5.62
24.0,FineTuning,PyTorch,876.2,32,10130.1,50,360.0
8.0,Training,PyTorch,3532.7,64,7568.3,10,360.0
80.0,FineTuning,PyTorch,283.4,32,1106.5,30,4.32
16.0,Inference,TensorFlow,946.6,128,4585.5,20,8.76
8.0,Training,PyTorch,1437.4,256,4347.9,100,360.0
80.0,Training,PyTorch,3015.4,64,967.8,30,20.17
4.0,FineTuning,PyTorch,2262.7,128,12666.1,10,360.0
8.0,Training,TensorFlow,3820.7,256,13019.0,30,360.0
4.0,Inference,PyTorch,950.1,128,13694.3,10,58.51
6.0,Training,TensorFlow,3494.9,16,11153.0,50,360.0
48.0,FineTuning,PyTorch,1167.5,16,10686.7,50,360.0
24.0,FineTuning,PyTorch,1019.7,8,7219.6,30,360.0
6.0,FineTuning,PyTorch,2018.6,64,12875.2,30,360.0
6.0,Training,JAX,331.3,8,7701.0,100,360.0
80.0,Training,PyTorch,1568.0,64,541.7,10,2.96
16.0,Training,PyTorch,1454.9,16,8815.2,50,360.0
12.0,Training,PyTorch,682.4,16,5917.8,100,360.0
16.0,Training,PyTorch,3450.1,256,7867.3,30,208.87
80.0,Inference,PyTorch,1574.3,256,6666.5,100,10.28
24.0,Training,PyTorch,3928.6,16,7502.3,10,360.0
80.0,FineTuning,PyTorch,3603.8,64,1717.7,10,10.02
10.0,Training,PyTorch,819.5,16,316.5,30,57.42
6.0,FineTuning,PyTorch,2045.2,8,5168.8,20,360.0
48.0,Inference,PyTorch,2427.1,128,3892.6,100,32.37
10.0,Training,PyTorch,3284.9,256,3825.9,5,38.12
80.0,Inference,PyTorch,3548.3,64,14062.7,10,22.66
10.0,FineTuning,PyTorch,2514.9,128,12302.9,50,360.0
48.0,Inference,PyTorch,188.8,8,299.2,100,3.8
80.0,FineTuning,PyTorch,1951.0,32,229.9,5,1.9
80.0,Training,PyTorch,3545.0,256,11675.8,10,26.46
10.0,Training,PyTorch,2870.7,16,14774.4,100,360.0
4.0,Training,PyTorch,3487.1,256,7031.6,20,360.0
8.0,FineTuning,PyTorch,2712.6,256,6553.6,5,33.2
80.0,Inference,PyTorch,223.9,256,4209.8,50,1.48
10.0,FineTuning,PyTorch,3873.6,8,10032.8,5,360.0
12.0,Training,PyTorch,3676.2,32,7127.6,100,360.0
24.0,Inference,PyTorch,550.0,64,2596.0,30,7.38
12.0,FineTuning,PyTorch,495.1,8,7272.5,10,319.02
10.0,Training,TensorFlow,2179.4,64,5707.9,30,360.0
6.0,Training,PyTorch,3040.4,128,13358.1,20,360.0
6.0,Training,JAX,1559.6,128,11596.6,5,133.79
10.0,Inference,PyTorch,588.7,64,10548.6,30,48.37
80.0,Inference,TensorFlow,2066.7,128,4974.7,20,5.16
48.0,Training,PyTorch,1383.4,128,2180.3,30,16.67
8.0,Training,TensorFlow,1439.5,16,12983.7,50,360.0
80.0,FineTuning,PyTorch,2597.7,64,5206.9,30,73.93
12.0,Inference,PyTorch,3548.2,64,8935.1,10,69.1
8.0,FineTuning,PyTorch,2256.4,32,8903.3,100,360.0
12.0,FineTuning,JAX,2766.0,256,13928.0,30,338.29
10.0,Training,JAX,2656.8,16,2658.7,30,360.0
48.0,FineTuning,PyTorch,2227.0,8,11597.5,30,360.0
12.0,Training,PyTorch,1277.5,16,6992.6,30,360.0
48.0,Inference,PyTorch,1542.3,8,2703.8,30,70.39
80.0,Training,PyTorch,1297.0,64,12551.0,5,17.45
10.0,Inference,PyTorch,3674.1,16,12320.1,5,249.78
24.0,Training,JAX,3315.1,32,698.7,100,340.26
6.0,Inference,PyTorch,2338.4,256,10670.7,50,138.49
16.0,Training,PyTorch,3653.4,128,2387.4,5,27.6
48.0,Training,PyTorch,3551.3,8,9194.4,20,360.0
24.0,FineTuning,PyTorch,3714.4,128,9692.7,10,85.55
24.0,Training,PyTorch,926.0,256,10012.1,30,62.21
48.0,Inference,PyTorch,2884.1,64,1889.4,30,11.04
24.0,FineTuning,PyTorch,2456.4,64,9014.9,30,321.47
12.0,FineTuning,PyTorch,2948.6,64,1588.0,50,203.35
24.0,Inference,PyTorch,1090.3,128,11208.8,50,32.66
8.0,Inference,PyTorch,2794.5,256,1049.8,20,6.53
12.0,FineTuning,TensorFlow,1668.8,64,11391.4,30,360.0
24.0,Inference,PyTorch,3344.7,64,13264.0,50,323.24
80.0,Training,TensorFlow,3191.7,128,4548.3,30,48.61
6.0,Training,PyTorch,884.9,64,11696.6,5,178.86
10.0,FineTuning,PyTorch,776.2,256,6321.1,30,54.1
24.0,Training,PyTorch,2885.0,8,11985.9,20,360.0
4.0,FineTuning,PyTorch,2224.4,16,10325.2,20,360.0
6.0,Training,TensorFlow,2251.0,8,4408.2,50,360.0
80.0,Training,PyTorch,3022.4,64,2986.6,30,57.54
24.0,Inference,PyTorch,3427.1,256,13729.7,20,35.84
24.0,FineTuning,PyTorch,993.9,256,12600.8,5,7.65
16.0,Inference,PyTorch,2244.4,64,9932.5,50,189.73
8.0,FineTuning,PyTorch,3324.4,64,5305.6,5,139.7
8.0,Training,PyTorch,3497.5,64,7705.8,20,360.0
6.0,Training,PyTorch,1185.3,128,8412.2,100,360.0
16.0,Training,PyTorch,461.4,256,1382.4,50,10.41
10.0,Inference,PyTorch,969.7,16,14586.3,30,360.0
12.0,Training,PyTorch,3784.7,128,1468.1,100,360.0
8.0,Training,PyTorch,1876.8,128,10853.1,10,250.78
16.0,Inference,PyTorch,1703.4,256,7442.7,30,15.65
8.0,FineTuning,PyTorch,101.7,64,11422.2,30,58.86
48.0,Training,PyTorch,251.5,8,3987.9,5,18.23
80.0,Training,PyTorch,2691.3,256,5987.1,30,32.67
10.0,Inference,JAX,2379.8,8,7930.0,10,360.0
80.0,Inference,PyTorch,2323.3,32,1898.9,50,15.57
24.0,Training,PyTorch,485.8,256,12792.4,50,69.98
8.0,Training,TensorFlow,1440.6,16,14873.9,100,360.0
24.0,Inference,PyTorch,3258.8,256,6322.1,10,8.88
4.0,FineTuning,PyTorch,740.9,32,5714.6,5,128.41
8.0,Inference,PyTorch,3536.6,128,8951.8,100,360.0
16.0,FineTuning,TensorFlow,529.8,32,10361.2,10,67.7
10.0,Inference,TensorFlow,718.1,32,13041.8,50,278.58
24.0,Training,PyTorch,1937.1,256,5656.1,100,248.05
8.0,Training,PyTorch,3783.9,32,11495.9,10,360.0
4.0,FineTuning,PyTorch,1351.7,16,3677.2,5,293.32
80.0,FineTuning,PyTorch,2650.0,256,10238.7,100,96.24
16.0,Inference,PyTorch,2375.3,8,7054.5,30,360.0
48.0,Training,PyTorch,641.0,8,9959.0,30,360.0
8.0,Inference,PyTorch,1030.3,32,5759.1,50,185.64
48.0,Training,TensorFlow,3724.1,256,4485.7,5,9.71
6.0,FineTuning,PyTorch,780.1,16,7341.3,30,360.0
10.0,Training,PyTorch,2795.3,8,13437.0,30,360.0
8.0,FineTuning,TensorFlow,3860.5,64,10155.3,30,360.0
4.0,FineTuning,TensorFlow,522.0,256,9213.7,20,78.39
24.0,Training,PyTorch,1626.8,256,10826.0,30,108.84
6.0,Training,PyTorch,934.5,8,10963.8,20,360.0
10.0,FineTuning,PyTorch,925.2,8,4491.7,10,360.0
80.0,Inference,TensorFlow,520.0,16,3567.8,50,13.31
16.0,Training,PyTorch,2615.7,16,7686.1,50,360.0
48.0,Training,PyTorch,2998.1,8,2302.8,100,360.0
6.0,Training,PyTorch,2723.3,64,7173.6,100,360.0
24.0,Inference,PyTorch,3702.4,64,10426.4,20,102.64
16.0,Training,TensorFlow,625.4,32,210.4,5,2.67
80.0,Training,PyTorch,1313.4,32,1756.1,100,128.67
24.0,FineTuning,PyTorch,1411.1,8,14436.1,100,360.0
4.0,FineTuning,PyTorch,966.7,8,13926.3,20,360.0
48.0,Training,PyTorch,611.7,8,6327.0,30,360.0
8.0,Inference,PyTorch,1972.5,256,8891.5,100,135.86
6.0,FineTuning,TensorFlow,3346.0,64,2413.9,5,83.03
8.0,FineTuning,JAX,3820.4,128,5032.1,50,360.0
16.0,Training,PyTorch,560.9,32,11914.7,10,192.04
8.0,Inference,PyTorch,3301.5,32,12853.9,10,301.57
12.0,Training,JAX,3307.1,128,6138.9,20,360.0
16.0,Training,PyTorch,1586.5,8,4734.7,100,360.0
48.0,Training,JAX,484.6,32,10257.1,20,73.78
24.0,FineTuning,PyTorch,3960.5,64,10796.8,20,360.0
48.0,FineTuning,PyTorch,2639.6,128,14758.7,20,82.76
8.0,FineTuning,PyTorch,3929.7,64,10490.2,50,360.0
10.0,Training,TensorFlow,1960.4,256,3678.5,30,102.69
16.0,FineTuning,TensorFlow,1611.0,8,993.8,50,360.0
24.0,FineTuning,PyTorch,1026.4,32,3938.3,10,35.14
80.0,Training,PyTorch,3935.1,64,3477.1,10,29.25
4.0,Inference,PyTorch,1050.4,128,1483.2,10,7.24
48.0,Training,PyTorch,143.9,8,6721.4,30,113.02
48.0,FineTuning,PyTorch,2074.3,32,4393.3,30,153.54
16.0,Training,PyTorch,1539.3,32,13883.8,5,261.94
10.0,FineTuning,PyTorch,1082.5,8,6118.3,30,360.0
8.0,Inference,PyTorch,2556.7,8,13161.6,10,360.0
8.0,Inference,PyTorch,1488.9,8,4670.3,30,360.0
16.0,Training,PyTorch,1638.9,256,12489.2,30,202.44
48.0,Training,PyTorch,141.0,64,6872.3,30,13.93
24.0,Training,JAX,2376.8,16,582.1,20,85.79
4.0,Inference,PyTorch,532.2,256,7355.6,100,73.63
16.0,FineTuning,PyTorch,894.5,32,3478.8,100,360.0
24.0,Training,PyTorch,2882.6,64,4680.9,30,360.0
24.0,Training,JAX,1287.3,128,10296.9,20,97.65
80.0,Inference,PyTorch,694.7,32,7989.6,10,5.85
12.0,FineTuning,PyTorch,2330.8,256,13340.3,5,44.08
4.0,Training,JAX,898.9,16,14045.7,50,360.0
6.0,Training,PyTorch,1120.4,128,10395.3,100,360.0
10.0,Training,PyTorch,2504.3,32,12966.7,5,360.0
12.0,FineTuning,PyTorch,2972.5,16,3006.6,50,360.0
80.0,Inference,TensorFlow,2971.7,8,1281.2,100,110.88
4.0,Inference,PyTorch,1954.9,16,5061.2,10,328.76
8.0,FineTuning,PyTorch,1844.5,32,4953.2,20,360.0
12.0,Inference,PyTorch,3161.2,16,10009.9,30,360.0
8.0,Training,PyTorch,812.5,256,12621.4,20,146.27
10.0,Training,JAX,651.2,32,4523.5,50,360.0
8.0,Inference,PyTorch,2675.5,32,6429.1,100,360.0
10.0,Training,PyTorch,1667.6,16,1663.8,30,360.0
4.0,Training,JAX,2854.5,16,6249.8,50,360.0
48.0,Inference,PyTorch,1063.6,256,3294.7,50,3.86
10.0,Training,PyTorch,1333.2,128,5798.6,100,360.0
24.0,FineTuning,PyTorch,3591.9,128,4068.6,30,125.03
6.0,Inference,PyTorch,1715.5,64,12150.1,5,45.92
6.0,FineTuning,PyTorch,2384.3,32,160.5,5,8.82
16.0,Training,PyTorch,471.4,128,5146.8,100,163.79
6.0,Training,PyTorch,756.4,64,14541.6,100,360.0
16.0,Training,PyTorch,191.8,256,10217.0,50,37.87
6.0,Training,PyTorch,1726.3,32,11605.3,10,360.0
10.0,FineTuning,PyTorch,3956.2,256,12912.1,20,316.42
24.0,Training,PyTorch,3501.8,64,5491.5,5,86.19
48.0,Training,PyTorch,2550.0,128,1082.6,30,15.56
8.0,FineTuning,PyTorch,3451.3,64,6219.3,50,360.0
80.0,FineTuning,JAX,2397.0,16,9825.3,20,335.71
6.0,Inference,JAX,1506.6,256,5624.8,100,95.91
48.0,Training,PyTorch,735.5,64,6779.9,20,41.21
48.0,Inference,JAX,2629.5,256,12400.0,50,22.57
10.0,FineTuning,JAX,812.6,8,639.9,20,106.42
4.0,Training,PyTorch,1698.8,8,5087.3,10,360.0
4.0,Training,PyTorch,3311.9,64,7377.4,50,360.0
6.0,Training,JAX,560.5,8,4557.9,100,360.0
80.0,FineTuning,PyTorch,559.6,64,6742.9,20,11.74
6.0,Training,PyTorch,936.4,256,6086.3,20,106.82
6.0,Inference,PyTorch,2230.1,64,13866.2,100,360.0
16.0,FineTuning,PyTorch,1044.3,64,7447.5,5,29.7
24.0,Inference,PyTorch,2037.6,8,7197.2,20,242.72
24.0,Training,PyTorch,1242.8,32,3891.9,20,175.07
80.0,Training,PyTorch,2049.7,64,790.2,5,2.88
16.0,Training,PyTorch,1146.6,64,4562.2,50,272.46
48.0,Training,TensorFlow,3921.0,16,505.4,5,16.02
16.0,Inference,PyTorch,1996.2,16,12418.9,30,360.0
6.0,Training,PyTorch,2987.4,128,3143.9,30,360.0
4.0,Training,PyTorch,2817.2,8,13676.8,10,360.0
12.0,Training,PyTorch,1987.7,32,13299.0,20,360.0
80.0,Training,JAX,993.5,64,10004.0,100,282.32
48.0,Inference,PyTorch,2067.3,64,12951.9,30,49.01
10.0,FineTuning,PyTorch,2739.8,8,13180.9,50,360.0
12.0,FineTuning,PyTorch,1866.7,128,11667.6,50,360.0
12.0,Training,PyTorch,373.6,128,7668.1,100,231.68
16.0,Inference,PyTorch,121.0,16,14255.7,30,40.44
8.0,FineTuning,PyTorch,1345.1,8,12284.3,5,360.0
12.0,Training,PyTorch,643.4,128,1992.1,100,87.62
6.0,Training,PyTorch,3629.5,128,6356.6,10,360.0
4.0,Inference,JAX,744.5,32,8141.4,5,55.07
4.0,FineTuning,PyTorch,1607.4,16,7988.3,10,360.0
24.0,FineTuning,PyTorch,2862.7,16,5755.1,100,360.0
6.0,Training,TensorFlow,3270.9,16,8021.4,30,360.0
10.0,Training,TensorFlow,1937.0,256,1485.6,5,7.31
12.0,FineTuning,PyTorch,765.5,128,9863.0,30,97.15
24.0,FineTuning,JAX,1120.0,64,7516.4,10,47.34
6.0,FineTuning,PyTorch,1704.9,256,11836.0,50,360.0
16.0,FineTuning,PyTorch,1490.1,128,10431.5,100,360.0
4.0,Training,PyTorch,1427.3,128,1780.3,5,37.74
24.0,FineTuning,PyTorch,570.8,8,5325.6,30,360.0
80.0,Inference,PyTorch,3657.6,16,11070.1,10,58.17
12.0,Inference,PyTorch,167.5,16,5119.6,50,38.65
12.0,Training,PyTorch,1788.0,32,8546.8,5,263.87
10.0,Training,TensorFlow,3922.3,16,14422.9,10,360.0
8.0,Inference,PyTorch,2655.9,128,1290.8,5,4.32
80.0,FineTuning,PyTorch,1453.9,8,2935.3,5,29.77
12.0,FineTuning,PyTorch,627.1,32,7261.1,20,181.16
48.0,Inference,PyTorch,3857.3,128,11102.7,30,37.04
80.0,FineTuning,TensorFlow,105.2,128,5018.7,20,1.48
12.0,FineTuning,PyTorch,2741.5,256,1850.2,5,7.62
80.0,Training,PyTorch,3526.5,32,4805.1,10,81.15
6.0,Training,PyTorch,149.4,256,9702.0,30,39.93
80.0,Training,TensorFlow,2914.4,128,11909.0,10,41.57
10.0,Inference,PyTorch,3995.4,128,14657.5,10,72.63
16.0,Training,PyTorch,2576.6,256,11444.1,100,360.0
16.0,FineTuning,PyTorch,1688.0,8,7434.7,50,360.0
16.0,Inference,TensorFlow,3503.9,8,4460.0,5,112.65
6.0,FineTuning,PyTorch,2239.0,256,13920.0,10,169.95
24.0,FineTuning,JAX,3010.3,8,8059.7,5,360.0
16.0,Training,PyTorch,2371.7,16,10363.0,20,360.0
4.0,Inference,PyTorch,201.2,32,7139.4,100,226.13
6.0,Training,PyTorch,891.9,8,3707.4,100,360.0
24.0,Training,PyTorch,361.1,128,8249.4,20,28.03
4.0,Training,TensorFlow,471.4,16,12614.6,10,360.0
4.0,Training,TensorFlow,110.9,32,5811.5,100,360.0
4.0,Training,PyTorch,1713.6,8,10064.0,5,360.0
48.0,FineTuning,PyTorch,755.7,8,731.1,50,61.64
10.0,Training,JAX,3430.0,32,14054.4,30,360.0
10.0,FineTuning,PyTorch,3012.6,8,14552.0,20,360.0
6.0,Training,TensorFlow,2314.0,256,5855.8,20,220.83
4.0,Training,JAX,1981.6,32,7525.9,50,360.0
80.0,FineTuning,PyTorch,1060.7,32,2492.7,10,8.51
24.0,Inference,TensorFlow,1926.1,128,3023.3,20,8.81
10.0,Inference,PyTorch,2582.9,32,9070.8,20,239.68
16.0,Inference,PyTorch,3139.8,64,9442.4,30,147.57
6.0,FineTuning,PyTorch,372.6,8,5189.9,50,360.0
24.0,FineTuning,PyTorch,2848.4,128,5673.0,50,176.17
6.0,FineTuning,PyTorch,2983.8,16,7642.8,5,360.0
48.0,FineTuning,TensorFlow,2257.9,64,14102.9,50,360.0
48.0,Training,PyTorch,896.6,32,2329.9,100,191.86
4.0,FineTuning,PyTorch,2179.8,16,8317.8,30,360.0
48.0,Training,PyTorch,2035.7,16,967.0,100,331.52
6.0,Training,PyTorch,1929.1,16,6929.4,50,360.0
16.0,FineTuning,PyTorch,1869.5,16,6018.5,5,190.48
4.0,Training,PyTorch,487.8,128,2546.6,30,83.22
12.0,Training,PyTorch,772.4,128,2543.5,20,27.31
24.0,Training,PyTorch,434.5,16,6806.4,10,87.41
4.0,Inference,TensorFlow,1007.8,64,1986.3,20,32.55
6.0,Training,PyTorch,1090.7,8,4492.2,5,360.0
24.0,Training,PyTorch,1018.0,256,1161.2,30,8.99
16.0,Inference,JAX,883.2,8,4529.7,20,138.38
8.0,FineTuning,TensorFlow,2954.9,128,8052.0,5,86.46
6.0,Training,PyTorch,3283.3,64,11183.7,100,360.0
10.0,Training,PyTorch,1342.1,64,12473.1,20,360.0
8.0,Training,TensorFlow,1255.3,32,5133.9,10,294.18
24.0,Training,PyTorch,3383.9,128,14088.1,100,360.0
48.0,Training,TensorFlow,2514.5,64,3685.3,20,81.99
6.0,Training,PyTorch,1209.1,64,1300.6,20,96.35
24.0,Inference,PyTorch,2868.8,8,13882.6,20,360.0
48.0,FineTuning,PyTorch,1411.1,64,8143.2,5,16.83
16.0,FineTuning,PyTorch,2366.9,64,5335.6,30,293.86
16.0,Training,PyTorch,3970.9,16,13481.9,50,360.0
4.0,Training,PyTorch,1241.3,8,11658.6,5,360.0
10.0,Inference,PyTorch,3725.6,8,12503.4,100,360.0
4.0,Training,JAX,1316.6,16,4455.9,50,360.0
10.0,Inference,PyTorch,2184.1,8,13114.9,100,360.0
6.0,FineTuning,PyTorch,1866.9,32,9781.6,50,360.0
12.0,Inference,TensorFlow,3143.5,256,11096.4,20,39.97
80.0,Training,PyTorch,291.3,32,4755.1,100,77.45
8.0,Training,PyTorch,2527.1,128,3750.7,10,122.06
48.0,FineTuning,PyTorch,3054.6,256,6181.9,50,70.69
8.0,FineTuning,PyTorch,1915.0,8,8670.7,100,360.0
16.0,Training,PyTorch,465.9,8,10023.2,100,360.0
10.0,Inference,JAX,1017.0,32,7519.7,50,200.72
48.0,Training,PyTorch,2734.7,128,10513.1,20,133.31
16.0,Training,PyTorch,3587.0,128,10654.1,10,250.68
48.0,FineTuning,PyTorch,1715.4,32,10024.5,20,197.75
4.0,FineTuning,PyTorch,2263.6,32,3841.2,50,360.0
16.0,Inference,TensorFlow,952.1,256,6750.3,100,25.7
4.0,Training,PyTorch,1678.2,16,11509.6,5,360.0
4.0,Training,PyTorch,1380.3,128,13315.7,100,360.0
48.0,FineTuning,PyTorch,2639.3,128,7567.4,50,111.51
24.0,Training,PyTorch,3939.6,16,14803.2,5,360.0
8.0,Training,PyTorch,3262.5,32,2703.2,30,360.0
16.0,FineTuning,PyTorch,809.1,16,3443.2,10,102.56
80.0,Training,PyTorch,2331.8,16,6965.2,100,360.0
24.0,FineTuning,JAX,312.3,64,7680.2,30,34.33
8.0,Training,PyTorch,1025.3,128,6424.7,20,170.26
16.0,FineTuning,PyTorch,730.3,32,6512.9,50,293.06
10.0,FineTuning,PyTorch,1375.4,64,7360.0,30,335.14
8.0,Training,PyTorch,2731.3,256,4870.5,10,69.0
80.0,Training,PyTorch,2022.6,64,2051.1,5,7.0
6.0,Training,TensorFlow,3735.0,64,14346.0,5,360.0
4.0,Training,PyTorch,890.4,32,11945.3,20,360.0
6.0,FineTuning,PyTorch,1488.6,16,12242.1,20,360.0
24.0,Inference,JAX,1352.9,32,5537.9,50,107.23
4.0,FineTuning,PyTorch,982.1,128,6117.9,30,262.99
16.0,FineTuning,PyTorch,3973.0,256,14044.1,50,360.0
24.0,Training,PyTorch,1579.5,256,14596.4,5,25.43
80.0,Training,PyTorch,3765.0,256,14145.1,5,17.04
48.0,Inference,PyTorch,1592.4,128,9674.7,100,40.44
16.0,Inference,PyTorch,856.2,16,3716.5,30,73.15
8.0,FineTuning,PyTorch,520.9,32,9114.1,50,360.0
48.0,Training,PyTorch,3429.5,16,8877.4,20,360.0
24.0,FineTuning,TensorFlow,176.8,16,13632.7,30,125.2
8.0,Training,TensorFlow,3859.4,32,4743.9,100,360.0
80.0,FineTuning,PyTorch,1701.9,128,3090.1,20,8.96
6.0,Inference,PyTorch,1027.1,32,4060.5,30,152.75
8.0,Training,PyTorch,2488.9,256,3722.9,20,110.11
6.0,Inference,PyTorch,575.0,128,9760.9,10,18.09
4.0,Inference,PyTorch,335.0,8,12205.3,5,150.22
10.0,Inference,PyTorch,3319.7,8,5584.9,100,360.0
12.0,FineTuning,PyTorch,1727.4,8,2728.6,30,360.0
16.0,Training,TensorFlow,2097.1,256,5212.1,100,360.0
12.0,FineTuning,PyTorch,747.9,64,8243.7,10,57.74
4.0,Training,JAX,292.6,128,10000.8,30,261.66
8.0,Training,TensorFlow,1502.7,128,8292.0,5,82.82
4.0,Training,PyTorch,2049.3,32,3925.3,100,360.0
12.0,FineTuning,PyTorch,3073.5,128,13778.5,5,101.16
12.0,Training,PyTorch,2029.2,32,6623.4,20,360.0
16.0,Training,PyTorch,3140.9,64,6938.7,100,360.0
48.0,Training,PyTorch,506.0,32,14514.0,5,33.74
4.0,FineTuning,PyTorch,302.7,8,13038.7,100,360.0
10.0,FineTuning,PyTorch,677.5,32,12113.4,100,360.0
4.0,Training,PyTorch,3099.4,32,2822.1,5,360.0
80.0,Inference,JAX,3049.4,32,12587.5,5,13.56
24.0,Training,PyTorch,608.4,128,6884.1,50,96.28
24.0,FineTuning,PyTorch,172.4,16,3220.0,50,60.94
12.0,FineTuning,PyTorch,2756.9,16,14864.1,5,360.0
24.0,FineTuning,TensorFlow,3428.4,256,2663.6,100,108.11
6.0,Training,PyTorch,3028.7,16,13836.9,100,360.0
10.0,Inference,TensorFlow,851.1,256,107.9,50,0.8
24.0,Inference,TensorFlow,2355.9,128,6625.0,30,25.92
8.0,FineTuning,TensorFlow,3041.6,8,545.5,100,360.0
6.0,FineTuning,PyTorch,1060.5,16,13695.5,10,360.0
6.0,Training,PyTorch,2134.5,16,1975.7,10,360.0
4.0,FineTuning,PyTorch,1292.1,64,10129.2,50,360.0
12.0,Training,PyTorch,941.0,256,9505.2,10,36.35
16.0,FineTuning,PyTorch,3879.9,256,11708.1,50,360.0
16.0,Training,PyTorch,3654.7,64,11228.5,20,360.0
80.0,FineTuning,PyTorch,1810.4,8,583.5,100,118.07
10.0,Training,PyTorch,590.3,32,5887.2,5,58.99
4.0,Training,PyTorch,2925.2,32,4905.6,10,360.0
16.0,Training,PyTorch,1060.0,64,14596.0,5,85.7
12.0,Training,TensorFlow,715.6,64,11645.9,10,151.86
16.0,FineTuning,PyTorch,1557.0,8,10648.6,30,360.0
8.0,FineTuning,PyTorch,2142.9,8,6688.2,30,360.0
6.0,FineTuning,PyTorch,434.9,128,13375.4,50,298.68
16.0,FineTuning,JAX,2308.4,32,350.6,5,6.63
4.0,FineTuning,TensorFlow,110.6,128,3503.7,50,27.45
24.0,Training,PyTorch,3572.9,16,10455.7,20,360.0
24.0,Training,PyTorch,3686.9,256,7675.0,50,279.82
24.0,Training,PyTorch,2945.6,256,8053.7,100,360.0
4.0,FineTuning,PyTorch,1892.9,8,6303.5,100,360.0
10.0,Training,TensorFlow,1056.8,32,2580.2,50,360.0
24.0,Training,PyTorch,2989.2,32,2576.7,50,360.0
80.0,FineTuning,PyTorch,3730.6,128,4487.8,10,15.09
12.0,Inference,PyTorch,676.2,64,7077.8,10,12.32
6.0,FineTuning,TensorFlow,1890.0,64,12379.5,20,360.0
24.0,FineTuning,PyTorch,1295.3,8,6757.8,5,210.75
4.0,FineTuning,TensorFlow,1459.1,256,13477.2,30,360.0
24.0,FineTuning,PyTorch,1652.7,64,1895.7,5,9.23
16.0,FineTuning,PyTorch,3809.6,16,4149.4,30,360.0
24.0,Inference,PyTorch,1071.6,32,1150.8,10,4.23
8.0,Training,PyTorch,1996.1,64,7699.4,50,360.0
8.0,Training,TensorFlow,3808.4,8,1441.5,100,360.0
24.0,Training,TensorFlow,1930.4,16,11955.7,20,360.0
6.0,FineTuning,PyTorch,3461.2,256,692.5,20,27.23
4.0,Inference,PyTorch,282.1,256,7183.4,100,41.77
80.0,Training,PyTorch,3814.5,128,6367.2,20,68.36
80.0,Training,PyTorch,790.7,128,3113.3,5,1.79
24.0,Inference,PyTorch,3920.7,16,8844.1,10,144.37
24.0,FineTuning,PyTorch,743.5,8,5852.9,10,157.71
8.0,FineTuning,TensorFlow,1805.2,128,3049.7,50,175.87
6.0,Inference,TensorFlow,1269.0,32,12415.8,100,360.0
24.0,FineTuning,PyTorch,1761.3,256,9944.4,100,224.71
80.0,FineTuning,TensorFlow,1039.6,256,281.1,5,1.44
4.0,Training,PyTorch,3863.0,32,7577.8,50,360.0
10.0,Training,PyTorch,1257.6,256,4142.5,30,95.01
16.0,Training,PyTorch,2630.4,256,13735.2,10,103.2
24.0,FineTuning,PyTorch,592.9,256,10911.2,20,17.67
24.0,Inference,TensorFlow,3306.3,8,9213.1,100,360.0
6.0,Inference,TensorFlow,2192.9,8,1426.9,50,360.0
10.0,Inference,PyTorch,3918.8,32,13966.6,30,360.0
12.0,Training,PyTorch,1722.4,8,2248.6,20,360.0
4.0,Inference,PyTorch,822.0,16,6816.1,20,333.13
4.0,FineTuning,PyTorch,1416.8,8,10247.5,50,360.0
8.0,Training,TensorFlow,2961.0,256,7472.1,50,360.0
8.0,FineTuning,JAX,2653.5,32,13248.8,50,360.0
48.0,Training,PyTorch,3124.5,64,12546.6,10,154.4
80.0,Training,TensorFlow,340.2,8,2117.0,100,122.48
4.0,Inference,PyTorch,2342.5,128,9302.8,100,360.0
6.0,FineTuning,PyTorch,3732.1,16,877.8,5,111.52
6.0,Training,PyTorch,476.2,16,10836.6,100,360.0
10.0,FineTuning,TensorFlow,422.6,16,11066.7,50,360.0
6.0,Inference,PyTorch,2880.6,128,5232.9,100,360.0
24.0,FineTuning,TensorFlow,1295.0,128,11820.2,10,42.34
80.0,Training,PyTorch,2651.4,16,9825.3,5,109.98
24.0,Training,PyTorch,2204.3,16,7610.4,30,360.0
16.0,Training,PyTorch,3945.0,16,6883.6,5,360.0
4.0,Inference,TensorFlow,3561.8,8,1726.2,10,360.0
80.0,Training,PyTorch,2728.4,256,8013.4,10,16.9
12.0,FineTuning,TensorFlow,1083.6,128,2425.9,100,122.92
12.0,FineTuning,PyTorch,1084.5,32,9874.9,5,95.99
16.0,Inference,PyTorch,3534.9,256,8961.2,5,7.55
80.0,FineTuning,TensorFlow,2362.1,8,4428.9,100,360.0
48.0,FineTuning,PyTorch,3167.7,32,3780.3,10,67.53
48.0,Training,TensorFlow,1827.0,8,7193.3,10,360.0
48.0,Training,PyTorch,457.1,8,7736.1,30,360.0
4.0,Inference,PyTorch,1364.1,32,11989.1,10,254.57
4.0,Inference,TensorFlow,686.5,16,4629.0,10,80.51
48.0,Inference,TensorFlow,3138.2,256,6111.0,20,7.23
12.0,Inference,PyTorch,2817.0,32,5215.1,20,131.83
80.0,Inference,PyTorch,399.2,64,5972.3,20,2.62
6.0,FineTuning,PyTorch,2504.5,128,8549.7,50,360.0
80.0,Inference,PyTorch,3502.8,64,8406.3,100,131.58
48.0,FineTuning,PyTorch,2804.6,256,5484.0,50,46.55
80.0,Training,PyTorch,2068.9,8,9076.3,10,337.92
10.0,Training,TensorFlow,1281.9,32,9279.1,20,360.0
4.0,Inference,TensorFlow,3554.0,16,7950.8,100,360.0
4.0,Training,PyTorch,1720.1,256,6840.2,30,360.0
12.0,Inference,TensorFlow,3428.8,16,1261.3,30,131.95
6.0,Training,PyTorch,3142.8,64,8164.9,30,360.0
48.0,Training,PyTorch,3274.1,64,10719.2,10,149.19
12.0,Training,TensorFlow,3959.7,8,3308.4,100,360.0
12.0,Training,TensorFlow,3007.6,128,11689.7,20,360.0
6.0,Training,PyTorch,184.5,8,8837.8,10,356.2
24.0,Training,TensorFlow,861.5,256,3639.1,10,8.18
48.0,Inference,PyTorch,189.0,16,2528.0,30,4.9
4.0,Training,TensorFlow,800.2,256,3756.5,20,85.22
6.0,Training,PyTorch,292.7,32,11410.4,50,360.0
10.0,Training,TensorFlow,2031.4,64,3832.6,5,70.92
12.0,FineTuning,PyTorch,161.4,16,10280.0,10,56.98
6.0,FineTuning,PyTorch,1916.7,8,8232.7,20,360.0
4.0,FineTuning,PyTorch,3600.4,128,8248.0,5,250.6
80.0,Training,PyTorch,3006.9,32,12803.7,5,103.7
4.0,Training,PyTorch,3778.6,128,13133.4,50,360.0
10.0,FineTuning,JAX,945.3,8,8099.9,50,360.0
6.0,Inference,TensorFlow,2147.8,8,1072.8,10,101.81
10.0,Training,PyTorch,1308.4,16,2501.7,10,234.83
48.0,FineTuning,TensorFlow,2000.6,32,14235.1,20,346.83
48.0,Training,PyTorch,2250.4,256,2106.8,50,24.79
80.0,Training,PyTorch,192.9,8,12546.7,100,360.0
12.0,FineTuning,TensorFlow,971.4,16,8152.1,50,360.0
24.0,FineTuning,PyTorch,2833.9,8,1798.8,100,360.0
8.0,Training,TensorFlow,3103.1,16,13800.6,20,360.0
10.0,Training,TensorFlow,2299.3,128,13928.8,100,360.0
80.0,Inference,PyTorch,1119.8,16,9268.9,50,78.32
4.0,Inference,PyTorch,1650.1,256,5894.0,30,57.95
6.0,Inference,PyTorch,429.3,128,9151.7,5,5.32
12.0,FineTuning,JAX,3815.1,64,9453.6,30,360.0
8.0,FineTuning,PyTorch,3481.3,8,9369.9,5,360.0
6.0,Training,PyTorch,309.1,64,11027.8,100,360.0
4.0,Training,PyTorch,707.6,32,1100.5,20,184.27
8.0,Training,PyTorch,2345.3,64,1627.7,20,224.29
4.0,FineTuning,TensorFlow,968.1,16,4313.4,5,237.53
4.0,Training,PyTorch,3740.9,16,5310.4,5,360.0
4.0,Inference,JAX,3034.6,32,9606.7,5,228.99
48.0,Training,PyTorch,1129.5,32,2660.9,5,11.89
8.0,Training,PyTorch,74.1,8,8161.3,10,128.76
4.0,Training,PyTorch,3207.8,16,2861.6,50,360.0
24.0,Training,JAX,1725.2,32,5396.7,50,360.0
8.0,Training,PyTorch,2587.4,256,14038.9,20,360.0
48.0,Training,PyTorch,1183.6,64,13445.9,10,59.95
10.0,Training,PyTorch,614.3,16,14301.2,5,312.66
10.0,FineTuning,PyTorch,2717.5,256,8912.1,10,74.89
12.0,FineTuning,PyTorch,1828.8,32,7569.4,5,153.78
16.0,Training,PyTorch,978.9,8,12748.8,100,360.0
24.0,FineTuning,PyTorch,593.6,256,1287.0,50,4.95
10.0,FineTuning,PyTorch,2342.9,128,14678.9,5,96.94
48.0,Training,TensorFlow,2915.9,16,6989.3,100,360.0
16.0,Inference,PyTorch,1171.4,16,10169.2,50,360.0
4.0,FineTuning,PyTorch,2953.8,16,10954.2,5,360.0
4.0,Training,PyTorch,773.3,16,9469.7,100,360.0
80.0,Inference,PyTorch,1386.7,128,13383.7,20,7.45
16.0,Inference,PyTorch,2992.3,128,4393.6,50,61.01
48.0,Inference,PyTorch,2657.6,256,8031.4,100,29.49
24.0,FineTuning,PyTorch,1118.6,256,6511.5,20,17.29
16.0,Training,PyTorch,532.4,8,10591.5,10,360.0
10.0,Training,PyTorch,217.8,16,5987.2,5,60.61
24.0,FineTuning,JAX,3359.8,32,13403.6,10,360.0
80.0,Inference,JAX,346.8,64,7407.4,5,1.53
24.0,FineTuning,TensorFlow,503.6,16,8086.5,50,360.0
4.0,Inference,PyTorch,989.0,256,7451.6,5,7.92
80.0,Training,PyTorch,1810.4,128,9377.3,100,230.05
10.0,Training,TensorFlow,3169.7,8,7705.0,30,360.0
8.0,Inference,PyTorch,1027.5,16,14067.5,30,360.0
10.0,FineTuning,PyTorch,2196.9,8,2053.7,30,360.0
10.0,Inference,PyTorch,407.0,32,300.1,20,2.13
6.0,FineTuning,PyTorch,1884.8,32,7874.6,30,360.0
4.0,Training,TensorFlow,751.7,32,11493.0,5,360.0
4.0,FineTuning,TensorFlow,884.2,32,9758.1,10,360.0
48.0,Inference,TensorFlow,1499.0,64,14444.7,20,29.93
6.0,FineTuning,TensorFlow,3057.3,8,2815.9,50,360.0
12.0,Training,PyTorch,2988.7,16,10440.3,20,360.0
10.0,Training,TensorFlow,1689.1,64,12256.4,100,360.0
48.0,FineTuning,PyTorch,518.8,16,13689.8,100,360.0
6.0,Training,PyTorch,1158.7,128,7975.4,10,177.91
80.0,FineTuning,PyTorch,2046.2,256,5510.3,30,15.0
24.0,Training,TensorFlow,3484.2,64,14334.9,10,360.0
24.0,Training,JAX,3874.6,256,11892.9,20,171.8
4.0,Inference,PyTorch,2568.0,64,7115.6,20,248.24
6.0,FineTuning,PyTorch,1435.2,256,9802.4,20,167.79
10.0,Inference,PyTorch,2789.1,256,4250.8,10,9.17
10.0,Training,PyTorch,1378.1,128,9261.1,5,75.96
8.0,Inference,PyTorch,2520.6,256,8146.4,5,9.12
24.0,Training,TensorFlow,1012.9,64,684.5,100,49.77
48.0,Training,PyTorch,1104.6,256,12999.6,30,41.67
6.0,Inference,PyTorch,347.1,8,7403.9,100,360.0
10.0,FineTuning,TensorFlow,1709.6,256,7248.1,50,162.45
8.0,Training,PyTorch,2491.8,32,4323.1,10,360.0
6.0,Inference,PyTorch,3165.7,256,3026.2,5,6.71
16.0,FineTuning,TensorFlow,3250.9,16,4441.4,30,360.0
10.0,Inference,TensorFlow,3970.2,128,9784.7,50,322.22
16.0,FineTuning,PyTorch,396.6,32,1555.0,30,30.13
6.0,FineTuning,PyTorch,1997.9,64,5059.7,30,360.0
10.0,Training,PyTorch,2109.4,8,14683.2,100,360.0
16.0,Training,PyTorch,3227.9,256,4145.8,100,360.0
12.0,FineTuning,PyTorch,1102.1,256,14503.2,50,198.8
8.0,FineTuning,PyTorch,324.0,64,1661.7,20,18.31
48.0,Training,TensorFlow,1289.3,128,11930.4,5,15.57
24.0,Training,PyTorch,3936.5,64,6652.1,5,92.47
8.0,Training,PyTorch,3602.8,8,3002.8,50,360.0
16.0,Inference,PyTorch,1611.2,256,11832.6,5,4.45
10.0,FineTuning,PyTorch,3511.3,64,204.0,10,8.88
12.0,FineTuning,PyTorch,179.4,64,5272.4,10,10.23
12.0,Inference,TensorFlow,1291.1,256,9112.4,10,9.92
24.0,FineTuning,PyTorch,2920.9,64,3541.5,50,218.39
12.0,Inference,PyTorch,924.7,256,5054.7,100,32.98
8.0,Training,PyTorch,833.6,64,1462.7,30,107.6
12.0,Training,PyTorch,3454.1,8,12812.9,30,360.0
24.0,Training,PyTorch,2483.0,16,6390.3,20,360.0
12.0,FineTuning,PyTorch,3956.6,32,2264.9,20,360.0
12.0,Inference,PyTorch,581.9,128,3066.5,10,3.76
80.0,FineTuning,PyTorch,1456.7,16,4200.0,10,42.67
8.0,Training,JAX,1279.3,8,3519.1,50,360.0
16.0,FineTuning,PyTorch,3526.5,128,7599.3,10,120.86
4.0,FineTuning,PyTorch,1058.4,128,13587.8,10,199.59
12.0,Training,PyTorch,1446.2,256,2840.3,10,16.45
48.0,FineTuning,PyTorch,614.2,256,6856.4,5,2.68
12.0,Inference,PyTorch,3112.8,64,9992.5,30,199.17
80.0,Inference,PyTorch,988.9,32,2838.5,5,1.99
16.0,FineTuning,PyTorch,319.9,256,2394.5,100,16.36
48.0,Training,TensorFlow,1768.7,32,2414.9,10,41.21
48.0,Training,PyTorch,1596.3,8,13241.6,10,360.0
8.0,FineTuning,JAX,751.6,256,10697.9,5,16.15
24.0,FineTuning,TensorFlow,577.7,16,5111.9,5,28.7
24.0,Training,PyTorch,3591.4,64,13548.2,50,360.0
16.0,Training,PyTorch,318.0,32,14307.8,50,360.0
24.0,Inference,PyTorch,442.3,64,6034.3,10,3.8
6.0,Inference,PyTorch,1017.9,16,7705.7,5,66.75
80.0,FineTuning,PyTorch,3813.7,128,5435.5,100,166.01
4.0,Training,PyTorch,387.3,16,3490.6,50,360.0
4.0,Training,JAX,3273.3,128,11722.1,20,360.0
8.0,Training,PyTorch,3573.6,16,9771.0,5,360.0
8.0,FineTuning,PyTorch,1542.6,64,5566.7,30,360.0
4.0,Training,PyTorch,1210.9,16,314.3,20,157.14
24.0,Inference,PyTorch,2725.6,256,11478.7,20,20.08
10.0,Inference,TensorFlow,2825.4,32,7212.8,100,360.0
6.0,Training,PyTorch,3130.9,32,1189.0,5,140.3
12.0,FineTuning,PyTorch,3330.7,8,1955.1,100,360.0
16.0,FineTuning,TensorFlow,1110.2,256,9462.8,10,18.58
80.0,Inference,TensorFlow,2763.5,32,8240.4,30,51.27
10.0,Inference,TensorFlow,582.9,32,3683.1,50,59.74
6.0,Training,TensorFlow,2067.4,128,2184.2,100,360.0
12.0,Training,PyTorch,2470.9,256,13282.5,50,360.0
8.0,FineTuning,PyTorch,688.8,64,2109.5,10,25.02
6.0,FineTuning,PyTorch,352.2,64,1376.6,30,28.95
4.0,Training,PyTorch,819.2,128,9337.1,100,360.0
6.0,FineTuning,PyTorch,1711.3,32,3863.0,30,360.0
16.0,FineTuning,TensorFlow,3557.0,16,9883.3,20,360.0
48.0,Training,PyTorch,2151.1,128,7387.6,20,66.71
8.0,Inference,JAX,3006.5,64,3247.6,30,113.94
80.0,Training,PyTorch,737.9,8,1137.6,100,179.43
80.0,FineTuning,PyTorch,468.6,64,1152.7,100,10.3
6.0,FineTuning,PyTorch,996.5,16,8829.3,100,360.0
48.0,Training,PyTorch,1289.8,64,11397.9,5,26.38
12.0,FineTuning,PyTorch,2215.0,128,10375.9,100,360.0
10.0,FineTuning,PyTorch,3530.9,8,8933.5,5,360.0
12.0,Inference,PyTorch,1733.1,64,3242.8,5,6.85
10.0,Training,JAX,2099.3,128,12940.7,30,360.0
48.0,FineTuning,PyTorch,68.2,128,9469.8,50,4.73
10.0,FineTuning,PyTorch,181.6,128,10443.6,5,6.38
16.0,FineTuning,PyTorch,380.9,8,3435.1,50,360.0
6.0,Inference,PyTorch,2811.0,128,3996.2,5,18.07
12.0,Training,TensorFlow,1970.5,8,13622.5,30,360.0
16.0,Training,TensorFlow,812.2,256,7193.5,5,12.02
12.0,FineTuning,JAX,2390.8,16,8352.3,100,360.0
6.0,Training,PyTorch,2201.2,16,1750.4,50,360.0
24.0,Inference,PyTorch,400.8,16,5979.2,10,13.9
10.0,FineTuning,TensorFlow,2579.6,256,13316.8,100,360.0
48.0,FineTuning,JAX,3080.3,128,13512.2,50,256.89
24.0,Inference,JAX,1181.9,8,10979.3,10,123.06
24.0,FineTuning,TensorFlow,2765.6,256,8230.0,100,304.79
80.0,FineTuning,PyTorch,838.9,16,13969.3,50,332.11
4.0,Training,PyTorch,3039.1,32,13090.4,100,360.0
16.0,Training,TensorFlow,3651.5,16,12710.6,100,360.0
16.0,Training,TensorFlow,1795.4,128,13238.9,5,91.41
16.0,FineTuning,TensorFlow,1016.3,256,6853.3,5,8.5
16.0,FineTuning,PyTorch,1626.7,32,7929.8,50,360.0
24.0,Training,PyTorch,1037.8,256,6417.8,5,6.26
16.0,FineTuning,PyTorch,54.9,64,11127.0,5,3.06
4.0,Training,PyTorch,2619.3,32,8919.7,30,360.0
8.0,Inference,PyTorch,218.0,64,1138.5,20,2.61
6.0,Training,JAX,881.0,32,2135.3,20,240.77
16.0,Inference,PyTorch,2903.7,8,2965.6,100,360.0
48.0,FineTuning,PyTorch,2679.6,32,10091.3,50,360.0
8.0,FineTuning,PyTorch,339.6,16,1736.1,20,60.01
48.0,Training,PyTorch,2657.2,64,8158.2,10,101.62
48.0,Inference,PyTorch,3725.8,64,12628.4,50,130.66
12.0,Training,JAX,344.3,256,14218.0,50,124.62
48.0,FineTuning,PyTorch,1692.0,16,6480.7,10,113.68
16.0,Inference,PyTorch,2931.3,8,8048.1,20,360.0
12.0,Inference,TensorFlow,2687.5,32,12489.8,10,175.05
80.0,FineTuning,PyTorch,944.7,8,14042.6,5,90.2
24.0,Inference,PyTorch,694.1,16,5908.9,50,106.56
48.0,FineTuning,PyTorch,3147.8,32,5360.6,30,256.23
4.0,Training,PyTorch,3827.2,16,6817.6,10,360.0
6.0,Training,PyTorch,3082.0,64,3881.7,50,360.0
48.0,Training,PyTorch,3854.7,64,12909.0,100,360.0
80.0,Training,TensorFlow,2439.7,64,4841.1,100,301.21
10.0,FineTuning,PyTorch,3719.9,128,6796.9,50,360.0
80.0,FineTuning,PyTorch,2777.2,128,4867.5,10,11.68
10.0,Training,PyTorch,3640.1,64,1871.9,30,351.53
80.0,Inference,PyTorch,688.3,128,9139.0,50,6.55
24.0,Training,PyTorch,3271.5,128,8855.4,5,60.79
6.0,Inference,TensorFlow,827.1,256,4494.0,5,3.94
80.0,Inference,PyTorch,158.3,16,567.8,5,0.85
10.0,Inference,PyTorch,2094.5,256,14057.5,30,72.0
48.0,Inference,JAX,1307.1,32,5397.7,20,16.24
24.0,Training,PyTorch,221.9,64,8127.4,5,7.26
24.0,FineTuning,PyTorch,3922.2,256,2241.9,10,13.88
48.0,Training,PyTorch,2682.5,256,3842.4,20,21.89
4.0,Training,PyTorch,3612.2,128,6585.3,10,360.0
12.0,FineTuning,PyTorch,3996.4,16,8477.4,30,360.0
6.0,Training,PyTorch,1598.3,16,12824.8,5,360.0
6.0,Inference,PyTorch,1056.2,256,4427.2,50,29.16
4.0,Inference,PyTorch,776.3,32,13089.5,5,80.96
12.0,Training,TensorFlow,2085.0,16,6930.8,30,360.0
6.0,FineTuning,PyTorch,2444.0,8,6546.9,5,360.0
10.0,FineTuning,PyTorch,1916.1,8,6006.6,5,360.0
8.0,Inference,PyTorch,1579.6,64,13304.1,5,39.98
8.0,FineTuning,PyTorch,714.7,256,3840.2,30,34.73
6.0,Training,PyTorch,1795.3,32,12874.7,5,360.0
16.0,Training,PyTorch,386.7,256,1427.6,100,15.52
6.0,Training,PyTorch,3466.9,8,14334.4,50,360.0
48.0,Inference,PyTorch,235.3,32,7594.9,50,12.98
48.0,Training,PyTorch,1553.6,64,14983.7,20,188.87
12.0,Training,TensorFlow,445.5,16,9158.2,20,360.0
24.0,Inference,PyTorch,3111.2,16,1852.3,20,61.21
10.0,Inference,JAX,1285.3,16,1007.3,20,35.86
4.0,Inference,TensorFlow,496.8,8,2981.9,50,360.0
6.0,FineTuning,JAX,2149.4,32,6375.1,20,360.0
10.0,FineTuning,TensorFlow,3669.3,8,11233.1,10,360.0
4.0,FineTuning,PyTorch,3639.1,128,110.7,100,52.49
48.0,Training,PyTorch,1036.1,32,3934.5,30,106.44
80.0,FineTuning,PyTorch,2892.7,64,8854.8,100,360.0
10.0,Training,TensorFlow,169.6,8,4538.5,30,305.56
8.0,Training,PyTorch,570.8,16,5418.5,50,360.0
6.0,Inference,PyTorch,2022.9,16,4581.4,30,360.0
12.0,Training,PyTorch,953.6,16,14302.4,30,360.0
8.0,Inference,PyTorch,3203.1,8,1080.9,5,50.83
24.0,Training,PyTorch,3727.7,8,13621.9,20,360.0
16.0,Training,PyTorch,67.1,16,4916.3,20,30.22
4.0,FineTuning,TensorFlow,970.0,16,3773.5,5,192.22
48.0,FineTuning,TensorFlow,1786.2,16,13260.7,50,360.0
6.0,FineTuning,TensorFlow,2274.2,128,4377.6,10,98.79
12.0,Inference,TensorFlow,3667.8,8,14813.5,50,360.0
80.0,Training,PyTorch,3572.9,16,8266.5,10,346.81
48.0,Inference,JAX,2566.8,64,7197.9,10,12.95
6.0,Training,PyTorch,1066.7,16,14649.7,5,360.0
80.0,Inference,TensorFlow,3144.0,8,3478.8,50,135.97
12.0,Training,PyTorch,850.5,64,13643.6,20,340.25
16.0,Inference,PyTorch,3862.4,256,8913.7,100,149.21
8.0,FineTuning,TensorFlow,73.1,256,11349.0,50,15.73
8.0,Training,PyTorch,2300.6,256,8772.3,50,360.0
48.0,Inference,PyTorch,399.2,8,9317.9,100,153.52
6.0,Training,PyTorch,1660.0,8,2408.3,10,360.0
6.0,Training,PyTorch,2558.0,8,2359.8,10,360.0
12.0,Inference,PyTorch,2773.9,32,6017.6,20,164.02
16.0,Training,PyTorch,3153.0,64,5261.2,100,360.0
6.0,Training,PyTorch,2393.6,128,10709.7,100,360.0
12.0,FineTuning,PyTorch,1042.7,128,10869.1,20,138.54
24.0,Inference,PyTorch,3562.6,32,8500.5,100,360.0
48.0,Training,PyTorch,3253.9,8,6089.9,10,360.0
24.0,FineTuning,PyTorch,682.2,128,10184.5,50,104.84
48.0,FineTuning,PyTorch,3314.7,64,10341.4,10,74.06
80.0,Inference,PyTorch,3891.9,16,12155.6,30,183.13
12.0,Inference,PyTorch,2567.0,64,12194.8,30,221.38
12.0,FineTuning,JAX,1163.1,8,1136.6,10,101.66
10.0,FineTuning,TensorFlow,2446.0,64,5673.4,20,289.92
80.0,Training,TensorFlow,1403.0,256,6356.9,10,5.94
12.0,Training,PyTorch,2720.0,8,12719.2,50,360.0
6.0,FineTuning,PyTorch,2202.0,64,7576.9,30,360.0
48.0,Inference,PyTorch,3721.5,32,7383.2,5,14.89
24.0,FineTuning,PyTorch,2490.7,64,8351.2,20,170.88
48.0,Training,TensorFlow,895.2,256,1995.5,5,1.43
8.0,FineTuning,PyTorch,2914.2,128,8522.9,20,320.15
10.0,FineTuning,PyTorch,1238.5,16,8318.1,5,242.98
12.0,FineTuning,PyTorch,1125.9,32,11340.9,5,131.71
16.0,FineTuning,PyTorch,1597.5,64,9548.9,100,360.0
4.0,FineTuning,PyTorch,97.4,8,14329.9,10,360.0
10.0,Training,PyTorch,3878.1,32,1293.5,20,360.0
12.0,Inference,PyTorch,2152.7,128,11597.6,100,266.26
24.0,FineTuning,PyTorch,3105.3,16,11297.4,30,360.0
12.0,Training,PyTorch,1068.5,256,4113.2,5,9.86
4.0,Training,TensorFlow,2999.1,16,10508.4,10,360.0
24.0,Inference,TensorFlow,2290.3,64,9923.9,50,143.53
48.0,Inference,TensorFlow,1725.4,256,4550.7,20,3.35
24.0,Training,PyTorch,3884.1,128,10884.4,20,353.77
10.0,Training,PyTorch,2000.7,128,13966.7,30,360.0
48.0,Training,JAX,2647.0,16,4647.8,5,95.91
12.0,Training,PyTorch,110.6,16,14703.2,10,96.01
80.0,FineTuning,PyTorch,1240.7,128,3441.9,5,2.29
12.0,FineTuning,PyTorch,3560.3,16,2106.2,10,261.5
4.0,FineTuning,PyTorch,3047.9,8,1248.1,30,360.0
80.0,FineTuning,PyTorch,2170.2,16,3283.9,5,23.67
12.0,Training,TensorFlow,3605.6,8,5203.4,50,360.0
16.0,Training,PyTorch,1970.6,256,11024.1,30,184.24
10.0,Training,PyTorch,2287.7,16,1173.0,30,360.0
16.0,Training,PyTorch,1559.5,32,7658.3,20,360.0
48.0,Training,PyTorch,2499.2,32,7829.3,10,184.34
8.0,FineTuning,PyTorch,1310.1,256,3496.4,100,184.04
12.0,Inference,PyTorch,1572.7,256,777.3,5,1.09
6.0,FineTuning,PyTorch,3867.0,32,3454.3,10,360.0
6.0,Inference,TensorFlow,489.7,256,3532.8,30,8.8
24.0,FineTuning,PyTorch,465.8,8,10351.6,5,86.02
16.0,FineTuning,PyTorch,221.1,8,3583.3,50,257.29
10.0,Training,PyTorch,1314.2,64,5169.9,10,145.02
12.0,Inference,PyTorch,1623.0,64,806.7,10,4.48
4.0,Training,PyTorch,423.3,16,9396.8,50,360.0
24.0,Training,PyTorch,2219.1,8,7164.7,100,360.0
48.0,Training,TensorFlow,2354.0,32,5240.0,100,360.0
80.0,Inference,PyTorch,3016.6,32,10572.9,30,72.11
48.0,Inference,PyTorch,3905.1,32,10263.6,100,360.0
12.0,FineTuning,PyTorch,2496.4,16,4985.8,10,360.0
8.0,FineTuning,TensorFlow,491.0,8,10670.2,20,360.0
80.0,FineTuning,PyTorch,399.7,256,5288.3,20,3.0
16.0,Inference,PyTorch,3121.3,16,3407.8,5,36.93
12.0,FineTuning,TensorFlow,2618.8,256,10825.5,50,292.36
8.0,Inference,PyTorch,689.6,128,10947.6,30,36.92
16.0,Training,PyTorch,1050.8,128,12999.9,20,178.69
8.0,Training,PyTorch,3013.4,64,7564.1,5,233.3
16.0,Inference,TensorFlow,2286.3,256,3562.4,5,3.32
10.0,Training,TensorFlow,2360.8,8,12569.8,100,360.0
6.0,Inference,TensorFlow,879.5,256,2702.5,10,3.9
48.0,FineTuning,JAX,2534.8,256,14085.3,30,76.01
10.0,Inference,PyTorch,3094.0,32,4669.1,100,360.0
80.0,Training,PyTorch,3546.7,8,379.6,100,295.01
24.0,FineTuning,PyTorch,2960.0,256,2882.8,20,22.43
6.0,FineTuning,JAX,2326.7,256,6280.4,50,327.42
10.0,FineTuning,PyTorch,2709.4,256,922.3,100,70.71
12.0,FineTuning,JAX,1966.2,64,6201.9,10,134.29
8.0,Inference,PyTorch,946.2,32,3122.9,20,44.46
80.0,FineTuning,TensorFlow,3534.7,16,382.4,5,3.95
12.0,Training,PyTorch,2153.9,32,4555.2,100,360.0
6.0,Inference,TensorFlow,2397.6,256,3471.9,50,56.18
8.0,Training,PyTorch,3960.9,256,6354.4,5,64.94
80.0,Training,PyTorch,3940.8,128,11409.3,100,360.0
24.0,Training,PyTorch,2365.9,16,7695.7,10,360.0
6.0,Inference,PyTorch,184.1,256,11544.2,50,16.86
80.0,Training,PyTorch,1614.8,32,5116.5,50,232.96
10.0,Training,JAX,3752.3,16,296.5,10,80.59
80.0,Inference,PyTorch,1188.8,128,13840.4,5,2.55
6.0,Inference,PyTorch,3997.1,128,4789.2,100,360.0
10.0,Training,PyTorch,383.1,8,7950.5,50,360.0
12.0,FineTuning,PyTorch,2294.1,256,7091.3,30,102.44
6.0,Inference,TensorFlow,2086.0,128,8788.0,30,144.01
4.0,Training,TensorFlow,1058.6,128,13286.0,100,360.0
24.0,Inference,JAX,3797.0,128,13021.9,5,13.34
4.0,FineTuning,PyTorch,2495.7,256,14717.4,50,360.0
48.0,FineTuning,PyTorch,959.4,64,7972.7,5,10.23
8.0,FineTuning,PyTorch,1567.0,128,13844.7,30,360.0
16.0,FineTuning,PyTorch,2898.9,8,7288.5,50,360.0
24.0,Training,JAX,1225.9,16,761.6,50,152.03
4.0,FineTuning,PyTorch,3524.4,64,2278.3,100,360.0
16.0,Training,PyTorch,704.4,16,5076.4,100,360.0
24.0,FineTuning,TensorFlow,1094.8,16,10909.3,100,360.0
16.0,Training,PyTorch,622.3,8,1312.4,100,360.0
10.0,Inference,PyTorch,461.5,64,5487.1,5,4.19
4.0,Training,TensorFlow,1236.2,256,14737.2,50,360.0
80.0,FineTuning,PyTorch,3996.8,32,11806.6,5,74.57
10.0,Training,JAX,422.6,128,8622.7,20,87.67
24.0,FineTuning,PyTorch,891.4,16,1020.4,20,31.36
24.0,FineTuning,PyTorch,1122.9,16,317.8,30,26.85
6.0,FineTuning,PyTorch,2495.6,8,1668.2,30,360.0
4.0,Training,PyTorch,2994.1,256,4974.2,10,193.03
48.0,Training,PyTorch,3020.1,8,9135.3,20,360.0
48.0,FineTuning,PyTorch,84.1,8,3042.5,20,10.42
24.0,Inference,PyTorch,2624.8,64,862.2,100,24.45
48.0,Training,PyTorch,2541.4,256,1453.6,100,32.88
8.0,Training,PyTorch,2094.7,128,6459.2,10,191.86
6.0,Training,PyTorch,1547.9,64,11619.6,5,337.04
24.0,FineTuning,JAX,3199.9,8,12334.2,20,360.0
48.0,Training,TensorFlow,1408.3,8,4436.7,100,360.0
4.0,Inference,PyTorch,958.5,256,9985.2,20,33.21
80.0,Training,PyTorch,1274.9,256,5951.4,30,17.03
10.0,Training,PyTorch,1786.6,16,14590.4,10,360.0
10.0,Training,PyTorch,895.5,64,6133.9,10,102.35
8.0,FineTuning,PyTorch,2449.9,64,5999.0,30,360.0
16.0,FineTuning,PyTorch,3542.6,256,7573.4,20,97.4
4.0,Training,PyTorch,2402.1,128,480.0,50,147.02
16.0,Inference,PyTorch,1814.3,64,6327.1,10,18.5
6.0,Training,TensorFlow,3197.6,256,12447.7,20,360.0
80.0,FineTuning,PyTorch,3004.8,128,9220.0,5,9.68
6.0,FineTuning,PyTorch,1499.9,32,14544.4,10,360.0
24.0,Training,TensorFlow,2436.4,256,4951.8,30,69.77
4.0,Inference,TensorFlow,2932.9,128,2506.7,10,27.3
24.0,Inference,PyTorch,1019.6,8,11283.6,30,360.0
12.0,Training,TensorFlow,1496.8,32,750.5,5,23.35
48.0,FineTuning,PyTorch,467.8,16,2477.4,20,26.31
10.0,Training,PyTorch,3951.3,16,7653.6,30,360.0
24.0,FineTuning,PyTorch,389.2,16,11327.7,30,287.52
16.0,Training,TensorFlow,716.0,8,9054.5,100,360.0
12.0,Inference,PyTorch,1945.3,256,14923.9,5,10.4
10.0,Training,PyTorch,3467.8,16,9858.6,50,360.0
24.0,Training,PyTorch,1455.7,128,10902.0,10,77.56
12.0,Training,PyTorch,3086.0,256,14909.3,100,360.0
12.0,Training,PyTorch,2720.3,8,8927.7,50,360.0
4.0,FineTuning,PyTorch,2572.7,64,10747.8,10,360.0
6.0,Training,PyTorch,3387.8,8,4545.1,5,360.0
12.0,FineTuning,PyTorch,106.0,8,8097.7,5,33.25
8.0,Training,PyTorch,3720.2,64,13688.1,50,360.0
6.0,FineTuning,TensorFlow,3325.4,128,12814.5,5,215.29
10.0,FineTuning,PyTorch,3754.6,32,4663.7,20,360.0
10.0,Inference,PyTorch,3184.7,64,5422.5,50,214.35
10.0,Inference,JAX,3520.4,8,12711.0,30,360.0
10.0,Inference,PyTorch,852.2,16,4341.6,30,135.34
8.0,FineTuning,PyTorch,1311.0,64,13325.5,5,121.43
24.0,Training,PyTorch,1295.1,64,11629.2,5,71.12
80.0,FineTuning,PyTorch,481.2,32,2370.1,10,4.55
12.0,Inference,PyTorch,2931.8,8,10824.5,50,360.0
10.0,Training,PyTorch,587.9,16,12531.5,100,360.0
6.0,FineTuning,PyTorch,257.4,16,2250.7,50,193.66
6.0,Training,PyTorch,3113.0,32,6914.5,20,360.0
12.0,FineTuning,PyTorch,3623.4,256,12953.2,30,287.43
24.0,FineTuning,TensorFlow,3068.3,16,3059.9,30,360.0
80.0,FineTuning,TensorFlow,3310.1,128,6791.4,20,41.52
24.0,FineTuning,PyTorch,2402.7,64,9230.3,10,105.37
12.0,Inference,PyTorch,3556.6,64,1549.1,20,30.31
16.0,FineTuning,PyTorch,2012.0,16,3259.6,10,237.52
8.0,Inference,PyTorch,3953.9,16,7054.3,10,360.0
12.0,Training,TensorFlow,458.5,16,5667.9,100,360.0
48.0,Training,PyTorch,3246.3,64,4939.2,10,59.19
4.0,FineTuning,PyTorch,2583.5,16,492.9,5,82.35
4.0,Training,PyTorch,2343.6,128,13926.2,5,360.0
24.0,Training,PyTorch,2917.0,128,13084.2,10,131.32
12.0,FineTuning,PyTorch,3369.2,64,5950.0,20,360.0
12.0,FineTuning,PyTorch,3458.4,256,2802.5,20,45.94
4.0,FineTuning,PyTorch,742.8,8,1128.8,20,360.0
80.0,Training,JAX,828.3,8,1935.5,5,15.93
4.0,Training,PyTorch,113.9,8,9070.1,100,360.0
12.0,FineTuning,TensorFlow,570.8,128,11035.4,10,29.7
80.0,Training,TensorFlow,1092.3,32,2430.7,30,41.69
10.0,Training,PyTorch,2898.1,8,1780.6,20,360.0
48.0,Training,PyTorch,1929.3,32,10397.1,100,360.0
16.0,Training,PyTorch,3043.7,64,7803.6,5,143.33
8.0,Training,PyTorch,1971.8,128,5640.4,50,360.0
10.0,Training,PyTorch,2244.6,256,10902.2,10,114.75
6.0,Training,PyTorch,488.7,8,6889.6,20,360.0
4.0,FineTuning,PyTorch,3117.4,128,7030.3,5,152.17
48.0,Training,TensorFlow,3044.6,64,334.5,50,19.21
4.0,Training,JAX,1264.9,128,4808.5,10,127.16
4.0,Inference,PyTorch,1347.9,16,175.0,30,23.56
10.0,FineTuning,PyTorch,917.7,8,13865.3,10,360.0
16.0,Training,TensorFlow,3264.7,128,4479.7,10,91.05
80.0,Inference,PyTorch,3000.7,256,2789.7,20,2.19
4.0,Training,PyTorch,2456.1,128,1454.4,100,360.0
24.0,Training,PyTorch,993.3,128,794.9,10,5.42
12.0,Inference,TensorFlow,728.8,64,13301.5,50,126.98
48.0,Inference,PyTorch,248.6,8,2610.8,50,13.8
24.0,FineTuning,PyTorch,230.2,256,9300.5,10,3.68
10.0,FineTuning,PyTorch,789.2,8,9803.1,10,360.0
10.0,FineTuning,TensorFlow,447.1,16,4831.4,100,360.0
16.0,Training,JAX,2246.6,16,12515.4,50,360.0
16.0,Training,PyTorch,1464.5,128,3289.1,50,170.61
80.0,FineTuning,JAX,1807.5,8,1164.7,20,59.73
12.0,Inference,PyTorch,2396.6,8,1121.3,30,136.12
48.0,Training,PyTorch,2653.5,128,4576.4,50,104.48
12.0,FineTuning,JAX,2610.4,32,7002.4,30,360.0
6.0,Training,PyTorch,1080.4,8,9477.5,30,360.0
16.0,FineTuning,PyTorch,3248.0,128,10957.8,50,360.0
80.0,FineTuning,PyTorch,3675.0,128,2762.5,100,76.23
8.0,FineTuning,TensorFlow,1298.0,32,10290.5,100,360.0
4.0,Training,TensorFlow,117.4,16,2819.8,20,141.37
4.0,Training,TensorFlow,3601.7,256,14958.2,10,360.0
8.0,FineTuning,PyTorch,3698.0,128,14390.1,100,360.0
12.0,Training,TensorFlow,251.2,8,1625.9,5,25.55
8.0,Training,PyTorch,69.6,16,9861.3,10,63.9
80.0,FineTuning,PyTorch,3274.8,16,13558.7,5,136.76
48.0,FineTuning,TensorFlow,1240.8,16,1302.5,50,68.89
8.0,Training,PyTorch,3662.6,128,1947.3,10,73.87
80.0,FineTuning,PyTorch,906.1,8,5270.3,10,65.17
16.0,Inference,PyTorch,3451.6,256,1526.4,5,2.6
24.0,Training,PyTorch,321.1,32,13295.3,20,138.52
10.0,FineTuning,PyTorch,1079.5,64,13145.6,100,360.0
10.0,Training,PyTorch,3893.9,64,14235.8,50,360.0
6.0,Training,PyTorch,963.2,16,3154.4,50,360.0
12.0,Training,PyTorch,575.4,64,775.7,100,72.73
48.0,Training,TensorFlow,3435.4,64,6725.0,50,360.0
24.0,Inference,PyTorch,515.3,128,13220.2,10,5.33
24.0,Training,PyTorch,435.0,32,9612.9,30,173.48
16.0,FineTuning,PyTorch,1327.5,64,14974.9,5,83.23
8.0,Training,TensorFlow,2559.5,256,13594.7,100,360.0
12.0,Training,PyTorch,2857.4,256,5952.0,10,85.71
4.0,FineTuning,PyTorch,3530.9,32,689.0,20,345.58
24.0,FineTuning,JAX,2186.6,64,177.1,20,4.96
80.0,Inference,PyTorch,1604.0,256,9698.7,10,2.57
4.0,Inference,JAX,1467.4,16,13744.9,5,360.0
6.0,Training,PyTorch,3395.3,16,6719.0,100,360.0
8.0,FineTuning,PyTorch,2909.1,256,13127.0,50,360.0
8.0,Training,PyTorch,3626.4,32,8544.4,50,360.0
48.0,FineTuning,PyTorch,3857.9,32,1560.5,30,100.8
24.0,Inference,TensorFlow,1235.2,32,11994.9,100,340.35
16.0,Training,JAX,2142.2,32,7439.7,10,360.0
10.0,Training,JAX,2545.7,8,860.9,30,360.0
80.0,FineTuning,TensorFlow,697.2,16,12237.6,20,104.64
4.0,FineTuning,TensorFlow,260.7,64,11389.0,50,360.0
6.0,Training,PyTorch,3477.7,8,6913.6,100,360.0
10.0,Inference,TensorFlow,2165.3,32,390.0,50,22.04
8.0,FineTuning,PyTorch,2304.6,64,5269.4,30,360.0
4.0,Training,PyTorch,2241.9,16,6580.8,10,360.0
12.0,Training,PyTorch,3032.1,32,2563.2,30,360.0
24.0,FineTuning,TensorFlow,624.7,128,2497.5,100,33.55
6.0,Training,PyTorch,2475.5,32,2588.0,20,360.0
12.0,Training,TensorFlow,1904.4,64,5621.6,100,360.0
16.0,FineTuning,PyTorch,3593.0,16,12281.4,10,360.0
24.0,FineTuning,TensorFlow,2102.5,32,11414.4,100,360.0
4.0,FineTuning,JAX,3774.6,16,250.7,20,204.78
24.0,Training,PyTorch,1445.3,8,243.7,10,20.2
10.0,FineTuning,JAX,3869.2,128,1257.7,30,82.86
48.0,Inference,PyTorch,3506.9,256,7052.1,5,2.93
10.0,Training,PyTorch,2357.8,256,13344.3,30,360.0
16.0,FineTuning,TensorFlow,1447.2,8,2815.6,10,264.66
80.0,Inference,PyTorch,1534.9,256,7204.3,100,13.51
12.0,FineTuning,PyTorch,3102.4,128,707.1,20,27.6
10.0,FineTuning,PyTorch,2343.5,8,402.9,30,283.48
48.0,Training,PyTorch,1636.3,16,211.5,10,7.27
80.0,FineTuning,PyTorch,2562.4,16,11076.5,20,360.0
10.0,FineTuning,PyTorch,2946.3,8,455.0,20,289.67
8.0,FineTuning,JAX,140.5,64,4179.9,20,21.12
48.0,Inference,PyTorch,405.0,8,9711.2,100,165.83
12.0,Training,PyTorch,423.2,32,9317.9,10,150.69
6.0,Training,JAX,966.1,64,921.7,20,57.53
80.0,Training,JAX,1736.6,16,3924.3,20,129.64
8.0,FineTuning,TensorFlow,3224.4,8,9625.9,30,360.0
6.0,Training,PyTorch,1436.8,64,5944.5,20,360.0
4.0,FineTuning,PyTorch,119.0,32,7040.8,100,360.0
48.0,Training,PyTorch,1959.3,128,3185.6,5,9.37
8.0,FineTuning,PyTorch,3986.7,16,662.6,10,162.74
24.0,Training,TensorFlow,1428.6,64,5243.5,20,140.46
4.0,Inference,PyTorch,3847.0,256,10276.5,20,142.11
4.0,FineTuning,PyTorch,450.3,64,11521.3,50,360.0
80.0,Inference,PyTorch,733.7,256,8928.7,30,2.78
48.0,FineTuning,PyTorch,2910.3,64,5958.7,20,88.14
8.0,Training,PyTorch,2029.8,8,8788.7,30,360.0
16.0,Training,TensorFlow,3072.2,16,10604.3,30,360.0
8.0,Inference,PyTorch,3461.1,16,11353.5,5,325.44
10.0,FineTuning,PyTorch,1041.8,8,1507.8,10,136.13
4.0,Training,PyTorch,2747.2,8,12064.5,5,360.0
12.0,FineTuning,PyTorch,2450.0,256,1045.8,10,7.72
4.0,Training,PyTorch,3453.1,256,13069.8,50,360.0
4.0,Training,PyTorch,1748.9,256,5944.4,5,65.39
24.0,Training,PyTorch,254.9,8,8249.1,30,360.0
16.0,Inference,TensorFlow,2318.0,32,4420.7,20,92.6
6.0,Training,PyTorch,3837.6,64,6457.3,50,360.0
6.0,Training,PyTorch,107.8,32,12693.4,10,102.39
24.0,Training,PyTorch,999.0,16,4505.9,5,73.83
4.0,Training,PyTorch,1298.5,8,8506.3,50,360.0
6.0,FineTuning,PyTorch,3075.1,64,9741.5,100,360.0
48.0,Training,PyTorch,1326.9,256,2281.5,5,2.68
16.0,Training,PyTorch,994.4,128,11689.5,30,181.3
6.0,Inference,PyTorch,2611.8,64,14986.1,100,360.0
24.0,Training,PyTorch,233.3,128,2410.4,5,1.67
10.0,Training,PyTorch,723.9,64,11541.5,10,173.58
6.0,FineTuning,PyTorch,1661.7,8,2291.4,100,360.0
16.0,FineTuning,TensorFlow,1454.6,128,14258.8,100,360.0
80.0,Inference,PyTorch,1421.3,128,6223.7,10,2.5
80.0,Training,PyTorch,478.8,16,14700.8,20,121.94
48.0,Inference,TensorFlow,1475.3,64,1112.0,20,2.72
8.0,FineTuning,PyTorch,3202.1,32,11885.6,10,360.0
8.0,FineTuning,PyTorch,1684.7,256,7153.3,10,48.03
6.0,Training,TensorFlow,2365.4,32,4413.5,10,360.0
12.0,Training,PyTorch,696.1,16,11243.5,50,360.0
10.0,FineTuning,TensorFlow,325.4,16,9566.4,100,360.0
24.0,Inference,PyTorch,3525.8,16,13553.0,5,114.57
10.0,FineTuning,PyTorch,1358.9,8,3807.3,50,360.0
80.0,Training,PyTorch,1433.8,8,14102.2,30,360.0
6.0,Training,PyTorch,3516.9,8,9663.8,20,360.0
16.0,FineTuning,PyTorch,2845.7,8,6811.5,5,360.0
24.0,FineTuning,PyTorch,3037.2,16,891.7,20,93.65
10.0,Training,PyTorch,2743.9,16,11501.1,30,360.0
16.0,Training,PyTorch,467.9,8,12890.2,10,360.0
24.0,Training,PyTorch,3834.1,8,12162.8,20,360.0
10.0,FineTuning,JAX,3641.1,128,11061.4,10,273.35
48.0,FineTuning,TensorFlow,983.1,64,14544.2,20,80.28
80.0,Inference,JAX,3225.8,128,12751.6,30,20.12
4.0,FineTuning,PyTorch,1667.1,64,13925.4,20,360.0
24.0,Training,PyTorch,2750.9,8,10984.1,30,360.0
80.0,FineTuning,PyTorch,704.1,8,12321.1,5,55.82
12.0,Inference,PyTorch,2177.3,256,4408.5,50,27.9
6.0,Inference,PyTorch,550.1,8,10066.6,30,360.0
16.0,Inference,PyTorch,2167.9,128,3162.5,20,14.14
24.0,Training,PyTorch,1012.2,16,1132.1,5,20.68
6.0,FineTuning,PyTorch,1837.2,64,8730.9,30,360.0
6.0,Inference,PyTorch,2688.5,256,11765.3,20,70.59
4.0,FineTuning,PyTorch,3514.4,128,1333.1,100,360.0
10.0,Training,PyTorch,702.9,256,2801.1,30,30.26
24.0,Inference,PyTorch,3578.4,8,1485.2,30,174.61
80.0,FineTuning,PyTorch,1590.6,16,9549.3,10,93.74
8.0,Training,TensorFlow,3383.0,128,1284.6,20,98.86
24.0,Training,PyTorch,2074.6,64,1490.1,50,149.76
24.0,FineTuning,TensorFlow,3455.7,256,4036.1,30,56.46
24.0,Training,PyTorch,2668.2,256,4126.5,5,15.11
6.0,Training,PyTorch,2059.4,256,8406.8,20,290.69
16.0,FineTuning,PyTorch,1284.5,8,579.6,50,194.21
6.0,FineTuning,JAX,3877.2,64,9268.6,20,360.0
16.0,FineTuning,PyTorch,3213.5,256,6234.5,100,343.61
8.0,Training,PyTorch,1555.7,8,2763.1,50,360.0
6.0,FineTuning,PyTorch,708.6,8,9834.9,50,360.0
16.0,Training,PyTorch,3129.2,32,5012.1,30,360.0
6.0,Training,PyTorch,3960.3,64,12429.6,10,360.0
12.0,Training,PyTorch,1152.0,16,14842.5,20,360.0
6.0,Inference,PyTorch,3667.7,8,11707.5,5,360.0
8.0,Training,PyTorch,545.2,16,11170.6,100,360.0
8.0,Training,TensorFlow,3811.2,128,5391.8,5,147.14
16.0,Training,PyTorch,2994.1,8,8065.6,10,360.0
16.0,FineTuning,PyTorch,1419.1,256,885.0,5,2.41
8.0,Inference,TensorFlow,1253.3,8,10937.3,20,360.0
8.0,Inference,PyTorch,2591.6,256,10158.1,5,13.61
4.0,Training,PyTorch,2394.4,8,4113.3,100,360.0
24.0,Training,PyTorch,3679.8,256,8058.6,20,118.44
48.0,Training,PyTorch,3076.7,16,10221.8,50,360.0
6.0,FineTuning,PyTorch,2184.4,32,5581.6,30,360.0
10.0,Training,JAX,3713.9,64,10911.6,10,360.0
24.0,Training,PyTorch,2391.3,8,11971.0,10,360.0
48.0,FineTuning,PyTorch,3406.3,64,3430.7,5,16.88
4.0,Training,JAX,3371.7,256,4588.7,20,360.0
10.0,Training,JAX,3680.8,64,6083.3,100,360.0
16.0,Training,PyTorch,317.0,256,3611.6,30,13.6
8.0,Training,TensorFlow,2356.1,64,11656.6,100,360.0
12.0,FineTuning,PyTorch,1900.2,256,8620.5,5,25.7
80.0,Inference,TensorFlow,1987.6,16,5763.5,100,193.46
8.0,Training,TensorFlow,1866.6,256,339.3,30,11.33
12.0,Training,PyTorch,3358.0,64,4955.5,20,360.0
48.0,Inference,PyTorch,1307.8,128,12563.9,100,48.86
16.0,Inference,PyTorch,1877.9,256,11178.3,5,5.08
10.0,Training,PyTorch,842.7,16,1103.9,5,36.76
48.0,FineTuning,PyTorch,1044.3,16,12041.5,100,360.0
8.0,Training,TensorFlow,2658.7,128,2767.9,30,334.19
8.0,FineTuning,PyTorch,511.9,32,14807.1,5,102.71
10.0,Inference,PyTorch,791.9,32,13041.3,100,360.0
80.0,FineTuning,TensorFlow,2135.7,256,13707.6,30,29.26
12.0,FineTuning,PyTorch,222.9,8,11564.8,100,360.0
48.0,Training,PyTorch,551.4,32,10690.6,100,360.0
16.0,FineTuning,PyTorch,3460.2,8,3742.1,20,360.0
8.0,FineTuning,PyTorch,3392.3,64,8837.3,30,360.0
48.0,FineTuning,PyTorch,1423.7,8,10476.7,20,360.0
80.0,Training,TensorFlow,1424.6,32,4392.5,20,67.0
48.0,FineTuning,PyTorch,3749.2,8,6034.8,50,360.0
10.0,FineTuning,PyTorch,152.1,16,14211.0,30,283.42
16.0,Training,PyTorch,2342.2,32,6178.6,10,360.0
4.0,Training,PyTorch,2409.7,8,4799.2,50,360.0
10.0,Training,PyTorch,3162.2,32,1697.5,50,360.0
48.0,FineTuning,PyTorch,3809.4,128,5186.0,30,89.33
4.0,FineTuning,TensorFlow,1455.5,32,9220.9,50,360.0
8.0,Inference,PyTorch,1779.4,128,2301.2,50,43.38
4.0,Training,PyTorch,2701.6,8,9118.8,5,360.0
80.0,Inference,PyTorch,3870.7,128,11143.8,20,14.29
6.0,FineTuning,TensorFlow,3568.6,32,11546.8,10,360.0
80.0,Training,PyTorch,2684.9,16,14773.6,30,360.0
10.0,Training,PyTorch,3434.1,128,6575.0,5,120.88
6.0,Training,PyTorch,386.6,32,583.2,100,165.24
10.0,Inference,PyTorch,1539.7,16,12834.9,100,360.0
16.0,Training,PyTorch,101.7,64,1344.4,10,2.87
24.0,Training,TensorFlow,751.0,256,12938.7,10,20.35
8.0,Training,JAX,2540.4,128,14742.2,5,286.57
8.0,Inference,PyTorch,3548.0,128,13611.7,100,360.0
48.0,Training,PyTorch,2549.5,8,14463.8,30,360.0
12.0,Training,PyTorch,2673.3,64,447.7,20,33.38
10.0,Training,PyTorch,460.1,8,269.4,5,9.51
24.0,Training,PyTorch,2676.2,8,3233.4,50,360.0
24.0,Training,PyTorch,1844.7,32,12000.8,100,360.0
80.0,FineTuning,PyTorch,2623.2,8,1432.3,10,45.06
80.0,Inference,PyTorch,1338.4,128,11223.1,50,16.41
12.0,Inference,PyTorch,2346.9,8,287.1,30,40.08
48.0,FineTuning,PyTorch,1725.1,16,10993.4,100,360.0
4.0,Training,PyTorch,2256.6,128,3826.0,100,360.0
80.0,FineTuning,PyTorch,631.0,256,6662.5,20,3.91
48.0,Training,PyTorch,1613.5,32,14649.9,20,360.0
16.0,Training,PyTorch,1528.4,8,8320.9,20,360.0
8.0,Inference,TensorFlow,2958.8,16,1211.9,100,360.0
8.0,Inference,PyTorch,2840.3,256,13109.7,50,170.45
48.0,FineTuning,PyTorch,3640.0,16,4922.6,30,360.0
12.0,Inference,PyTorch,2546.6,128,8821.8,50,140.42
24.0,Inference,PyTorch,1292.5,8,10705.4,100,360.0
12.0,FineTuning,PyTorch,3143.7,16,11684.9,10,360.0
48.0,FineTuning,PyTorch,2013.1,8,6544.2,20,360.0
10.0,FineTuning,PyTorch,814.3,128,11619.0,30,198.73
6.0,Training,PyTorch,3002.3,64,1841.7,50,360.0
8.0,Training,PyTorch,573.5,16,7932.5,50,360.0
48.0,FineTuning,PyTorch,753.7,32,426.1,50,7.83
24.0,Training,PyTorch,3047.1,8,6153.4,50,360.0
6.0,Training,PyTorch,3092.1,256,5535.0,100,360.0
16.0,Training,TensorFlow,3173.6,128,14674.2,50,360.0
80.0,Training,PyTorch,1208.6,128,6027.9,10,9.56
10.0,Inference,JAX,3473.0,256,13615.7,20,71.7
80.0,FineTuning,PyTorch,2904.5,32,6586.0,50,264.08
6.0,FineTuning,PyTorch,3344.2,64,8047.5,10,360.0
6.0,Inference,PyTorch,2849.0,8,5325.7,100,360.0
80.0,Inference,PyTorch,2339.4,64,9636.2,30,27.95
24.0,FineTuning,TensorFlow,482.1,128,11112.9,30,43.08
24.0,Inference,PyTorch,2858.2,16,11886.8,100,360.0
4.0,Training,PyTorch,2777.3,64,10439.7,10,360.0
16.0,Training,PyTorch,1284.3,16,5016.2,10,341.07
24.0,Training,PyTorch,2956.5,32,5025.9,10,242.08
16.0,FineTuning,PyTorch,2224.3,128,5283.8,30,113.55
16.0,FineTuning,TensorFlow,2259.7,16,663.7,50,227.91
6.0,FineTuning,PyTorch,1502.0,8,14151.5,20,360.0
16.0,FineTuning,PyTorch,511.3,128,3016.3,50,25.77
10.0,Training,PyTorch,906.9,32,2472.2,5,48.32
80.0,Training,TensorFlow,3086.9,8,8330.1,10,360.0
4.0,FineTuning,TensorFlow,1122.2,128,806.5,50,71.3
48.0,Training,PyTorch,58.9,64,12583.9,20,6.7
12.0,FineTuning,JAX,3988.2,256,13155.4,50,360.0
4.0,FineTuning,PyTorch,882.2,128,6027.4,5,42.7
10.0,FineTuning,PyTorch,2638.8,8,14574.1,5,360.0
4.0,Training,PyTorch,3711.3,16,4931.4,50,360.0
16.0,FineTuning,PyTorch,2418.9,16,3977.5,100,360.0
6.0,Inference,PyTorch,3206.2,128,14846.4,100,360.0
12.0,Inference,PyTorch,3906.7,128,3829.5,100,208.96
24.0,Inference,PyTorch,3448.4,32,6719.4,20,116.96
6.0,FineTuning,PyTorch,2253.7,64,9216.8,50,360.0
16.0,Training,PyTorch,1486.6,32,4905.7,10,154.73
16.0,FineTuning,TensorFlow,1955.7,256,5824.8,20,47.24
12.0,Inference,PyTorch,3375.2,32,10839.3,30,360.0
12.0,Training,PyTorch,3420.8,16,10873.1,20,360.0
8.0,Training,PyTorch,3391.1,16,12073.9,50,360.0
6.0,Training,JAX,2409.0,8,8946.2,50,360.0
24.0,FineTuning,PyTorch,1934.0,256,3579.5,30,32.14
4.0,Training,PyTorch,1279.8,256,5063.3,5,33.83
16.0,Training,PyTorch,63.3,32,13520.5,50,91.35
16.0,Inference,TensorFlow,3069.7,8,11032.6,5,270.79
8.0,FineTuning,PyTorch,1144.1,128,1411.6,5,7.69
6.0,Training,PyTorch,1352.2,8,11328.9,10,360.0
6.0,Training,PyTorch,3381.8,16,5026.8,100,360.0
80.0,Training,JAX,256.4,32,446.1,5,1.14
12.0,FineTuning,PyTorch,3714.1,16,7307.6,20,360.0
24.0,Training,PyTorch,55.4,128,13262.6,100,29.64
12.0,FineTuning,PyTorch,3759.7,64,6720.8,5,143.46
24.0,FineTuning,PyTorch,1846.3,256,14833.1,100,294.54
10.0,FineTuning,PyTorch,453.4,32,2753.3,10,27.19
48.0,Training,TensorFlow,2712.9,16,5328.4,50,360.0
24.0,FineTuning,TensorFlow,3588.6,64,347.6,50,27.43
12.0,Inference,PyTorch,1780.4,128,850.3,30,7.12
16.0,Training,PyTorch,2780.9,64,5379.3,5,114.02
12.0,Training,PyTorch,3918.5,16,7973.0,20,360.0
24.0,FineTuning,PyTorch,1000.8,16,3632.7,30,218.26
6.0,FineTuning,PyTorch,3290.8,128,2580.3,30,243.05
12.0,Training,PyTorch,1216.2,128,6368.0,10,55.42
8.0,FineTuning,PyTorch,1734.0,64,2643.1,50,283.49
80.0,FineTuning,PyTorch,1163.0,64,9500.4,5,9.04
16.0,Inference,TensorFlow,1811.7,256,14333.8,100,108.91
8.0,Training,PyTorch,70.1,256,12117.5,100,63.35
24.0,FineTuning,TensorFlow,1248.6,16,3306.7,5,47.89
10.0,Training,JAX,1808.9,128,14271.9,50,360.0
8.0,FineTuning,JAX,2547.3,8,11291.8,100,360.0
48.0,FineTuning,PyTorch,2567.6,128,2409.1,10,8.92
10.0,Training,PyTorch,2356.0,32,8733.5,10,360.0
4.0,Inference,PyTorch,1207.5,32,14500.5,10,246.74
16.0,Training,TensorFlow,3792.2,128,1541.7,20,82.6
4.0,FineTuning,PyTorch,1598.3,64,4138.0,5,93.84
12.0,Training,JAX,906.7,32,5674.0,10,193.52
24.0,FineTuning,PyTorch,2240.3,256,1822.4,10,6.83
16.0,Training,PyTorch,3008.3,16,4558.8,50,360.0
6.0,Inference,PyTorch,98.3,16,10415.6,30,67.66
10.0,Inference,TensorFlow,1141.6,16,7210.9,30,251.65
6.0,Inference,PyTorch,3308.7,256,6374.0,30,95.19
4.0,Training,PyTorch,2052.7,128,6535.9,5,188.23
8.0,FineTuning,PyTorch,1663.5,32,11418.8,20,360.0
8.0,Training,PyTorch,3727.1,64,14870.1,5,360.0
24.0,Inference,PyTorch,403.7,256,8870.8,100,14.16
4.0,FineTuning,PyTorch,2481.5,256,11298.1,50,360.0
80.0,FineTuning,PyTorch,1401.6,16,5651.1,10,39.44
16.0,FineTuning,PyTorch,329.8,256,12923.5,5,4.79
10.0,Training,JAX,894.3,256,6362.9,30,89.37
8.0,FineTuning,JAX,2530.3,64,14033.3,20,360.0
8.0,Training,PyTorch,161.7,256,11178.2,50,61.28
6.0,Inference,PyTorch,2389.4,16,10640.9,10,360.0
6.0,Inference,PyTorch,3829.6,256,4423.0,20,39.72
12.0,FineTuning,JAX,3190.6,128,11962.4,5,81.83
80.0,Inference,PyTorch,1415.1,16,1668.7,5,3.26
6.0,Training,PyTorch,595.9,128,8116.6,20,139.27
6.0,Inference,PyTorch,1887.0,32,11057.1,20,360.0
16.0,Training,PyTorch,1602.2,32,13265.5,10,360.0
6.0,FineTuning,PyTorch,3888.3,64,8587.8,30,360.0
10.0,FineTuning,TensorFlow,3960.0,256,3949.0,20,108.14
16.0,Training,PyTorch,1671.8,16,12748.0,10,360.0
12.0,Training,PyTorch,637.7,32,11542.9,20,360.0
4.0,Training,PyTorch,3646.9,256,2388.1,100,360.0
16.0,Inference,TensorFlow,3184.5,8,13098.6,20,360.0
4.0,Training,PyTorch,2069.5,8,14402.2,100,360.0
8.0,FineTuning,PyTorch,1493.2,64,8112.2,30,360.0
12.0,FineTuning,PyTorch,1820.3,256,671.6,10,3.88
12.0,Training,JAX,3612.4,32,13742.7,5,360.0
16.0,FineTuning,PyTorch,779.3,128,1929.2,10,5.87
48.0,FineTuning,PyTorch,3236.8,256,9533.5,10,18.87
12.0,Training,PyTorch,121.9,8,6073.5,10,84.54
4.0,FineTuning,TensorFlow,3686.3,256,14881.3,30,360.0
12.0,Training,PyTorch,2026.2,32,13765.8,30,360.0
8.0,Training,PyTorch,945.7,128,11789.1,50,360.0
10.0,FineTuning,PyTorch,61.3,16,3069.2,100,98.86
48.0,Training,PyTorch,2260.2,256,10518.0,5,13.92
24.0,Inference,PyTorch,1015.7,32,8625.0,30,77.38
12.0,Inference,JAX,2543.5,16,2116.7,100,360.0
6.0,FineTuning,PyTorch,1160.6,8,11940.7,30,360.0
16.0,Training,JAX,397.7,16,1388.2,10,27.29
16.0,Training,PyTorch,2045.0,8,7276.0,10,360.0
16.0,Training,JAX,2279.7,64,6455.8,100,360.0
80.0,FineTuning,PyTorch,1837.7,64,12112.3,20,70.54
48.0,Inference,PyTorch,1859.2,8,6470.8,20,106.61
48.0,Training,PyTorch,2379.1,128,10445.2,20,89.6
4.0,Training,PyTorch,2129.1,64,7226.1,100,360.0
12.0,FineTuning,PyTorch,573.6,128,8772.1,30,78.77
24.0,Training,PyTorch,828.5,128,3691.5,20,23.64
16.0,FineTuning,PyTorch,610.1,128,3116.6,5,3.93
12.0,FineTuning,PyTorch,2788.5,32,10677.7,100,360.0
48.0,FineTuning,TensorFlow,2138.0,256,1922.7,20,6.77
8.0,Training,PyTorch,1747.9,32,2722.2,50,360.0
16.0,Inference,JAX,3203.4,256,14120.1,50,108.84
12.0,Training,JAX,1336.9,256,3874.6,10,22.0
48.0,Inference,PyTorch,2294.0,128,4917.1,30,9.46
10.0,Training,PyTorch,343.9,8,9534.6,100,360.0
48.0,Inference,PyTorch,2990.4,256,6661.3,50,14.38
6.0,FineTuning,PyTorch,2796.0,64,8429.1,5,222.46
80.0,Training,PyTorch,3219.4,16,2254.4,10,62.8
80.0,Inference,PyTorch,3543.7,32,10118.9,50,151.43
16.0,FineTuning,PyTorch,3044.2,32,2433.1,20,225.08
10.0,Training,PyTorch,3385.7,16,11241.1,50,360.0
10.0,Training,PyTorch,1415.3,128,7901.9,50,360.0
16.0,FineTuning,TensorFlow,1406.2,256,12261.3,10,38.47
12.0,FineTuning,PyTorch,3780.0,16,2673.0,30,360.0
16.0,FineTuning,PyTorch,3662.6,128,5725.3,20,169.34
24.0,FineTuning,PyTorch,2216.6,32,12717.8,20,360.0
24.0,FineTuning,PyTorch,1497.9,16,12000.8,20,360.0
80.0,FineTuning,PyTorch,3470.7,256,14489.7,20,39.83
48.0,FineTuning,PyTorch,1327.5,8,3407.2,30,241.81
16.0,Training,PyTorch,656.9,64,8131.5,20,124.0
16.0,Inference,PyTorch,2576.0,64,366.5,30,5.8
12.0,Training,PyTorch,218.4,64,14482.0,10,51.78
4.0,Training,PyTorch,1547.5,16,2709.4,5,360.0
80.0,FineTuning,PyTorch,3240.3,256,13580.1,30,54.96
80.0,Training,PyTorch,1216.1,128,10207.2,20,31.86
80.0,Training,PyTorch,3728.7,256,14059.0,10,38.19
48.0,Training,TensorFlow,3825.5,256,3798.6,10,14.69
8.0,FineTuning,PyTorch,3272.5,32,5242.9,50,360.0
4.0,Inference,PyTorch,3951.2,64,2549.6,50,360.0
48.0,FineTuning,PyTorch,2146.5,16,6394.3,5,68.94
24.0,FineTuning,TensorFlow,2298.3,64,14217.7,5,99.65
12.0,Training,TensorFlow,3352.9,256,8610.3,50,360.0
24.0,Training,TensorFlow,1996.6,128,6300.3,100,360.0
10.0,Training,PyTorch,1656.5,8,4940.5,50,360.0
80.0,Training,TensorFlow,2478.3,8,8813.0,10,360.0
6.0,Training,PyTorch,2647.8,256,10875.9,30,360.0
80.0,Training,PyTorch,3016.0,32,6161.1,50,360.0
80.0,Training,PyTorch,2689.4,8,3540.4,20,355.8
12.0,FineTuning,PyTorch,2995.6,8,8816.6,30,360.0
4.0,Inference,PyTorch,2714.5,16,5546.9,100,360.0
24.0,Inference,PyTorch,1947.8,16,14915.4,30,356.46
10.0,FineTuning,TensorFlow,583.0,32,6671.6,20,180.51
80.0,Training,TensorFlow,3152.5,256,6573.9,20,24.91
16.0,FineTuning,PyTorch,171.6,32,12608.1,20,71.62
8.0,Training,PyTorch,3970.4,256,3840.2,10,96.01
16.0,FineTuning,TensorFlow,3322.4,16,1083.2,50,360.0
16.0,FineTuning,TensorFlow,2700.1,8,12821.9,100,360.0
12.0,FineTuning,PyTorch,3868.1,256,8876.7,50,360.0
6.0,Inference,PyTorch,2469.3,128,3976.3,10,25.24
6.0,FineTuning,PyTorch,272.9,8,5207.1,30,360.0
24.0,FineTuning,PyTorch,2259.6,8,6442.2,10,360.0
6.0,Training,PyTorch,1145.0,128,10237.8,50,360.0
16.0,Inference,PyTorch,1509.4,32,7075.9,5,24.34
12.0,Training,PyTorch,1865.4,16,5997.7,10,360.0
10.0,Inference,PyTorch,3109.7,32,11729.0,5,99.77
24.0,Training,TensorFlow,2036.6,32,1170.5,5,22.24
48.0,Training,PyTorch,1925.0,32,9822.8,100,360.0
10.0,Inference,PyTorch,1242.8,16,6789.0,20,228.98
4.0,Training,TensorFlow,2182.5,32,5089.3,20,360.0
4.0,Inference,PyTorch,1031.1,32,13920.9,20,360.0
4.0,Training,PyTorch,1080.9,64,11691.1,5,264.26
4.0,Inference,PyTorch,3041.2,8,3367.0,50,360.0
12.0,FineTuning,TensorFlow,1403.1,64,9819.8,20,241.12
10.0,FineTuning,JAX,253.0,16,12352.1,100,360.0
80.0,Training,PyTorch,1407.5,256,14841.2,20,25.84
8.0,Training,TensorFlow,2572.4,256,10506.5,30,360.0
24.0,Inference,PyTorch,3265.2,128,10391.3,100,176.58
48.0,Training,TensorFlow,3849.6,256,9238.1,5,17.18
16.0,Training,JAX,2997.6,128,696.0,5,7.18
4.0,FineTuning,PyTorch,1744.0,256,8817.3,20,276.74
48.0,FineTuning,TensorFlow,1231.5,64,12095.2,30,107.95
8.0,Training,PyTorch,562.0,64,5991.7,30,250.93
48.0,Training,PyTorch,2529.4,64,8846.0,10,78.8
10.0,Training,TensorFlow,2064.0,8,13904.7,10,360.0
48.0,Inference,PyTorch,2726.9,16,2663.3,20,40.31
4.0,Training,PyTorch,986.7,256,4279.1,100,360.0
8.0,Inference,PyTorch,1328.4,256,1743.7,5,2.24
16.0,Training,TensorFlow,1203.8,256,7553.6,100,327.49
80.0,Training,TensorFlow,3200.7,32,12610.8,30,360.0
6.0,FineTuning,PyTorch,726.4,64,6584.7,30,274.84
4.0,Training,PyTorch,2453.5,8,1140.6,30,360.0
8.0,FineTuning,JAX,252.9,128,4026.7,5,5.05
10.0,Inference,PyTorch,2220.6,128,13356.6,10,48.41
12.0,Training,JAX,302.5,128,8407.1,20,41.52
8.0,FineTuning,TensorFlow,744.7,64,13719.7,10,180.68
6.0,Training,PyTorch,496.4,128,12533.1,30,261.31
6.0,Training,PyTorch,1419.6,128,6272.9,100,360.0
24.0,Training,PyTorch,1407.7,128,9539.8,100,360.0
80.0,Inference,PyTorch,3314.4,32,9999.9,30,79.92
6.0,Training,PyTorch,941.5,128,11227.3,5,88.56
24.0,Inference,TensorFlow,391.2,8,5061.2,5,12.26
24.0,FineTuning,TensorFlow,2433.9,64,4405.9,5,28.22
24.0,Training,PyTorch,2765.4,256,10300.4,20,104.13
8.0,FineTuning,TensorFlow,1214.6,32,12299.4,50,360.0
24.0,Inference,PyTorch,2431.1,32,6272.3,100,360.0
4.0,FineTuning,PyTorch,3115.4,64,4883.9,50,360.0
4.0,FineTuning,PyTorch,1422.8,128,12400.5,100,360.0
12.0,Inference,TensorFlow,2125.1,256,10335.6,20,33.95
6.0,Training,PyTorch,629.2,256,5218.9,100,231.84
80.0,Inference,PyTorch,143.4,128,7992.0,20,1.4
24.0,Inference,PyTorch,3926.4,16,14416.9,20,360.0
10.0,FineTuning,PyTorch,1233.9,128,11273.1,10,79.63
10.0,Inference,PyTorch,1151.7,256,3402.8,100,29.16
6.0,FineTuning,PyTorch,3894.3,8,4496.0,20,360.0
12.0,FineTuning,TensorFlow,2926.5,128,4051.8,10,69.84
10.0,FineTuning,PyTorch,2361.9,64,12740.4,100,360.0
4.0,Training,PyTorch,2812.3,128,9657.1,5,327.2
48.0,FineTuning,PyTorch,2854.2,64,14106.0,100,360.0
8.0,Training,JAX,3065.2,32,1454.9,30,360.0
16.0,Training,PyTorch,315.4,16,874.9,50,61.28
10.0,Training,TensorFlow,1680.7,32,10175.4,30,360.0
80.0,Training,TensorFlow,1215.8,64,4072.7,50,70.24
24.0,Training,TensorFlow,328.8,16,10219.7,5,50.69
80.0,Inference,TensorFlow,1679.8,32,10879.7,50,81.38
8.0,Training,PyTorch,2483.9,128,4636.8,5,70.54
4.0,FineTuning,PyTorch,755.1,256,14294.8,100,360.0
12.0,Training,PyTorch,1254.9,256,11643.6,30,190.11
8.0,Training,TensorFlow,2574.7,128,5573.6,10,168.85
16.0,Training,JAX,2338.3,16,6240.6,100,360.0
48.0,Training,JAX,3481.7,32,10766.5,100,360.0
10.0,FineTuning,PyTorch,3175.4,8,4630.1,50,360.0
12.0,FineTuning,PyTorch,3864.2,8,4501.1,100,360.0
12.0,Training,PyTorch,2408.9,8,9411.2,20,360.0
10.0,FineTuning,PyTorch,2808.9,32,2108.4,10,118.58
10.0,Inference,PyTorch,3449.0,256,14900.8,10,33.59
10.0,Training,PyTorch,3368.0,32,4379.8,5,336.49
10.0,Training,JAX,2889.0,32,5802.4,30,360.0
10.0,FineTuning,PyTorch,2026.0,64,3441.5,20,140.1
12.0,Training,PyTorch,1129.2,256,9688.1,30,132.96
6.0,Inference,PyTorch,3515.0,8,1001.3,30,360.0
6.0,FineTuning,PyTorch,3117.8,8,13924.3,10,360.0
80.0,FineTuning,JAX,3359.7,8,4629.4,20,360.0
6.0,Training,PyTorch,606.1,256,13917.9,50,346.44
16.0,FineTuning,PyTorch,1293.5,64,3877.7,20,62.95
6.0,Training,PyTorch,1728.3,64,7755.4,5,205.42
12.0,Inference,JAX,3361.5,32,10458.1,100,360.0
10.0,FineTuning,PyTorch,3576.9,256,9228.1,10,114.59
24.0,Training,PyTorch,1175.3,256,7736.1,20,43.46
24.0,FineTuning,PyTorch,2761.4,8,11849.1,5,360.0
16.0,Training,PyTorch,357.4,8,7110.4,50,360.0
12.0,Training,TensorFlow,1667.8,256,5064.3,30,128.29
4.0,FineTuning,PyTorch,1972.3,128,10807.0,30,360.0
8.0,FineTuning,PyTorch,3074.2,256,14065.3,5,92.28
80.0,FineTuning,PyTorch,3573.3,128,9060.6,10,30.18
4.0,Training,JAX,1382.3,128,4267.7,30,360.0
12.0,FineTuning,PyTorch,2134.6,64,11465.9,10,268.74
6.0,Training,TensorFlow,2607.4,32,11452.7,10,360.0
10.0,FineTuning,PyTorch,1348.3,16,4076.3,30,360.0
4.0,FineTuning,TensorFlow,3942.9,8,5831.0,50,360.0
8.0,FineTuning,JAX,3509.3,128,2200.1,100,360.0
24.0,Inference,PyTorch,1220.8,8,1287.0,20,32.64
8.0,Inference,PyTorch,2056.4,8,12129.7,100,360.0
10.0,Inference,PyTorch,961.8,8,5651.4,30,360.0
6.0,Inference,TensorFlow,2082.3,256,4291.5,20,27.65
8.0,FineTuning,PyTorch,2749.2,32,3915.8,10,269.37
80.0,Inference,PyTorch,387.8,8,1214.6,50,8.86
8.0,Inference,PyTorch,3487.0,32,14774.5,10,360.0
12.0,FineTuning,PyTorch,2395.3,16,5569.0,50,360.0
6.0,Training,PyTorch,3958.9,16,2547.3,100,360.0
10.0,Training,TensorFlow,151.1,64,12975.7,100,360.0
24.0,Inference,TensorFlow,3334.4,8,10874.5,100,360.0
24.0,FineTuning,PyTorch,3178.3,128,9973.1,5,41.49
8.0,Inference,PyTorch,574.8,64,4528.5,100,89.54
12.0,Training,PyTorch,1374.5,256,6290.3,50,198.62
4.0,Training,TensorFlow,3544.9,64,12632.2,50,360.0
4.0,FineTuning,PyTorch,2097.9,16,9634.5,100,360.0
12.0,Inference,PyTorch,1635.1,128,5250.2,10,10.04
80.0,Training,PyTorch,3626.7,8,1728.3,100,360.0
4.0,Inference,TensorFlow,418.7,8,13514.0,100,360.0
4.0,FineTuning,PyTorch,1918.8,16,14337.5,30,360.0
10.0,Training,PyTorch,2626.9,256,10810.0,30,360.0
10.0,Training,PyTorch,2453.7,32,10401.7,20,360.0
6.0,Training,PyTorch,1093.9,16,8111.9,5,360.0
80.0,Training,PyTorch,2275.1,128,14575.5,50,251.89
80.0,FineTuning,PyTorch,2848.8,32,10442.8,20,215.57
6.0,Training,PyTorch,2360.3,128,1243.3,100,360.0
80.0,Training,TensorFlow,2753.6,8,1466.8,50,360.0
16.0,Inference,PyTorch,1061.5,32,14457.2,50,247.49
48.0,FineTuning,PyTorch,3339.8,128,14154.9,5,28.93
10.0,FineTuning,PyTorch,1826.3,8,8411.8,5,360.0
6.0,Training,PyTorch,3949.5,128,3290.7,20,360.0
6.0,Inference,PyTorch,142.0,32,8794.2,30,37.94
80.0,Inference,TensorFlow,1552.2,8,11476.8,50,320.67
4.0,FineTuning,PyTorch,762.9,128,223.4,10,3.28
24.0,Inference,TensorFlow,2244.7,64,12359.9,20,57.88
8.0,Inference,TensorFlow,1010.7,32,7025.5,50,299.13
8.0,FineTuning,PyTorch,2963.0,32,7001.1,5,359.06
6.0,FineTuning,TensorFlow,3533.4,32,6571.2,100,360.0
16.0,Training,PyTorch,883.0,256,10408.5,5,14.19
6.0,Training,PyTorch,684.7,8,3221.0,5,270.93
10.0,Training,JAX,3507.7,32,9139.2,5,360.0
80.0,Training,PyTorch,1477.0,128,757.0,100,13.22
80.0,Training,PyTorch,1766.6,64,12189.1,30,162.11
16.0,Inference,PyTorch,922.8,128,12250.1,30,31.73
10.0,Training,PyTorch,1730.0,128,4747.0,50,360.0
24.0,Inference,PyTorch,963.6,32,1670.7,50,20.39
4.0,FineTuning,JAX,2680.4,64,11241.5,20,360.0
10.0,Training,PyTorch,2020.6,64,7106.2,5,133.32
12.0,FineTuning,TensorFlow,3162.8,64,13882.0,5,210.99
48.0,Training,PyTorch,1285.3,64,5366.9,100,266.35
6.0,Inference,PyTorch,2047.1,16,12638.5,10,360.0
12.0,Inference,PyTorch,1075.1,64,477.3,10,1.98
16.0,Training,PyTorch,3741.2,32,11614.6,5,360.0
12.0,Inference,PyTorch,2111.6,256,10205.9,10,14.16
80.0,FineTuning,JAX,735.2,64,7941.4,10,9.28
4.0,Training,PyTorch,1127.4,128,13665.3,5,192.84
8.0,FineTuning,PyTorch,377.5,16,14136.0,30,360.0
6.0,FineTuning,PyTorch,159.9,128,13952.3,30,82.76
8.0,Training,PyTorch,2127.4,32,9007.3,50,360.0
80.0,FineTuning,PyTorch,1381.6,32,7839.0,30,92.95
80.0,Training,PyTorch,3856.9,256,4107.7,5,4.34
6.0,FineTuning,TensorFlow,726.8,256,2514.8,10,10.04
8.0,Training,TensorFlow,3186.0,64,8400.7,5,342.07
10.0,Inference,PyTorch,1298.1,256,2312.6,20,5.46
80.0,FineTuning,PyTorch,933.0,32,2664.5,10,9.56
8.0,Training,PyTorch,3880.1,16,5415.5,5,360.0
24.0,Training,TensorFlow,3220.2,256,2882.5,50,105.9
8.0,Training,TensorFlow,2541.0,128,7575.7,50,360.0
24.0,FineTuning,TensorFlow,2803.6,32,9989.9,10,255.44
24.0,Training,PyTorch,3966.0,256,10498.7,30,258.5
80.0,Inference,PyTorch,2393.2,256,8038.4,50,8.62
6.0,Inference,PyTorch,452.5,32,7874.8,100,356.83
16.0,FineTuning,JAX,306.2,16,7174.7,20,141.96
80.0,Training,JAX,2683.1,8,3754.5,100,360.0
6.0,Training,PyTorch,2647.5,8,9848.2,100,360.0
6.0,FineTuning,TensorFlow,3005.3,16,9889.7,100,360.0
12.0,FineTuning,JAX,479.7,32,3911.5,10,46.8
48.0,FineTuning,PyTorch,3782.4,16,10538.5,20,360.0
80.0,FineTuning,TensorFlow,2227.1,16,12884.3,10,184.51
6.0,Training,PyTorch,2615.7,8,8961.2,30,360.0
12.0,Inference,PyTorch,187.7,64,1851.3,5,0.94
24.0,Training,PyTorch,3845.8,256,4976.2,100,360.0
16.0,FineTuning,PyTorch,2272.2,32,1482.5,10,43.75
16.0,FineTuning,TensorFlow,2275.3,128,4600.3,5,20.38
24.0,Training,PyTorch,3777.0,16,3258.0,10,360.0
8.0,FineTuning,PyTorch,3720.9,8,8364.0,30,360.0
8.0,Inference,PyTorch,920.2,64,6410.8,20,39.25
80.0,FineTuning,PyTorch,3727.8,32,10868.0,5,52.62
48.0,Training,PyTorch,2959.7,16,5509.3,20,360.0
12.0,Training,PyTorch,124.7,8,2405.3,10,36.23
16.0,Training,PyTorch,997.4,16,3616.8,100,360.0
4.0,Training,TensorFlow,1681.3,128,8232.2,10,329.81
4.0,Inference,JAX,2352.1,32,6802.8,30,360.0
10.0,FineTuning,PyTorch,2820.3,256,734.9,10,7.42
6.0,Training,TensorFlow,880.3,32,3228.2,30,360.0
24.0,Inference,JAX,3355.0,32,4521.4,10,37.89
6.0,FineTuning,PyTorch,3390.6,32,10907.9,100,360.0
6.0,Training,PyTorch,2558.2,8,10983.4,20,360.0
12.0,Training,TensorFlow,3688.3,128,10500.0,10,360.0
10.0,Training,PyTorch,3261.3,16,12295.1,5,360.0
48.0,Inference,PyTorch,925.4,8,13120.8,50,356.03
10.0,FineTuning,TensorFlow,3204.8,64,1159.5,5,19.6
16.0,Inference,PyTorch,3815.1,32,7446.6,5,57.84
12.0,Training,TensorFlow,593.5,32,2319.5,30,151.69
6.0,Inference,PyTorch,3915.9,16,5375.5,10,360.0
48.0,Training,PyTorch,148.7,32,9981.6,20,21.68
6.0,Inference,PyTorch,2112.6,32,9064.7,10,173.61
80.0,Inference,PyTorch,3106.9,16,2015.5,50,43.13
80.0,Training,TensorFlow,3172.2,128,11380.5,10,45.39
8.0,FineTuning,PyTorch,2952.0,8,11826.5,50,360.0
10.0,FineTuning,JAX,2140.9,128,2173.8,50,162.5
48.0,Inference,PyTorch,2621.3,16,9273.3,5,29.81
80.0,Training,PyTorch,2814.7,256,14183.9,50,136.74
8.0,FineTuning,JAX,2003.4,256,1499.7,50,46.92
12.0,Inference,PyTorch,2403.0,256,2552.6,100,34.6
48.0,FineTuning,TensorFlow,3393.2,32,11506.3,20,360.0
8.0,Training,PyTorch,1285.9,32,5120.2,100,360.0
24.0,Inference,TensorFlow,2116.7,128,14338.0,30,50.95
48.0,Training,PyTorch,83.5,64,9403.0,10,4.5
8.0,FineTuning,JAX,2765.4,8,7299.7,20,360.0
6.0,Training,TensorFlow,821.8,32,5131.2,30,360.0
24.0,Training,PyTorch,1950.0,16,3663.0,5,115.17
80.0,FineTuning,PyTorch,880.3,128,9785.3,20,12.24
4.0,Training,PyTorch,143.0,8,8921.2,20,360.0
8.0,FineTuning,PyTorch,1958.7,256,5432.9,5,24.52
12.0,FineTuning,PyTorch,1728.1,64,13774.9,50,360.0
8.0,Training,PyTorch,1729.3,256,11450.9,5,56.43
4.0,Training,PyTorch,874.8,256,3975.0,10,48.8
24.0,FineTuning,PyTorch,3791.5,32,14156.2,5,295.47
24.0,Training,TensorFlow,63.9,128,11357.5,20,6.02
48.0,FineTuning,TensorFlow,3571.6,32,13466.9,5,101.03
12.0,FineTuning,TensorFlow,2960.8,128,2129.7,10,26.59
12.0,Inference,PyTorch,729.7,64,591.7,50,5.82
12.0,FineTuning,PyTorch,1915.2,16,7444.5,50,360.0
4.0,Training,PyTorch,3956.0,16,6777.5,30,360.0
12.0,Inference,JAX,2592.6,8,13060.1,100,360.0
16.0,Inference,PyTorch,553.1,32,2665.0,30,18.7
4.0,FineTuning,PyTorch,1857.7,32,451.4,10,42.64
24.0,Inference,PyTorch,1899.4,32,7985.8,30,100.62
4.0,FineTuning,PyTorch,3218.9,16,2745.7,50,360.0
6.0,FineTuning,PyTorch,3668.8,8,837.7,100,360.0
6.0,Training,PyTorch,374.9,16,430.9,50,91.69
12.0,FineTuning,PyTorch,1290.4,256,2222.3,30,19.57
24.0,Training,PyTorch,1228.8,128,5700.3,5,17.56
4.0,Training,PyTorch,3984.4,32,13271.1,50,360.0
4.0,Training,PyTorch,2258.9,128,11432.6,30,360.0
4.0,Training,TensorFlow,3525.3,256,7999.5,30,360.0
16.0,Training,PyTorch,1732.8,64,6512.1,10,130.87
6.0,FineTuning,PyTorch,2904.8,128,6891.4,10,185.31
4.0,Training,TensorFlow,1182.0,128,13281.2,50,360.0
16.0,Inference,JAX,3651.6,128,10897.0,20,79.65
6.0,Training,PyTorch,1847.8,16,2663.0,30,360.0
16.0,Training,PyTorch,3224.7,128,14102.0,5,130.43
48.0,Training,TensorFlow,1060.5,256,11616.4,20,24.03
6.0,Training,PyTorch,2789.7,32,608.9,30,360.0
80.0,Training,JAX,1650.4,8,7583.6,20,360.0
48.0,FineTuning,PyTorch,174.2,64,9826.4,30,14.52
4.0,FineTuning,JAX,1681.4,32,1008.7,30,332.92
24.0,Training,PyTorch,2222.6,8,5360.6,20,360.0
16.0,Training,TensorFlow,649.5,32,9759.7,10,177.54
16.0,Training,PyTorch,776.5,128,12259.7,30,170.06
16.0,Inference,JAX,1886.2,64,14659.4,50,272.79
16.0,FineTuning,PyTorch,1403.8,32,1912.3,20,70.56
24.0,Training,PyTorch,1790.9,64,9522.8,100,360.0
8.0,Training,PyTorch,1870.3,16,13402.6,10,360.0
16.0,Inference,JAX,603.3,16,10782.1,5,30.09
8.0,Training,PyTorch,765.7,128,9522.8,30,270.06
24.0,FineTuning,PyTorch,3400.3,128,3294.9,100,333.91
24.0,Training,PyTorch,692.7,16,12247.9,30,360.0
48.0,FineTuning,TensorFlow,2680.4,32,8481.1,100,360.0
6.0,Inference,PyTorch,1703.2,8,1760.1,50,360.0
80.0,Inference,PyTorch,3874.5,8,14040.5,10,192.21
12.0,FineTuning,TensorFlow,311.1,16,14827.0,30,360.0
80.0,Training,TensorFlow,3330.0,8,8111.3,100,360.0
12.0,FineTuning,PyTorch,1991.2,32,11669.5,10,360.0
24.0,Training,PyTorch,71.1,8,8791.4,30,120.41
80.0,Inference,PyTorch,1091.5,256,6390.9,100,6.26
10.0,FineTuning,PyTorch,1660.4,8,6195.7,5,360.0
6.0,Training,PyTorch,1291.1,256,14468.3,100,360.0
80.0,Training,PyTorch,1481.7,16,5594.9,50,352.59
6.0,FineTuning,JAX,3670.9,64,7407.8,5,226.62
8.0,Inference,PyTorch,1475.7,64,3802.5,5,11.38
6.0,FineTuning,TensorFlow,1704.4,32,3873.9,100,360.0
8.0,Training,PyTorch,3056.5,64,5407.8,20,360.0
16.0,Training,PyTorch,3185.6,128,13879.2,5,125.98
8.0,Training,PyTorch,382.2,16,6008.4,50,360.0
48.0,Inference,JAX,2831.1,256,8329.1,50,23.47
16.0,Inference,PyTorch,1956.2,256,8231.7,100,79.45
24.0,Inference,PyTorch,578.7,64,8789.0,30,20.8
4.0,FineTuning,PyTorch,1095.6,8,12318.6,100,360.0
8.0,FineTuning,PyTorch,227.9,64,13527.9,5,26.09
8.0,FineTuning,PyTorch,1472.9,16,3210.3,10,256.52
6.0,FineTuning,TensorFlow,1058.9,8,12920.7,20,360.0
24.0,FineTuning,TensorFlow,1559.3,8,8260.8,100,360.0
80.0,Training,PyTorch,2342.3,256,13874.6,20,37.51
10.0,FineTuning,JAX,2942.7,16,13750.7,20,360.0
12.0,Training,PyTorch,2441.1,32,5902.6,50,360.0
8.0,Training,TensorFlow,2729.6,32,9813.0,50,360.0
80.0,Inference,PyTorch,3469.3,16,13084.0,30,181.37
10.0,Inference,TensorFlow,3501.6,256,5832.2,5,7.37
12.0,FineTuning,TensorFlow,3449.8,16,753.0,50,360.0
4.0,Training,JAX,655.0,16,5461.1,20,360.0
6.0,Inference,PyTorch,1041.7,8,5544.5,50,360.0
80.0,FineTuning,PyTorch,2034.2,8,12120.5,100,360.0
6.0,Training,TensorFlow,1467.0,16,4713.4,5,360.0
12.0,FineTuning,TensorFlow,570.1,256,13420.4,50,81.72
48.0,Training,PyTorch,1186.6,8,8274.8,100,360.0
8.0,FineTuning,PyTorch,3902.9,128,8833.7,5,106.93
16.0,Inference,PyTorch,1420.4,16,12124.4,30,360.0
10.0,Training,PyTorch,1704.7,8,2105.2,50,360.0
24.0,Training,TensorFlow,75.3,32,367.3,5,1.41
8.0,Training,TensorFlow,2891.7,16,943.6,100,360.0
16.0,Training,PyTorch,1683.5,16,556.9,100,360.0
80.0,Training,JAX,457.4,16,10528.4,5,26.59
4.0,Training,PyTorch,3875.8,64,3750.1,100,360.0
8.0,Training,PyTorch,3120.9,16,12875.6,10,360.0
6.0,Training,PyTorch,2918.3,32,13254.8,30,360.0
48.0,Training,TensorFlow,3833.6,8,5405.7,50,360.0
24.0,Training,TensorFlow,1659.5,16,3002.9,10,187.6
6.0,FineTuning,PyTorch,2888.2,256,7532.3,50,360.0
16.0,FineTuning,PyTorch,864.5,128,12255.5,20,87.12
8.0,Training,PyTorch,2803.6,256,10304.9,20,360.0
48.0,FineTuning,PyTorch,105.6,256,483.6,5,0.72
8.0,Inference,PyTorch,548.9,8,206.5,10,4.5
80.0,Inference,PyTorch,1729.8,32,1795.7,5,1.68
4.0,Training,TensorFlow,97.8,64,5117.9,5,14.81
12.0,FineTuning,PyTorch,1874.8,32,8099.5,5,166.84
8.0,Training,PyTorch,2115.0,256,12282.0,20,267.48
16.0,Training,PyTorch,2505.3,64,2227.6,100,360.0
6.0,Training,PyTorch,446.5,8,2371.9,5,133.42
80.0,Training,PyTorch,765.0,64,12968.1,100,271.26
16.0,FineTuning,PyTorch,2472.5,8,13868.0,100,360.0
24.0,FineTuning,PyTorch,2649.8,32,8314.2,5,130.56
12.0,FineTuning,TensorFlow,152.3,256,11794.9,5,3.72
80.0,Training,PyTorch,2184.5,32,5205.8,5,28.77
4.0,Training,PyTorch,3150.7,64,14199.4,10,360.0
12.0,Training,JAX,322.9,128,13582.7,50,209.82
16.0,Training,PyTorch,1682.0,256,12759.1,10,62.51
24.0,Inference,PyTorch,1339.7,256,293.4,30,0.87
10.0,FineTuning,PyTorch,3659.0,32,7897.1,100,360.0
4.0,Inference,PyTorch,783.9,64,497.3,10,4.01
48.0,FineTuning,PyTorch,1307.5,16,10193.9,100,360.0
10.0,Training,PyTorch,3598.9,8,2833.3,100,360.0
8.0,Training,TensorFlow,1356.1,16,9628.3,100,360.0
24.0,FineTuning,TensorFlow,2148.8,16,1559.6,30,180.92
6.0,Training,PyTorch,180.5,16,11373.6,20,360.0
48.0,Inference,PyTorch,3940.4,64,10924.1,50,131.09
16.0,FineTuning,PyTorch,3308.5,32,168.7,5,5.33
24.0,Training,PyTorch,2555.9,256,11901.6,30,215.9
12.0,FineTuning,PyTorch,290.0,16,2540.4,20,60.34
80.0,Inference,PyTorch,345.7,64,1728.4,50,2.52
12.0,Training,PyTorch,2202.6,32,7553.7,30,360.0
12.0,FineTuning,PyTorch,1176.0,8,8892.4,20,360.0
8.0,Training,PyTorch,2510.0,32,1636.3,5,100.08
4.0,FineTuning,PyTorch,2412.9,32,4640.8,20,360.0
6.0,Training,PyTorch,3362.7,16,6176.1,20,360.0
48.0,Training,PyTorch,1161.4,64,14159.9,5,33.54
4.0,FineTuning,PyTorch,2332.6,256,3844.7,100,360.0
24.0,Training,PyTorch,3120.6,128,3981.3,100,360.0
12.0,FineTuning,PyTorch,1988.6,8,9925.0,30,360.0
8.0,Inference,PyTorch,3331.0,64,10934.6,20,233.6
24.0,Training,PyTorch,568.5,256,261.3,5,1.33
80.0,FineTuning,PyTorch,2948.9,16,2097.1,30,94.96
6.0,FineTuning,TensorFlow,3774.8,64,5429.6,5,198.98
48.0,Training,PyTorch,1360.9,256,9517.0,10,14.76
80.0,FineTuning,PyTorch,1497.0,128,2098.4,30,8.67
8.0,FineTuning,PyTorch,380.0,8,5418.5,10,263.71
6.0,FineTuning,PyTorch,2583.9,32,1295.0,100,360.0
24.0,Inference,PyTorch,2232.2,256,8609.6,20,11.28
12.0,FineTuning,JAX,209.4,8,6452.8,20,194.96
12.0,Inference,TensorFlow,3021.2,128,11842.4,20,82.23
12.0,FineTuning,PyTorch,3325.7,8,8650.9,30,360.0
10.0,Training,PyTorch,3633.1,256,9920.7,50,360.0
12.0,FineTuning,PyTorch,2205.6,8,10100.3,30,360.0
10.0,Training,PyTorch,1837.7,16,8885.2,30,360.0
16.0,FineTuning,TensorFlow,3510.7,32,339.8,50,79.33
10.0,FineTuning,PyTorch,1624.9,128,12497.7,30,360.0
6.0,FineTuning,PyTorch,2639.0,16,13758.8,100,360.0
80.0,Training,PyTorch,2480.7,8,8060.2,10,339.38
6.0,FineTuning,PyTorch,1520.0,8,1771.2,50,360.0
80.0,Training,JAX,393.2,64,9855.1,50,58.01
16.0,FineTuning,TensorFlow,134.6,16,5519.6,10,22.07
80.0,FineTuning,TensorFlow,1741.5,128,1191.9,50,9.37
80.0,Inference,PyTorch,1950.7,128,12827.7,50,22.92
8.0,Training,PyTorch,3299.6,128,10704.5,10,360.0
4.0,FineTuning,TensorFlow,1686.9,256,12091.9,5,76.2
4.0,FineTuning,JAX,1160.6,256,11962.3,5,52.4
8.0,Inference,PyTorch,1875.3,256,5429.4,100,89.22
12.0,FineTuning,JAX,990.1,128,7285.0,5,22.42
8.0,Training,PyTorch,410.9,8,3581.5,10,319.91
80.0,Training,PyTorch,496.5,256,11348.0,20,7.28
80.0,FineTuning,PyTorch,1310.7,8,7907.0,30,342.18
8.0,FineTuning,PyTorch,100.1,16,9785.1,50,357.19
8.0,Inference,TensorFlow,919.8,32,5413.7,10,42.4
12.0,Training,PyTorch,3160.7,128,10219.8,30,360.0
6.0,Inference,JAX,976.7,8,10100.9,10,350.07
16.0,Training,PyTorch,487.4,16,11575.4,50,360.0
24.0,Inference,PyTorch,3798.9,128,2416.0,20,12.96
80.0,Inference,TensorFlow,2508.8,32,9392.7,10,15.82
16.0,FineTuning,PyTorch,287.1,128,13204.2,30,41.83
8.0,FineTuning,TensorFlow,295.9,256,1503.0,100,16.28
12.0,Training,PyTorch,2467.9,64,14415.1,30,360.0
10.0,Training,PyTorch,2183.5,128,3196.0,50,360.0
12.0,Training,PyTorch,320.1,64,14054.5,100,360.0
48.0,Training,JAX,936.0,32,13033.5,5,59.34
48.0,FineTuning,PyTorch,3719.7,64,11575.8,50,360.0
16.0,Training,PyTorch,2309.4,32,3220.6,100,360.0
4.0,Inference,TensorFlow,1789.3,16,3324.9,100,360.0
48.0,Training,PyTorch,1038.1,64,3963.6,50,73.94
48.0,FineTuning,TensorFlow,578.1,256,12175.8,5,3.64
6.0,FineTuning,PyTorch,1640.4,128,2896.6,20,97.98
10.0,Training,PyTorch,3693.3,128,8754.5,10,271.35
6.0,Training,PyTorch,242.4,16,11685.2,30,360.0
10.0,Training,PyTorch,3964.4,8,6963.4,10,360.0
24.0,FineTuning,PyTorch,870.9,256,12627.1,10,16.12
80.0,FineTuning,PyTorch,1664.6,256,8475.3,30,14.42
48.0,Training,PyTorch,228.0,32,8967.4,5,11.11
80.0,Inference,PyTorch,2359.9,256,10184.1,30,7.04
48.0,Training,PyTorch,1960.0,8,12705.1,5,352.0
6.0,FineTuning,PyTorch,2683.5,8,169.0,5,37.08
24.0,Training,PyTorch,2193.6,16,5949.1,50,360.0
6.0,FineTuning,TensorFlow,1622.8,16,14448.6,20,360.0
6.0,Inference,PyTorch,2964.1,64,1570.2,100,208.39
10.0,FineTuning,PyTorch,148.8,256,3578.4,50,7.18
4.0,Training,PyTorch,2187.1,64,8606.9,20,360.0
12.0,Training,PyTorch,499.8,64,12882.4,5,61.41
16.0,Inference,PyTorch,1772.2,64,1548.3,100,62.53
80.0,FineTuning,TensorFlow,3174.9,64,160.1,100,9.52
48.0,Training,TensorFlow,612.7,128,10336.6,50,76.22
6.0,FineTuning,TensorFlow,3746.5,16,8999.8,10,360.0
4.0,Training,PyTorch,3559.6,32,4138.8,30,360.0
6.0,Training,PyTorch,1688.9,32,14368.5,30,360.0
24.0,Inference,JAX,73.6,32,8431.3,30,6.48
10.0,FineTuning,PyTorch,3169.5,32,9984.9,20,360.0
12.0,Training,JAX,3529.5,32,5743.9,30,360.0
24.0,FineTuning,PyTorch,740.2,128,13831.7,20,54.35
8.0,Inference,JAX,3669.0,16,4213.5,20,360.0
6.0,Training,JAX,3660.7,256,11256.9,100,360.0
24.0,FineTuning,PyTorch,1911.6,64,1838.3,20,29.68
12.0,FineTuning,PyTorch,3202.2,64,8113.0,10,243.41
4.0,Training,PyTorch,1807.5,64,8709.1,100,360.0
4.0,FineTuning,JAX,2278.0,16,2906.5,5,360.0
80.0,Training,TensorFlow,1313.4,16,4924.3,10,57.96
12.0,FineTuning,PyTorch,679.9,256,2762.6,5,3.67
4.0,Inference,PyTorch,2998.8,128,12690.9,10,122.54
24.0,Training,TensorFlow,55.5,128,9892.1,20,6.72
80.0,Inference,PyTorch,2339.2,256,6751.9,5,0.89
4.0,FineTuning,TensorFlow,3465.5,64,8384.1,100,360.0
10.0,Training,TensorFlow,924.0,256,5226.2,30,81.27
8.0,FineTuning,JAX,1365.0,16,6488.2,10,360.0
12.0,Training,PyTorch,2370.6,64,9328.6,5,154.94
24.0,Inference,PyTorch,1025.1,128,3251.0,30,8.51
48.0,FineTuning,PyTorch,3397.6,256,2098.0,50,23.61
6.0,FineTuning,JAX,1498.1,64,14172.4,20,360.0
24.0,FineTuning,PyTorch,2347.4,128,3629.1,10,18.91
4.0,FineTuning,PyTorch,943.2,8,7478.8,10,360.0
24.0,Inference,PyTorch,213.5,32,11446.7,100,55.23
48.0,FineTuning,PyTorch,736.1,8,8385.6,100,360.0
6.0,Inference,TensorFlow,232.5,256,9559.6,50,12.72
80.0,FineTuning,TensorFlow,1901.0,64,2535.2,5,4.1
4.0,Training,PyTorch,2367.2,64,5984.4,10,360.0
16.0,Inference,PyTorch,226.5,16,10384.5,10,22.03
4.0,FineTuning,JAX,407.4,32,3225.8,10,81.57
8.0,FineTuning,PyTorch,1967.8,128,7305.0,10,100.53
16.0,Inference,PyTorch,3206.8,64,8879.8,50,278.26
8.0,Training,PyTorch,2530.6,128,11861.1,20,360.0
48.0,Training,PyTorch,463.6,128,3323.5,10,4.22
12.0,Training,PyTorch,3555.8,128,14673.6,50,360.0
6.0,FineTuning,PyTorch,3673.9,8,14514.7,30,360.0
10.0,Inference,PyTorch,1333.6,128,283.2,10,1.21
80.0,Inference,PyTorch,2483.3,16,5582.9,5,9.24
10.0,FineTuning,PyTorch,1994.7,8,1110.8,50,360.0
48.0,FineTuning,TensorFlow,3771.0,8,4827.0,5,152.84
12.0,Inference,PyTorch,2059.6,64,9145.2,20,83.72
4.0,FineTuning,PyTorch,3841.9,32,9170.2,30,360.0
24.0,Training,PyTorch,837.4,32,1540.3,5,13.07
8.0,FineTuning,TensorFlow,1414.9,256,10189.1,10,52.62
48.0,Inference,PyTorch,3136.3,64,12710.4,50,111.5
8.0,Inference,JAX,3145.3,32,9504.4,30,360.0
4.0,FineTuning,PyTorch,2942.1,128,4718.5,50,360.0
12.0,Inference,PyTorch,3445.5,16,137.2,100,53.7
6.0,Training,PyTorch,2825.1,128,9761.3,30,360.0
10.0,Training,PyTorch,2562.5,32,10198.5,100,360.0
4.0,Inference,PyTorch,1862.8,32,10660.4,5,181.99
80.0,Training,PyTorch,1895.0,16,685.0,20,30.09
16.0,Training,PyTorch,1654.3,8,7795.1,100,360.0
48.0,Training,PyTorch,2499.8,8,6260.1,50,360.0
10.0,FineTuning,TensorFlow,1656.3,16,11533.5,10,360.0
80.0,FineTuning,TensorFlow,632.6,8,10868.1,50,360.0
6.0,Training,PyTorch,470.8,32,14264.8,100,360.0
80.0,Inference,PyTorch,3701.7,8,13472.9,20,308.51
12.0,Inference,PyTorch,147.7,32,8414.3,100,76.22
16.0,Training,PyTorch,466.6,64,14709.1,5,46.67
8.0,Training,PyTorch,1809.0,128,2338.2,10,61.78
10.0,FineTuning,PyTorch,1088.6,8,206.7,10,26.35
16.0,FineTuning,PyTorch,1653.1,64,1706.7,5,13.47
24.0,Training,TensorFlow,513.9,256,5391.2,50,27.74
4.0,Training,PyTorch,567.1,8,11353.4,10,360.0
24.0,Training,PyTorch,3212.6,64,5807.7,50,360.0
4.0,Training,PyTorch,3048.5,16,11731.0,50,360.0
12.0,FineTuning,JAX,461.8,64,11167.5,5,27.23
16.0,FineTuning,TensorFlow,2687.8,32,11935.8,20,360.0
6.0,FineTuning,PyTorch,2456.8,16,2890.4,20,360.0
80.0,FineTuning,PyTorch,2867.8,16,7788.9,50,360.0
16.0,Training,PyTorch,1924.1,32,10719.1,5,229.88
24.0,FineTuning,PyTorch,1116.4,8,4334.2,20,360.0
48.0,Training,PyTorch,2671.5,16,12586.6,100,360.0
4.0,FineTuning,JAX,1516.9,8,11711.7,50,360.0
48.0,FineTuning,PyTorch,914.9,128,1886.2,10,2.99
10.0,FineTuning,PyTorch,1664.1,64,3346.5,10,59.51
48.0,FineTuning,TensorFlow,3064.9,64,3636.9,100,234.05
16.0,FineTuning,TensorFlow,1929.4,32,13189.3,30,360.0
80.0,Inference,PyTorch,1234.5,32,2882.2,30,8.45
10.0,FineTuning,PyTorch,3335.9,256,9369.2,30,275.24
6.0,FineTuning,PyTorch,3532.5,64,1067.2,20,123.82
6.0,Inference,PyTorch,1761.3,128,8332.3,100,317.96
12.0,FineTuning,TensorFlow,1530.0,32,2204.7,10,57.71
80.0,FineTuning,JAX,2470.2,128,8674.9,10,18.1
8.0,Training,TensorFlow,279.0,256,5580.2,20,18.04
48.0,Training,PyTorch,2780.7,32,9124.7,10,228.65
10.0,FineTuning,TensorFlow,3140.0,16,5977.2,10,360.0
16.0,FineTuning,PyTorch,1619.9,256,12829.0,50,163.17
16.0,Training,PyTorch,739.7,8,11379.0,10,360.0
8.0,Inference,PyTorch,163.8,64,12686.1,50,33.3
12.0,Training,PyTorch,2567.1,8,3408.6,30,360.0
8.0,FineTuning,JAX,1112.5,256,2317.4,5,5.04
4.0,Training,PyTorch,1882.4,64,8404.3,50,360.0
24.0,FineTuning,PyTorch,1576.1,256,13105.2,100,268.82
10.0,Inference,PyTorch,740.8,32,1748.3,10,9.65
24.0,Training,TensorFlow,2058.1,8,3584.9,30,360.0
8.0,Training,PyTorch,1865.4,256,11215.4,5,69.16
12.0,FineTuning,PyTorch,2515.4,256,7033.9,5,21.38
12.0,FineTuning,TensorFlow,1044.9,128,9091.6,30,173.31
6.0,FineTuning,PyTorch,897.8,256,8917.1,30,143.22
6.0,Inference,PyTorch,3266.7,32,6244.1,5,119.33
10.0,Training,PyTorch,2823.7,256,10615.0,5,76.61
10.0,FineTuning,PyTorch,3100.2,16,12798.8,10,360.0
10.0,FineTuning,JAX,537.0,8,13625.6,100,360.0
16.0,Inference,PyTorch,935.0,8,791.5,50,61.15
6.0,Inference,JAX,2323.3,16,8348.7,50,360.0
16.0,FineTuning,PyTorch,3435.9,64,701.5,5,8.82
24.0,FineTuning,JAX,3573.9,32,13523.9,5,258.94
8.0,Training,PyTorch,3336.0,16,6496.1,100,360.0
48.0,Training,PyTorch,221.4,256,13517.8,100,30.77
6.0,FineTuning,PyTorch,3292.5,128,2896.5,20,218.53
48.0,FineTuning,PyTorch,3601.4,32,2519.3,5,28.03
12.0,FineTuning,PyTorch,274.2,16,13634.0,50,360.0
6.0,FineTuning,PyTorch,1694.3,16,14081.8,10,360.0
24.0,Training,PyTorch,2169.6,8,11525.2,20,360.0
6.0,FineTuning,PyTorch,969.4,8,3408.2,50,360.0
16.0,Training,PyTorch,2090.9,8,2662.6,10,360.0
8.0,Training,PyTorch,3549.5,32,11245.4,100,360.0
80.0,Training,TensorFlow,3474.4,256,9558.1,100,232.11
8.0,Inference,PyTorch,3762.4,64,13093.9,20,310.78
8.0,Training,JAX,1962.2,32,4224.5,20,360.0
12.0,Inference,PyTorch,1671.7,8,4500.8,20,277.86
24.0,Training,JAX,2679.9,8,11001.5,20,360.0
48.0,FineTuning,PyTorch,1696.2,32,4091.2,20,64.12
24.0,Inference,JAX,215.7,256,6989.4,20,1.66
80.0,FineTuning,PyTorch,2893.7,256,7850.1,30,29.25
12.0,Training,TensorFlow,1159.9,16,10070.8,100,360.0
8.0,Training,TensorFlow,243.9,16,5231.3,10,126.38
16.0,Inference,PyTorch,131.5,8,12889.2,50,110.82
12.0,Training,PyTorch,3728.9,8,6094.7,5,360.0
10.0,FineTuning,TensorFlow,1045.7,64,716.5,50,37.73
6.0,FineTuning,PyTorch,1819.2,256,1098.3,30,27.53
24.0,Training,PyTorch,3804.8,16,14576.4,30,360.0
12.0,Training,PyTorch,1896.7,64,9368.4,20,360.0
10.0,FineTuning,PyTorch,360.5,8,7414.8,30,360.0
48.0,FineTuning,TensorFlow,2230.1,256,13058.2,50,81.63
80.0,Training,PyTorch,398.4,8,10781.6,30,219.42
80.0,FineTuning,PyTorch,425.6,64,2802.7,50,8.3
8.0,Inference,PyTorch,3413.3,64,208.7,20,6.41
8.0,Inference,PyTorch,1193.2,8,14733.7,20,360.0
12.0,Training,JAX,2730.7,128,9475.3,30,360.0
12.0,Training,PyTorch,2060.3,8,7208.4,100,360.0
6.0,Inference,PyTorch,928.2,16,14175.4,5,147.97
4.0,Training,PyTorch,2095.4,256,5601.2,20,305.99
48.0,Training,TensorFlow,322.5,256,10866.0,10,3.84
8.0,Inference,PyTorch,1421.5,8,10084.7,10,360.0
4.0,Training,PyTorch,2115.2,32,10187.6,20,360.0
4.0,Training,PyTorch,952.2,8,10189.3,100,360.0
6.0,Training,PyTorch,2657.7,128,255.4,100,131.06
16.0,Inference,PyTorch,254.7,16,12382.1,30,75.45
16.0,Training,PyTorch,1965.0,8,13852.0,20,360.0
8.0,Inference,TensorFlow,2874.2,64,6795.3,30,246.62
10.0,FineTuning,JAX,1748.3,16,8451.2,50,360.0
6.0,FineTuning,TensorFlow,3504.6,16,4938.3,5,360.0
6.0,Training,PyTorch,2547.2,128,11797.6,5,276.81
24.0,Training,PyTorch,3836.0,256,11075.4,50,360.0
4.0,FineTuning,PyTorch,1172.3,64,11103.7,50,360.0
24.0,Training,TensorFlow,3758.2,32,11050.4,50,360.0
4.0,Inference,PyTorch,2446.9,8,3356.3,5,264.44
16.0,FineTuning,JAX,2993.5,32,1776.6,20,194.16
8.0,FineTuning,PyTorch,3613.5,256,4730.2,10,62.76
48.0,Training,TensorFlow,2227.2,64,8673.2,100,360.0
16.0,FineTuning,PyTorch,3455.6,16,6052.9,100,360.0
6.0,Training,PyTorch,2189.7,128,3813.8,30,360.0
48.0,Training,PyTorch,2416.8,128,432.1,10,2.62
12.0,Inference,JAX,1808.1,16,1904.9,30,94.34
48.0,FineTuning,JAX,625.3,128,1669.4,5,1.23
48.0,FineTuning,TensorFlow,2236.3,32,14353.9,20,306.23
16.0,FineTuning,PyTorch,3910.9,256,11704.5,10,71.32
6.0,FineTuning,TensorFlow,3159.4,16,1929.0,50,360.0
48.0,Training,PyTorch,3002.6,8,7061.4,50,360.0
16.0,Training,PyTorch,2591.1,8,9851.8,50,360.0
16.0,Inference,PyTorch,1424.2,64,14419.4,100,344.48
48.0,Training,PyTorch,720.0,256,4107.6,10,4.51
4.0,FineTuning,PyTorch,937.0,256,4034.3,20,61.16
6.0,Training,TensorFlow,75.0,16,8567.0,20,151.68
80.0,Training,PyTorch,2710.2,256,12874.9,50,116.69
48.0,Training,PyTorch,3256.9,32,4266.4,10,111.32
24.0,FineTuning,PyTorch,1112.2,256,1974.8,50,15.82
24.0,FineTuning,PyTorch,412.8,16,4065.3,30,88.29
12.0,Training,PyTorch,1376.1,16,6791.1,30,360.0
6.0,Training,PyTorch,1203.6,32,5463.3,10,360.0
16.0,Inference,PyTorch,1831.0,128,12932.1,30,63.05
8.0,Training,PyTorch,1093.2,32,14149.9,5,360.0
10.0,Inference,PyTorch,1391.9,16,5738.9,5,47.07
6.0,Inference,PyTorch,3634.8,16,12369.0,5,360.0
6.0,Inference,PyTorch,1372.6,16,1122.3,30,98.43
48.0,Inference,PyTorch,3152.8,16,8350.2,20,137.74
48.0,Training,PyTorch,2522.0,64,12492.4,5,78.5
16.0,Inference,PyTorch,1383.3,128,6337.5,50,34.15
12.0,Inference,PyTorch,3280.3,16,2237.2,20,176.96
48.0,Inference,PyTorch,2400.6,64,4332.9,10,6.95
10.0,Training,PyTorch,84.0,256,7429.4,30,11.23
10.0,Inference,TensorFlow,321.5,16,12668.1,50,226.66
12.0,FineTuning,PyTorch,3022.9,128,11254.1,10,177.32
4.0,FineTuning,TensorFlow,1813.8,128,1345.3,30,101.94
4.0,Training,TensorFlow,1651.8,32,8237.7,100,360.0
6.0,Training,TensorFlow,626.0,64,13098.0,30,360.0
48.0,Inference,PyTorch,671.4,256,8698.9,50,6.92
24.0,FineTuning,TensorFlow,3201.1,128,1067.6,100,79.8
80.0,Training,PyTorch,3324.6,8,12364.5,30,360.0
12.0,Inference,PyTorch,2262.0,16,13610.9,30,360.0
6.0,Training,PyTorch,1215.8,128,5898.9,30,360.0
24.0,Training,JAX,3734.2,256,4721.0,20,74.3
48.0,Training,PyTorch,2514.7,256,8195.9,5,11.1
24.0,Training,JAX,3196.7,64,14762.9,100,360.0
24.0,Training,PyTorch,63.0,64,12578.2,50,36.07
12.0,Training,JAX,1828.8,64,12184.7,20,360.0
6.0,Training,JAX,3490.2,32,2977.8,50,360.0
16.0,FineTuning,JAX,1386.0,256,13438.0,20,63.8
10.0,Inference,PyTorch,2919.9,16,8383.6,30,360.0
6.0,FineTuning,TensorFlow,2647.8,8,13761.5,100,360.0
80.0,Training,JAX,651.3,64,9810.5,30,43.82
24.0,Training,PyTorch,3110.9,16,12529.1,100,360.0
16.0,Inference,PyTorch,494.5,64,2566.3,100,24.31
12.0,Inference,TensorFlow,2925.3,64,10627.2,100,360.0
8.0,Training,PyTorch,3964.3,256,3933.1,20,181.78
10.0,Training,TensorFlow,3834.0,8,2616.6,30,360.0
8.0,FineTuning,PyTorch,3211.0,16,8652.3,100,360.0
48.0,FineTuning,PyTorch,2161.3,64,9080.8,5,29.27
8.0,FineTuning,PyTorch,2715.6,256,7410.2,50,360.0
24.0,FineTuning,PyTorch,2926.0,32,1426.7,100,360.0
24.0,FineTuning,PyTorch,83.2,64,3746.8,30,5.41
24.0,Inference,TensorFlow,454.3,256,3608.2,100,6.06
24.0,Training,PyTorch,2408.4,16,4774.2,100,360.0
6.0,Inference,TensorFlow,75.8,128,9458.2,10,2.46
8.0,Training,TensorFlow,3640.2,64,6626.0,20,360.0
80.0,FineTuning,PyTorch,1984.2,32,14528.9,100,360.0
8.0,FineTuning,PyTorch,1068.2,32,336.1,20,21.08
6.0,FineTuning,PyTorch,1605.6,64,3317.0,100,360.0
80.0,FineTuning,PyTorch,3410.6,16,8643.8,30,360.0
80.0,Training,PyTorch,3712.4,64,13202.2,20,285.01
10.0,Training,PyTorch,509.1,32,605.2,10,15.22
80.0,FineTuning,JAX,3122.9,64,13265.8,20,113.31
8.0,FineTuning,PyTorch,2334.0,32,7658.4,10,360.0
24.0,Training,PyTorch,2362.7,128,11803.7,20,227.97
24.0,Inference,JAX,3128.8,64,14234.9,20,110.96
48.0,Training,TensorFlow,930.2,8,3309.5,10,109.64
10.0,Training,TensorFlow,2147.6,64,8859.9,50,360.0
8.0,Training,TensorFlow,1311.4,32,13266.7,100,360.0
8.0,FineTuning,PyTorch,423.3,16,12681.7,5,167.84
12.0,Training,TensorFlow,465.1,32,7862.4,100,360.0
4.0,FineTuning,JAX,589.1,128,14247.4,10,152.49
8.0,Training,PyTorch,2478.9,16,10655.8,5,360.0
16.0,Training,PyTorch,468.0,8,7909.3,100,360.0
8.0,FineTuning,PyTorch,2301.9,8,962.7,100,360.0
12.0,FineTuning,PyTorch,2373.8,128,7360.9,20,149.06
80.0,Training,PyTorch,3620.4,128,6386.3,50,153.16
6.0,Training,PyTorch,2524.2,128,4648.3,10,185.16
6.0,Inference,PyTorch,3943.1,256,14149.1,50,360.0
16.0,Training,PyTorch,172.4,128,13892.9,10,16.57
16.0,Inference,PyTorch,2831.4,64,5125.5,100,317.92
48.0,FineTuning,TensorFlow,154.6,32,6592.9,30,17.17
6.0,Training,PyTorch,2931.0,256,11302.1,10,235.13
80.0,FineTuning,PyTorch,1574.1,64,12542.4,5,16.13
6.0,Inference,PyTorch,2464.7,16,1740.2,30,246.43
4.0,Training,PyTorch,1272.7,8,7412.8,20,360.0
6.0,Training,PyTorch,678.5,8,13726.1,100,360.0
24.0,Training,PyTorch,2907.9,16,10002.4,10,360.0
48.0,Inference,TensorFlow,3623.3,8,8190.2,100,360.0
12.0,FineTuning,PyTorch,775.2,128,10798.9,5,20.68
16.0,Training,PyTorch,3686.8,128,9955.3,20,360.0
4.0,Training,PyTorch,603.7,256,14139.5,5,64.23
16.0,Training,PyTorch,2955.9,128,13698.3,20,360.0
48.0,Training,TensorFlow,3839.8,16,6026.9,100,360.0
8.0,Training,PyTorch,632.1,32,577.1,10,22.23
4.0,FineTuning,TensorFlow,1768.6,16,5056.9,50,360.0
10.0,Training,PyTorch,1383.0,32,3123.1,20,360.0
4.0,Training,TensorFlow,1584.5,8,2060.1,100,360.0
48.0,FineTuning,TensorFlow,3024.9,256,13330.4,50,114.13
12.0,Training,TensorFlow,2661.7,8,10678.0,20,360.0
4.0,Training,JAX,3876.3,8,585.4,50,360.0
48.0,Training,PyTorch,782.6,32,13804.3,10,76.83
80.0,Training,JAX,2195.9,8,13554.8,5,264.1
6.0,Inference,PyTorch,1824.0,16,14245.9,10,360.0
80.0,FineTuning,TensorFlow,3679.5,32,12465.2,20,239.77
48.0,Training,PyTorch,91.9,128,1275.3,30,1.54
24.0,Training,PyTorch,3957.2,32,9379.6,5,308.48
8.0,Training,TensorFlow,1945.0,16,1338.0,50,360.0
6.0,FineTuning,PyTorch,2520.9,256,10729.6,5,57.17
24.0,FineTuning,PyTorch,1472.2,16,3035.4,5,55.11
12.0,FineTuning,TensorFlow,3417.5,16,14043.6,10,360.0
16.0,Training,PyTorch,2269.9,8,14019.1,20,360.0
10.0,Training,PyTorch,2668.1,256,8959.6,100,360.0
6.0,FineTuning,PyTorch,2613.2,128,11314.9,100,360.0
80.0,Inference,PyTorch,1487.7,256,12886.5,10,3.03
8.0,Inference,PyTorch,350.2,128,5898.3,20,9.48
24.0,Training,PyTorch,3240.4,64,8729.9,30,360.0
48.0,FineTuning,PyTorch,1194.4,256,2722.7,10,3.31
6.0,FineTuning,PyTorch,3403.3,256,14783.9,30,360.0
16.0,Inference,PyTorch,2454.1,16,13948.1,20,360.0
48.0,Training,TensorFlow,1447.1,256,7303.0,5,5.8
24.0,FineTuning,PyTorch,2397.3,8,8344.7,30,360.0
8.0,Training,TensorFlow,2599.7,32,6606.8,30,360.0
4.0,FineTuning,PyTorch,2841.4,8,124.8,20,165.98
16.0,Training,PyTorch,3298.2,16,3527.0,20,360.0
48.0,FineTuning,PyTorch,681.0,8,1614.6,10,21.74
16.0,Inference,TensorFlow,3779.4,256,4911.2,10,9.16
12.0,Training,TensorFlow,1672.8,16,3619.9,20,360.0
48.0,FineTuning,TensorFlow,3448.8,256,11448.5,30,90.95
6.0,Training,PyTorch,920.9,32,7621.5,50,360.0
4.0,Training,TensorFlow,164.7,32,12273.2,10,235.87
4.0,Training,PyTorch,2314.7,128,9571.9,20,360.0
10.0,Training,TensorFlow,1332.4,256,9877.8,50,360.0
16.0,Inference,PyTorch,3938.6,64,13156.1,50,360.0
80.0,Training,PyTorch,462.6,8,12723.2,50,360.0
4.0,FineTuning,PyTorch,236.8,64,1043.1,50,31.8
4.0,Inference,PyTorch,227.8,8,8717.4,5,51.1
12.0,Inference,PyTorch,906.7,128,6255.0,10,8.53
12.0,FineTuning,PyTorch,2337.8,128,9034.6,50,360.0
12.0,Training,PyTorch,2047.0,32,12953.3,50,360.0
16.0,Inference,JAX,1432.8,32,279.5,20,3.65
48.0,Training,PyTorch,400.7,256,263.4,100,2.23
8.0,Inference,TensorFlow,973.3,32,1032.1,20,14.05
80.0,FineTuning,JAX,777.4,256,13135.8,100,39.62
4.0,FineTuning,JAX,2995.4,8,5366.9,5,360.0
10.0,Training,TensorFlow,3130.8,256,5631.3,50,360.0
80.0,FineTuning,TensorFlow,3119.2,64,5246.5,5,15.9
48.0,Inference,PyTorch,3877.7,64,3541.3,100,77.09
80.0,Inference,PyTorch,3542.7,32,679.1,20,4.62
4.0,Training,PyTorch,2016.3,128,13607.1,100,360.0
80.0,Inference,PyTorch,1689.0,64,3569.8,10,4.04
8.0,Training,PyTorch,3667.3,128,13419.7,30,360.0
80.0,FineTuning,PyTorch,2464.3,32,14340.1,30,313.43
4.0,FineTuning,PyTorch,1212.9,8,8692.1,100,360.0
4.0,Training,TensorFlow,2279.6,256,5646.9,5,70.68
80.0,Training,PyTorch,3969.0,16,11510.4,20,360.0
16.0,FineTuning,PyTorch,3405.4,64,478.2,30,40.81
10.0,Training,PyTorch,1161.1,256,13940.1,50,335.73
24.0,Training,PyTorch,3814.2,256,6178.0,10,56.71
12.0,FineTuning,JAX,3926.8,32,4698.2,20,360.0
24.0,Inference,PyTorch,963.1,32,1991.3,5,3.77
48.0,FineTuning,PyTorch,3587.6,256,14332.0,20,56.08
48.0,Training,PyTorch,3538.7,64,12184.3,10,178.73
4.0,Training,PyTorch,207.0,16,10886.7,100,360.0
48.0,FineTuning,PyTorch,2695.3,8,13971.4,20,360.0
16.0,FineTuning,PyTorch,1255.9,64,14401.5,100,360.0
10.0,FineTuning,PyTorch,2714.7,256,4099.9,5,15.35
48.0,Inference,PyTorch,3658.6,8,11819.2,50,360.0
8.0,Training,TensorFlow,2020.2,32,11528.0,20,360.0
10.0,Training,PyTorch,1686.9,256,8404.0,5,38.42
16.0,Inference,PyTorch,3690.0,256,2341.3,100,40.39
24.0,FineTuning,PyTorch,3897.8,64,14111.1,100,360.0
10.0,FineTuning,PyTorch,295.8,8,4799.2,50,360.0
10.0,Inference,JAX,3695.2,128,8725.3,30,150.63
24.0,Inference,PyTorch,376.9,128,388.8,20,1.28
16.0,FineTuning,JAX,1382.3,128,6494.3,50,187.56
48.0,Training,PyTorch,3062.2,256,9291.7,100,332.31
4.0,Inference,TensorFlow,3119.3,8,5776.3,30,360.0
24.0,FineTuning,PyTorch,2917.0,128,7208.9,100,360.0
24.0,Training,PyTorch,204.5,32,2961.2,20,20.47
24.0,FineTuning,PyTorch,575.2,256,5318.3,20,7.79
24.0,Training,PyTorch,3748.1,8,10878.1,10,360.0
48.0,Inference,PyTorch,371.8,32,14548.7,20,13.15
80.0,FineTuning,PyTorch,360.3,16,7084.9,20,29.5
80.0,Inference,TensorFlow,3350.8,8,10322.1,50,360.0
6.0,Inference,PyTorch,2583.0,128,14645.2,5,43.35
24.0,Inference,PyTorch,1439.0,128,11644.4,10,13.46
24.0,FineTuning,TensorFlow,704.6,256,250.9,20,1.15
10.0,Inference,PyTorch,3542.5,16,14039.6,50,360.0
80.0,Training,TensorFlow,3954.7,256,13011.8,100,350.45
48.0,Training,PyTorch,247.4,64,4139.6,100,38.51
4.0,Inference,PyTorch,2238.7,16,2805.1,50,360.0
6.0,FineTuning,PyTorch,1082.1,128,13498.4,5,82.31
6.0,Training,JAX,3337.9,128,10361.5,30,360.0
48.0,Training,TensorFlow,1417.0,64,3631.2,20,38.36
4.0,Training,JAX,2872.8,16,10736.8,30,360.0
10.0,FineTuning,PyTorch,2181.1,32,9043.4,5,205.88
12.0,FineTuning,TensorFlow,2189.0,16,4707.3,50,360.0
80.0,Training,PyTorch,3439.1,32,8395.9,30,360.0
24.0,Inference,PyTorch,1908.1,128,7956.3,5,4.87
48.0,Training,TensorFlow,3390.1,128,7695.6,30,185.6
80.0,FineTuning,PyTorch,1485.5,16,7808.8,100,360.0
24.0,FineTuning,PyTorch,740.4,128,106.0,50,1.94
12.0,FineTuning,PyTorch,1849.1,256,4102.6,20,43.64
12.0,Training,TensorFlow,2018.5,256,6519.9,100,360.0
16.0,Training,PyTorch,1939.6,256,1996.1,100,112.76
12.0,Inference,PyTorch,3242.9,64,11262.6,10,104.37
80.0,Training,JAX,2280.5,8,12718.6,100,360.0
8.0,Inference,PyTorch,3559.4,32,12284.8,50,360.0
8.0,FineTuning,PyTorch,2081.0,128,6948.6,30,355.99
24.0,Training,PyTorch,937.6,32,10391.5,20,357.04
24.0,FineTuning,TensorFlow,561.5,16,1245.6,10,15.19
16.0,Training,PyTorch,3480.0,64,3071.0,100,360.0
8.0,FineTuning,PyTorch,271.9,32,799.4,5,4.59
24.0,Inference,PyTorch,514.6,128,14485.1,20,9.51
12.0,Training,PyTorch,301.5,8,8657.3,50,360.0
24.0,FineTuning,PyTorch,1723.8,256,2711.1,30,20.99
6.0,Training,PyTorch,2153.8,64,10642.4,100,360.0
16.0,FineTuning,PyTorch,128.5,16,7388.0,10,25.25
48.0,Training,JAX,2086.6,128,6570.4,100,336.2
4.0,FineTuning,TensorFlow,1605.3,64,13710.5,20,360.0
10.0,Inference,JAX,3105.9,128,10652.3,10,60.71
4.0,Training,PyTorch,3328.3,16,10390.8,10,360.0
4.0,FineTuning,PyTorch,2755.6,16,1549.9,20,360.0
48.0,FineTuning,PyTorch,1920.3,8,1471.2,100,360.0
24.0,FineTuning,JAX,903.8,64,10000.1,30,115.45
4.0,FineTuning,PyTorch,3396.1,8,2431.7,100,360.0
6.0,FineTuning,JAX,1399.6,8,6853.5,5,360.0
10.0,Training,PyTorch,1457.4,8,8590.1,20,360.0
4.0,Inference,PyTorch,3668.2,256,5882.6,5,24.57
8.0,Inference,PyTorch,3903.6,32,1368.8,10,46.32
48.0,Training,PyTorch,3597.6,16,11175.9,10,360.0
48.0,Training,PyTorch,3993.0,8,13287.0,30,360.0
48.0,FineTuning,PyTorch,3482.2,32,2509.1,20,96.54
16.0,Inference,PyTorch,2832.2,32,12826.1,100,360.0
16.0,Inference,PyTorch,1210.6,32,11851.6,20,89.54
12.0,Inference,PyTorch,3814.2,8,8501.5,50,360.0
80.0,Training,TensorFlow,3512.7,32,8981.9,30,360.0
10.0,Inference,PyTorch,1000.9,8,9808.4,20,360.0
24.0,Inference,PyTorch,1982.2,64,7918.9,10,20.58
4.0,Training,PyTorch,326.7,16,12680.7,30,360.0
80.0,Training,TensorFlow,3815.6,128,7164.1,50,192.5
24.0,FineTuning,PyTorch,2312.4,8,8251.1,50,360.0
80.0,FineTuning,JAX,1018.5,16,647.8,100,33.68
24.0,Training,PyTorch,1205.0,8,2783.0,10,184.51
6.0,Training,PyTorch,3923.6,256,13566.3,100,360.0
16.0,Training,PyTorch,2481.7,64,1911.4,20,135.89
10.0,Training,PyTorch,1711.7,16,13570.3,10,360.0
8.0,Training,PyTorch,2024.4,16,9575.3,50,360.0
6.0,FineTuning,PyTorch,439.3,32,13809.8,30,360.0
16.0,Training,PyTorch,346.3,8,12233.2,20,360.0
48.0,Inference,PyTorch,2391.2,8,12992.7,10,155.42
16.0,Inference,TensorFlow,2072.4,128,7913.3,100,166.63
80.0,Inference,PyTorch,1468.7,32,12396.9,20,29.59
12.0,FineTuning,PyTorch,2286.2,32,6961.9,30,360.0
6.0,Training,JAX,337.1,128,758.2,50,22.16
48.0,Training,PyTorch,3778.8,32,9805.2,10,253.97
80.0,Training,PyTorch,1210.2,32,10954.0,50,348.06
10.0,Inference,TensorFlow,333.5,64,1613.1,100,14.89
16.0,Training,PyTorch,719.5,256,12257.0,100,237.86
48.0,FineTuning,TensorFlow,427.1,16,1220.1,10,4.63
80.0,FineTuning,PyTorch,755.5,128,6680.1,20,7.97
12.0,Inference,PyTorch,1696.2,64,7370.1,5,15.31
16.0,FineTuning,PyTorch,2965.3,256,647.7,10,3.9
10.0,FineTuning,PyTorch,1125.8,64,1080.5,10,18.14
12.0,FineTuning,PyTorch,1771.9,64,6814.6,50,360.0
24.0,FineTuning,PyTorch,3718.6,32,4737.7,5,73.44
80.0,Training,TensorFlow,1218.5,256,12257.0,100,83.52
16.0,Inference,TensorFlow,3189.1,256,6266.4,5,5.49
16.0,FineTuning,TensorFlow,673.4,128,1672.4,5,2.8
48.0,Training,TensorFlow,754.4,32,2452.4,5,7.44
10.0,Inference,PyTorch,1851.8,32,10134.7,30,306.02
8.0,FineTuning,TensorFlow,974.7,64,14256.0,20,360.0
24.0,Inference,PyTorch,3617.0,8,13057.0,10,360.0
12.0,Inference,PyTorch,250.5,128,2029.5,20,2.4
6.0,Inference,TensorFlow,2409.2,128,343.9,100,19.45
6.0,Training,PyTorch,2436.7,64,493.9,20,70.13
16.0,Training,TensorFlow,310.8,64,8367.2,20,60.55
48.0,Inference,PyTorch,2943.6,16,7339.9,20,115.93
4.0,Inference,PyTorch,1902.1,64,299.6,30,16.04
16.0,FineTuning,PyTorch,2906.1,32,951.1,50,173.65
6.0,Training,PyTorch,3316.4,64,14996.3,30,360.0
6.0,Training,TensorFlow,1325.5,128,14477.6,10,340.86
24.0,Inference,JAX,1963.7,8,1988.2,5,23.32
4.0,Training,PyTorch,1080.0,8,2545.1,50,360.0
16.0,Training,PyTorch,846.0,32,13512.4,10,246.96
24.0,FineTuning,PyTorch,52.3,8,7660.8,100,140.21
48.0,Training,TensorFlow,3856.3,64,14373.8,5,107.66
24.0,Inference,PyTorch,1791.7,8,7853.1,30,360.0
16.0,Training,JAX,101.6,64,8700.6,20,24.56
80.0,Training,PyTorch,85.3,256,3380.0,10,1.3
8.0,FineTuning,TensorFlow,1189.0,16,13153.5,100,360.0
16.0,FineTuning,PyTorch,105.1,128,12392.5,20,12.33
10.0,Training,PyTorch,1529.3,256,5127.6,20,73.87
6.0,FineTuning,PyTorch,298.6,32,9224.4,20,215.49
4.0,Training,TensorFlow,205.0,16,5187.5,50,360.0
4.0,Inference,TensorFlow,2694.1,8,7013.1,5,360.0
8.0,Training,PyTorch,3632.0,32,12817.9,20,360.0
10.0,Inference,PyTorch,1667.1,64,6289.8,100,278.13
6.0,FineTuning,JAX,3355.2,16,12624.4,10,360.0
4.0,Training,JAX,165.6,128,14405.9,50,358.17
10.0,Training,PyTorch,3121.9,128,6303.5,5,99.92
24.0,FineTuning,PyTorch,298.1,16,13175.2,10,93.6
16.0,Training,PyTorch,3361.8,16,4629.4,50,360.0
16.0,Training,TensorFlow,3535.3,16,142.7,50,122.56
80.0,Training,PyTorch,3154.6,8,1358.9,100,360.0
6.0,FineTuning,PyTorch,3292.0,256,11082.8,100,360.0
10.0,FineTuning,PyTorch,2267.9,256,1592.7,5,5.81
12.0,Training,PyTorch,1096.3,256,14093.5,100,360.0
4.0,FineTuning,PyTorch,2590.8,128,13012.0,20,360.0
48.0,FineTuning,PyTorch,1786.2,128,7771.3,10,17.35
48.0,Training,PyTorch,71.1,8,8764.5,30,55.37
16.0,Inference,TensorFlow,1933.5,32,10445.8,20,142.91
12.0,FineTuning,JAX,2622.2,128,10999.4,30,360.0
48.0,Inference,PyTorch,104.8,32,7419.0,10,1.8
8.0,Training,PyTorch,2504.4,32,4769.7,100,360.0
8.0,Inference,PyTorch,2627.5,32,13662.6,30,360.0
6.0,FineTuning,TensorFlow,674.5,128,793.9,30,15.53
12.0,FineTuning,TensorFlow,1752.7,64,5405.7,5,39.89
8.0,FineTuning,TensorFlow,3859.1,32,10030.9,5,360.0
8.0,Training,TensorFlow,3542.5,256,13377.0,100,360.0
16.0,Inference,PyTorch,1672.7,64,1205.9,5,2.66
48.0,FineTuning,PyTorch,1431.9,8,9918.4,30,360.0
6.0,Training,PyTorch,540.1,256,7357.4,100,360.0
10.0,Training,TensorFlow,189.0,64,10328.7,30,121.46
24.0,Training,PyTorch,1225.0,64,4826.3,50,218.15
4.0,FineTuning,JAX,3764.1,16,10689.4,50,360.0
4.0,FineTuning,TensorFlow,3836.5,32,2785.9,5,360.0
24.0,FineTuning,TensorFlow,3259.5,128,11653.5,50,360.0
24.0,Training,PyTorch,1435.8,16,11265.3,20,360.0
4.0,FineTuning,PyTorch,617.3,256,14207.1,50,269.09
4.0,FineTuning,TensorFlow,2402.4,64,2681.0,50,360.0
10.0,Training,PyTorch,2603.7,8,10857.8,20,360.0
12.0,Training,PyTorch,1727.1,128,4907.5,20,121.34
12.0,Training,JAX,2782.0,8,4299.7,10,360.0
10.0,Inference,TensorFlow,2999.4,64,6083.8,30,171.46
48.0,FineTuning,PyTorch,3143.1,8,4349.5,30,360.0
24.0,Inference,TensorFlow,2034.1,16,3798.1,100,360.0
80.0,Training,PyTorch,3177.0,8,11548.9,5,338.89
24.0,Inference,PyTorch,150.6,16,10522.6,100,83.62
4.0,FineTuning,PyTorch,2737.6,32,1729.4,10,299.35
24.0,FineTuning,TensorFlow,980.8,128,8446.7,100,209.5
4.0,Training,PyTorch,1118.6,8,5031.9,10,360.0
24.0,FineTuning,PyTorch,410.6,16,14568.4,10,104.36
48.0,Inference,PyTorch,809.9,64,6433.1,10,4.44
80.0,Training,JAX,3968.4,256,704.5,50,9.87
8.0,Training,PyTorch,1690.8,64,5042.6,10,180.88
10.0,FineTuning,PyTorch,3714.7,16,4759.3,100,360.0
10.0,Inference,PyTorch,693.5,128,184.0,5,0.85
80.0,FineTuning,PyTorch,856.0,32,7368.0,30,47.62
24.0,Training,PyTorch,2253.4,32,13596.4,10,360.0
8.0,Training,TensorFlow,1430.7,128,12054.5,100,360.0
12.0,Training,PyTorch,2593.5,256,10301.3,30,330.51
24.0,Inference,JAX,1717.1,8,5218.7,20,148.41
48.0,FineTuning,PyTorch,3255.8,16,3556.3,5,60.42
4.0,FineTuning,PyTorch,1754.7,32,5205.0,20,360.0
6.0,Training,PyTorch,2310.8,128,1933.6,100,360.0
24.0,Inference,PyTorch,1318.2,32,1582.4,10,6.86
6.0,FineTuning,JAX,2831.0,32,8660.5,50,360.0
24.0,Inference,TensorFlow,2636.2,8,12228.5,100,360.0
80.0,FineTuning,PyTorch,1618.2,32,1580.9,50,32.19
6.0,Inference,PyTorch,1140.3,16,5094.3,100,360.0
24.0,Inference,PyTorch,2475.7,128,1929.0,5,2.64
10.0,Training,PyTorch,3775.4,256,4726.2,10,107.67
6.0,Inference,TensorFlow,573.9,256,12470.9,10,8.12
24.0,Training,TensorFlow,3206.5,256,619.2,10,5.4
12.0,FineTuning,PyTorch,2194.8,8,9743.5,10,360.0
4.0,Inference,PyTorch,2126.0,256,991.6,100,34.79
12.0,Training,PyTorch,3848.7,8,6455.5,5,360.0
8.0,FineTuning,JAX,2443.2,256,7163.4,5,37.46
24.0,FineTuning,PyTorch,3330.5,128,6082.5,5,23.28
16.0,FineTuning,PyTorch,2082.2,16,9597.0,100,360.0
48.0,Inference,PyTorch,1036.9,256,14607.6,50,14.92
12.0,FineTuning,PyTorch,2793.2,32,4082.8,10,195.64
6.0,Inference,PyTorch,3696.5,32,9185.6,100,360.0
80.0,Training,TensorFlow,3372.9,256,5389.2,20,22.89
48.0,Training,JAX,833.5,16,14992.6,30,360.0
16.0,Training,PyTorch,1301.7,64,14269.9,5,96.56
24.0,FineTuning,PyTorch,2091.7,128,1491.7,5,5.13
80.0,Training,PyTorch,2307.8,16,14606.6,100,360.0
24.0,FineTuning,TensorFlow,815.6,32,11100.2,50,360.0
8.0,Training,PyTorch,958.5,128,14885.9,50,360.0
16.0,FineTuning,TensorFlow,3047.4,256,11587.2,30,242.22
24.0,Training,TensorFlow,2934.8,128,2021.1,50,125.71
6.0,FineTuning,PyTorch,3364.9,32,11282.0,100,360.0
8.0,FineTuning,PyTorch,3735.1,16,10926.8,5,360.0
10.0,Inference,TensorFlow,1267.6,64,2584.4,10,12.47
16.0,FineTuning,PyTorch,3445.4,128,11322.3,10,126.83
4.0,FineTuning,PyTorch,2680.7,256,10154.1,50,360.0
80.0,Inference,PyTorch,3833.2,128,14917.2,30,34.88
12.0,FineTuning,PyTorch,1124.7,128,9319.2,10,45.89
24.0,Training,TensorFlow,1115.2,256,6277.7,5,7.09
80.0,Inference,PyTorch,2832.0,256,14313.3,10,5.03
80.0,FineTuning,PyTorch,3717.2,256,9454.8,30,47.56
4.0,Training,TensorFlow,3307.0,16,5294.6,50,360.0
4.0,FineTuning,PyTorch,2921.8,128,413.6,20,37.5
8.0,Inference,TensorFlow,1579.9,256,11373.9,100,149.76
16.0,Inference,PyTorch,2885.2,32,1880.9,10,21.29
6.0,Inference,PyTorch,3214.3,32,13862.7,5,232.24
4.0,Training,PyTorch,3025.5,256,14424.7,30,360.0
4.0,Training,JAX,2723.4,8,3622.7,10,360.0
12.0,Training,TensorFlow,236.2,128,1780.8,20,7.27
10.0,Training,PyTorch,2655.9,64,8970.3,50,360.0
4.0,Inference,JAX,1939.3,8,3284.6,10,360.0
10.0,Training,TensorFlow,3848.2,128,8173.4,30,360.0
8.0,FineTuning,PyTorch,2448.4,128,6271.6,10,114.71
6.0,FineTuning,PyTorch,2452.5,256,11901.2,50,360.0
80.0,FineTuning,PyTorch,3976.5,16,14997.9,30,360.0
4.0,Training,PyTorch,419.7,16,6906.4,100,360.0
24.0,Training,PyTorch,1141.4,32,10306.8,20,360.0
10.0,Training,PyTorch,2641.5,8,5192.9,5,360.0
12.0,Training,PyTorch,1295.2,8,12951.3,100,360.0
12.0,Inference,PyTorch,1417.3,256,650.6,50,4.03
4.0,Inference,PyTorch,3575.9,8,7453.5,10,360.0
16.0,FineTuning,PyTorch,2338.4,256,2734.0,20,24.94
80.0,Inference,PyTorch,456.3,32,2735.0,30,3.98
6.0,Training,PyTorch,1277.9,64,8041.6,100,360.0
24.0,FineTuning,JAX,350.4,64,4686.2,30,25.43
16.0,Training,PyTorch,2246.7,256,6939.2,30,121.34
12.0,FineTuning,PyTorch,734.4,64,4654.3,10,35.55
10.0,FineTuning,PyTorch,3435.6,256,6880.5,100,360.0
10.0,Training,PyTorch,2330.4,8,4360.2,50,360.0
16.0,Training,TensorFlow,284.5,128,12072.9,100,183.71
10.0,Training,PyTorch,1238.5,8,8411.6,20,360.0
12.0,FineTuning,PyTorch,2484.5,256,2505.4,30,46.69
16.0,Training,PyTorch,1375.2,128,226.0,5,1.74
12.0,FineTuning,PyTorch,2077.0,16,360.7,50,153.26
24.0,FineTuning,PyTorch,3642.0,256,6383.2,20,60.97
80.0,FineTuning,PyTorch,1432.6,256,4780.4,20,5.35
24.0,FineTuning,PyTorch,1376.7,32,4005.5,30,165.68
24.0,Training,TensorFlow,3288.0,64,9381.6,5,125.67
10.0,FineTuning,PyTorch,1309.1,8,12216.7,30,360.0
4.0,Inference,PyTorch,357.9,8,1044.4,50,133.89
48.0,FineTuning,PyTorch,764.7,16,1738.6,10,14.25
10.0,FineTuning,JAX,3797.8,128,5594.3,50,360.0
4.0,FineTuning,PyTorch,3736.5,64,6678.1,5,360.0
12.0,Training,PyTorch,938.0,32,5988.9,10,176.26
48.0,FineTuning,PyTorch,2236.3,128,9615.7,100,293.82
10.0,Inference,PyTorch,592.6,128,1399.5,100,11.7
48.0,Training,PyTorch,2715.0,256,7471.4,20,45.32
48.0,Inference,JAX,782.0,64,12195.0,30,19.8
8.0,Training,PyTorch,246.7,32,13934.0,100,360.0
80.0,FineTuning,TensorFlow,3308.3,64,8449.6,50,235.16
8.0,Inference,PyTorch,1335.3,64,2162.5,30,35.81
4.0,Inference,TensorFlow,478.7,8,10939.3,50,360.0
6.0,Inference,PyTorch,3343.9,32,11965.3,30,360.0
16.0,Inference,PyTorch,3061.5,128,3024.7,100,84.63
6.0,Training,JAX,2750.8,64,10194.8,10,360.0
16.0,FineTuning,PyTorch,3649.4,16,13964.7,30,360.0
4.0,Training,JAX,1982.4,32,10810.7,5,360.0
4.0,Training,PyTorch,555.8,16,6292.0,5,360.0
12.0,Training,JAX,292.3,128,6697.2,100,188.36
80.0,FineTuning,PyTorch,1307.8,32,1285.4,30,14.46
48.0,FineTuning,TensorFlow,393.0,8,7939.1,100,360.0
8.0,Inference,PyTorch,2165.3,32,12060.0,20,360.0
8.0,FineTuning,PyTorch,107.3,128,14679.6,5,7.27
4.0,Training,TensorFlow,1802.9,8,6049.6,50,360.0
8.0,FineTuning,TensorFlow,754.9,128,6587.0,100,360.0
4.0,Training,PyTorch,1504.7,256,916.0,30,48.67
48.0,FineTuning,PyTorch,2716.4,32,11649.3,30,360.0
4.0,Inference,PyTorch,1436.3,128,10778.2,5,27.48
12.0,FineTuning,PyTorch,1398.3,32,6103.6,20,360.0
80.0,Inference,PyTorch,3963.5,8,10668.2,50,360.0
24.0,FineTuning,TensorFlow,2889.3,32,9383.1,5,118.64
10.0,FineTuning,PyTorch,2079.8,128,11558.0,5,72.77
80.0,FineTuning,PyTorch,2338.5,128,4780.7,100,95.99
80.0,Training,JAX,2499.7,256,9797.2,10,13.73
6.0,Training,PyTorch,147.1,256,9421.8,100,98.67
16.0,Training,PyTorch,367.0,128,1448.3,5,2.63
10.0,Training,TensorFlow,2614.3,16,4286.2,50,360.0
48.0,Training,TensorFlow,1489.7,16,12917.0,10,360.0
24.0,Inference,TensorFlow,269.0,16,2426.4,20,6.47
24.0,FineTuning,TensorFlow,1225.2,64,5755.5,20,68.64
80.0,FineTuning,PyTorch,564.6,256,3456.0,5,1.37
12.0,Training,PyTorch,3669.4,32,2188.8,50,360.0
16.0,Training,TensorFlow,851.6,16,2132.5,20,190.58
4.0,Training,PyTorch,617.6,128,5284.5,50,334.77
16.0,FineTuning,PyTorch,2523.4,128,12071.8,100,360.0
6.0,FineTuning,TensorFlow,2111.6,16,14498.1,100,360.0
16.0,FineTuning,TensorFlow,2324.9,256,8620.4,50,207.46
80.0,FineTuning,PyTorch,1772.0,16,9564.8,10,101.08
48.0,FineTuning,JAX,1895.3,128,11703.3,5,17.59
80.0,Training,TensorFlow,3126.3,16,9960.8,50,360.0
48.0,FineTuning,JAX,918.7,256,12740.0,50,38.05
8.0,FineTuning,JAX,1616.3,64,13272.4,100,360.0
48.0,FineTuning,PyTorch,3833.4,64,9452.8,50,360.0
16.0,Training,TensorFlow,800.4,256,8042.6,5,9.39
16.0,Training,PyTorch,1210.4,64,5926.7,10,101.3
16.0,Training,TensorFlow,806.7,8,6977.6,100,360.0
8.0,Inference,TensorFlow,131.0,64,5247.3,50,16.78
4.0,FineTuning,PyTorch,1115.8,128,6461.8,30,290.52
10.0,Inference,PyTorch,233.5,256,13505.7,100,20.18
16.0,FineTuning,PyTorch,661.0,8,14588.3,10,360.0
6.0,Training,TensorFlow,1482.6,128,5486.9,5,65.41
24.0,FineTuning,TensorFlow,131.8,128,3386.8,20,3.07
24.0,Training,PyTorch,3024.2,256,1265.0,50,35.26
10.0,Inference,PyTorch,3192.6,256,12570.3,30,75.85
10.0,Inference,TensorFlow,1675.1,16,13072.9,20,360.0
4.0,FineTuning,PyTorch,3939.4,256,6812.0,100,360.0
6.0,FineTuning,PyTorch,2732.0,32,8182.0,20,360.0
80.0,FineTuning,PyTorch,2987.7,64,11123.3,50,283.52
48.0,Inference,JAX,809.6,256,5700.2,50,4.62
48.0,Training,TensorFlow,3357.9,32,3102.2,20,203.85
80.0,FineTuning,PyTorch,3782.9,32,1808.8,30,66.68
24.0,FineTuning,PyTorch,983.4,16,3605.1,10,63.74
80.0,Inference,PyTorch,2761.5,32,9715.5,50,87.29
6.0,Inference,TensorFlow,3000.4,64,5280.5,50,349.15
16.0,Inference,PyTorch,1255.4,8,13028.8,5,115.05
8.0,FineTuning,PyTorch,1926.3,128,1404.4,50,99.43
16.0,Training,PyTorch,435.3,64,6303.9,5,16.69
8.0,FineTuning,JAX,733.7,16,3928.7,20,354.88
48.0,FineTuning,PyTorch,293.2,8,13326.7,30,202.56
10.0,FineTuning,PyTorch,2262.7,16,12112.6,5,360.0
16.0,Training,TensorFlow,2519.8,64,14766.2,5,211.02
80.0,FineTuning,JAX,3668.7,128,1877.2,10,6.06
6.0,Training,PyTorch,2191.6,32,11755.4,20,360.0
6.0,Inference,PyTorch,1079.4,256,1975.3,5,2.45
24.0,Training,PyTorch,284.9,256,2409.9,5,1.45
6.0,FineTuning,PyTorch,3545.6,32,683.9,20,171.22
6.0,Training,PyTorch,1941.5,16,7024.1,50,360.0
10.0,Training,PyTorch,2962.4,8,1975.6,30,360.0
80.0,Inference,PyTorch,107.9,256,5290.4,100,1.36
48.0,Training,TensorFlow,1978.1,128,4215.4,100,179.7
6.0,Training,PyTorch,1336.6,16,14647.7,20,360.0
48.0,Training,PyTorch,169.8,128,9908.1,100,35.57
10.0,FineTuning,PyTorch,3113.9,256,6215.8,10,57.29
6.0,FineTuning,PyTorch,2076.0,16,13189.0,100,360.0
24.0,Training,PyTorch,1366.1,8,1051.3,10,103.82
16.0,FineTuning,TensorFlow,3232.9,64,5080.4,30,340.4
12.0,Training,PyTorch,1815.3,32,7767.4,10,360.0
4.0,Inference,TensorFlow,63.8,128,902.7,20,1.49
6.0,Inference,PyTorch,3780.6,128,2273.3,50,95.38
48.0,Inference,PyTorch,1059.9,8,13436.2,100,360.0
4.0,Inference,PyTorch,3330.8,128,2776.4,10,32.1
8.0,Training,PyTorch,3274.8,64,13832.7,20,360.0
6.0,Training,TensorFlow,691.4,64,1531.4,10,40.33
12.0,FineTuning,TensorFlow,1922.3,8,13334.4,5,360.0
10.0,Training,PyTorch,208.8,16,6860.3,5,59.03
24.0,Training,PyTorch,1450.5,16,8641.7,50,360.0
12.0,Training,PyTorch,2937.4,128,4296.2,100,360.0
48.0,FineTuning,JAX,986.4,128,4172.8,5,3.61
10.0,FineTuning,PyTorch,512.7,8,7432.8,5,162.06
16.0,Training,PyTorch,2053.1,64,5401.5,10,123.97
10.0,Training,PyTorch,2171.1,8,1257.7,10,360.0
6.0,FineTuning,PyTorch,2719.5,16,5369.9,30,360.0
4.0,Training,PyTorch,3048.6,64,3895.1,50,360.0
4.0,Inference,PyTorch,2798.4,128,12759.6,5,57.8
48.0,Training,PyTorch,3389.4,16,12594.1,30,360.0
10.0,FineTuning,PyTorch,930.5,32,2208.0,10,43.53
12.0,Training,PyTorch,2300.6,16,10978.0,100,360.0
48.0,Training,PyTorch,1472.4,64,6817.5,30,138.88
24.0,FineTuning,PyTorch,3850.3,64,13040.7,5,121.5
48.0,FineTuning,PyTorch,1789.1,8,4182.4,30,360.0
48.0,Inference,PyTorch,3840.9,64,1412.9,20,7.78
16.0,FineTuning,PyTorch,3087.8,32,12027.4,50,360.0
6.0,Training,PyTorch,2887.9,32,13038.5,5,360.0
16.0,Training,PyTorch,1991.7,64,12623.6,20,360.0
4.0,Training,PyTorch,1801.3,128,5006.6,100,360.0
4.0,Training,PyTorch,2129.9,64,559.9,30,197.89
8.0,FineTuning,PyTorch,1209.9,128,2180.3,100,162.87
8.0,Inference,JAX,3622.8,64,13798.6,5,81.38
12.0,FineTuning,PyTorch,3187.6,16,5524.6,30,360.0
4.0,FineTuning,JAX,3215.5,64,13215.1,50,360.0
16.0,FineTuning,TensorFlow,1761.0,16,14714.1,100,360.0
24.0,Inference,PyTorch,330.8,128,5996.1,100,14.48
8.0,Training,JAX,2748.2,64,11669.0,50,360.0
10.0,FineTuning,PyTorch,1528.9,128,2619.8,10,28.12
8.0,Inference,PyTorch,3488.2,32,5817.9,20,291.33
4.0,Training,PyTorch,3132.3,256,10607.2,50,360.0
48.0,Training,PyTorch,624.0,8,3185.9,20,136.33
6.0,Inference,PyTorch,2426.8,128,4865.0,30,87.74
4.0,FineTuning,PyTorch,2784.2,16,8501.0,20,360.0
48.0,Training,PyTorch,2294.1,8,10399.1,100,360.0
24.0,FineTuning,PyTorch,2080.5,256,5417.5,5,7.04
24.0,Training,PyTorch,950.1,64,5714.4,10,52.28
10.0,FineTuning,PyTorch,981.8,16,1737.0,20,196.69
80.0,Training,JAX,3083.6,8,14762.5,20,360.0
16.0,Training,PyTorch,123.8,8,9222.3,50,360.0
6.0,FineTuning,PyTorch,3126.7,128,8001.9,5,127.79
4.0,FineTuning,PyTorch,2130.9,64,3249.2,50,360.0
4.0,Inference,TensorFlow,3748.1,64,7371.7,20,360.0
80.0,Training,PyTorch,3989.4,64,6764.9,30,245.67
10.0,Inference,JAX,2670.8,128,3952.5,50,71.76
12.0,Training,PyTorch,1678.4,128,6749.5,50,360.0
8.0,Training,PyTorch,1926.6,64,3132.6,5,67.08
10.0,Inference,JAX,856.7,8,10682.4,100,360.0
48.0,FineTuning,JAX,442.0,256,13640.9,50,20.98
10.0,Training,PyTorch,2336.1,64,138.6,50,29.74
80.0,Training,PyTorch,3231.7,128,8388.2,10,29.53
80.0,FineTuning,TensorFlow,1084.0,64,11011.6,20,38.29
16.0,FineTuning,PyTorch,1707.6,128,13617.2,5,39.07
6.0,Inference,PyTorch,2241.4,64,5440.5,50,340.67
24.0,FineTuning,PyTorch,3636.2,256,13616.6,100,360.0
80.0,Inference,PyTorch,597.6,8,12400.7,100,205.22
16.0,FineTuning,TensorFlow,985.7,8,7925.7,20,360.0
8.0,Inference,PyTorch,3678.2,128,3928.5,5,15.68
24.0,Training,JAX,206.2,128,9827.0,100,97.87
12.0,Inference,PyTorch,2641.7,16,3982.3,50,360.0
4.0,Training,PyTorch,2576.1,32,5297.8,30,360.0
8.0,Inference,PyTorch,1563.9,16,7058.1,100,360.0
12.0,Training,TensorFlow,1899.3,128,7519.8,10,97.22
24.0,FineTuning,JAX,3426.9,256,2918.3,5,8.67
8.0,FineTuning,TensorFlow,701.7,128,10437.7,30,159.85
16.0,Inference,PyTorch,964.7,64,14879.6,5,13.58
12.0,FineTuning,JAX,2073.8,16,3733.7,5,130.66
4.0,Training,JAX,1668.5,32,8362.6,10,360.0
16.0,FineTuning,PyTorch,2318.8,16,6875.3,30,360.0
48.0,Training,PyTorch,3687.3,8,4685.9,50,360.0
4.0,Training,PyTorch,3672.6,8,6354.7,20,360.0
6.0,Training,PyTorch,958.6,16,11017.6,30,360.0
10.0,Training,JAX,1243.5,256,6279.6,100,360.0
6.0,FineTuning,PyTorch,690.2,16,7650.8,5,251.97
80.0,Inference,PyTorch,3714.8,256,7210.9,100,24.4
48.0,Inference,PyTorch,1621.6,128,8372.9,30,14.69
48.0,Training,PyTorch,1826.3,256,4438.8,20,17.35
10.0,Training,TensorFlow,3220.4,64,7694.6,100,360.0
12.0,Training,PyTorch,2076.2,8,2109.1,30,360.0
10.0,Training,PyTorch,523.0,32,11146.6,20,360.0
80.0,Training,JAX,1779.5,64,1752.8,10,10.11
6.0,Training,TensorFlow,2540.6,256,11795.9,5,131.05
48.0,FineTuning,PyTorch,2890.9,16,12400.6,50,360.0
6.0,FineTuning,PyTorch,2599.1,8,384.0,30,360.0
4.0,FineTuning,PyTorch,520.8,16,12479.5,10,360.0
8.0,Training,TensorFlow,1252.2,8,9757.7,100,360.0
80.0,FineTuning,TensorFlow,2947.6,32,1544.0,30,35.52
8.0,Inference,PyTorch,3526.8,64,14969.0,10,170.02
80.0,Training,PyTorch,236.4,32,9270.5,20,21.9
24.0,Training,PyTorch,216.8,32,6072.8,10,22.06
4.0,Training,PyTorch,2591.4,64,13289.7,100,360.0
12.0,Training,PyTorch,2214.8,256,720.2,100,56.14
80.0,FineTuning,PyTorch,663.6,64,10788.4,20,18.7
8.0,Training,PyTorch,2215.8,256,2241.5,10,36.69
80.0,FineTuning,TensorFlow,3899.2,32,8332.3,30,331.15
12.0,Training,PyTorch,2542.1,16,1529.5,50,360.0
80.0,FineTuning,TensorFlow,1824.1,64,10219.3,5,14.12
16.0,Training,PyTorch,3318.8,32,7027.4,100,360.0
80.0,FineTuning,TensorFlow,890.6,32,199.8,50,4.28
24.0,Training,PyTorch,1686.6,32,1163.8,10,28.17
24.0,Training,PyTorch,2134.7,16,10575.3,20,360.0
48.0,Inference,PyTorch,2042.9,128,6051.9,100,40.82
24.0,FineTuning,PyTorch,3687.8,128,10115.1,100,360.0
80.0,Training,TensorFlow,1206.0,64,5908.7,30,50.96
80.0,FineTuning,PyTorch,273.2,128,5489.2,5,1.72
16.0,FineTuning,PyTorch,3669.7,8,12838.2,5,360.0
24.0,FineTuning,PyTorch,907.4,256,12836.6,30,51.17
6.0,Training,JAX,1547.2,64,13804.8,10,360.0
80.0,Inference,PyTorch,2147.0,64,12363.0,5,5.77
4.0,Training,PyTorch,3904.7,32,1998.7,30,360.0
4.0,Training,TensorFlow,2164.3,256,1090.7,10,34.81
8.0,Training,PyTorch,1818.6,8,970.4,30,360.0
16.0,FineTuning,PyTorch,2355.4,128,14705.1,5,71.89
12.0,Inference,PyTorch,3884.7,64,7567.2,50,360.0
6.0,Inference,PyTorch,3280.9,256,1816.0,5,5.09
80.0,FineTuning,PyTorch,717.4,8,8210.0,5,34.99
10.0,Inference,PyTorch,3222.9,16,10683.4,50,360.0
10.0,FineTuning,JAX,3372.3,16,1507.9,10,216.4
12.0,FineTuning,TensorFlow,2778.2,32,5261.4,100,360.0
48.0,Inference,JAX,2646.1,8,2898.6,100,359.66
10.0,Training,PyTorch,1791.5,64,14633.9,30,360.0
12.0,FineTuning,PyTorch,2584.7,16,4841.6,10,360.0
10.0,FineTuning,JAX,2963.4,256,10388.5,10,88.86
16.0,Inference,PyTorch,535.1,16,13784.7,30,141.62
8.0,Inference,TensorFlow,1066.5,256,12961.5,10,16.63
48.0,Inference,PyTorch,816.6,128,5970.2,100,16.34
16.0,Inference,TensorFlow,3372.8,128,4732.6,20,26.11
12.0,FineTuning,JAX,2736.0,8,12157.8,100,360.0
6.0,Training,PyTorch,1830.6,128,3156.9,5,48.41
24.0,Training,PyTorch,3312.9,8,10788.1,20,360.0
6.0,FineTuning,PyTorch,2881.3,64,12545.8,30,360.0
4.0,Training,PyTorch,3658.7,64,12753.4,100,360.0
24.0,FineTuning,PyTorch,353.4,64,232.9,50,2.54
12.0,Training,PyTorch,2061.2,128,7548.1,50,360.0
4.0,Inference,PyTorch,2841.7,128,5428.1,30,172.54
10.0,Training,PyTorch,869.6,32,14685.0,100,360.0
10.0,Inference,PyTorch,1342.1,16,8206.7,100,360.0
24.0,Inference,PyTorch,1705.0,256,6468.9,30,10.12
80.0,FineTuning,PyTorch,3187.6,64,3741.0,10,20.61
6.0,Training,TensorFlow,1999.6,128,12699.9,5,257.2
4.0,FineTuning,TensorFlow,1996.8,16,4858.6,20,360.0
6.0,FineTuning,PyTorch,1752.0,64,12418.6,30,360.0
24.0,Training,PyTorch,952.9,64,13385.0,50,360.0
16.0,Training,TensorFlow,3696.1,256,966.8,5,5.72
10.0,Training,PyTorch,1305.3,16,7698.8,5,342.23
4.0,Training,PyTorch,2291.5,16,6363.6,10,360.0
4.0,Training,PyTorch,637.7,128,5957.3,50,360.0
12.0,Training,PyTorch,1765.3,16,5634.9,5,292.8
4.0,FineTuning,PyTorch,3620.0,16,8026.6,50,360.0
24.0,Inference,JAX,3982.1,128,2040.0,20,11.33
4.0,FineTuning,PyTorch,1478.9,64,13082.2,50,360.0
4.0,Inference,JAX,658.3,256,8413.9,5,5.48
6.0,FineTuning,PyTorch,1292.1,16,5271.9,100,360.0
8.0,FineTuning,TensorFlow,1342.6,256,3721.1,50,97.83
4.0,Training,PyTorch,2595.8,32,9286.8,50,360.0
80.0,Training,PyTorch,2009.8,8,11822.3,100,360.0
48.0,Inference,TensorFlow,3085.4,256,6668.8,50,18.99
12.0,Inference,TensorFlow,2820.1,16,14769.4,5,180.17
6.0,FineTuning,PyTorch,1042.7,256,8080.0,20,90.5
12.0,Training,TensorFlow,3147.8,16,14685.8,50,360.0
16.0,FineTuning,PyTorch,3397.5,8,14442.7,20,360.0
4.0,Training,TensorFlow,2413.6,32,9036.2,5,360.0
10.0,Training,TensorFlow,3714.3,256,8761.9,30,360.0
80.0,Inference,PyTorch,3142.6,64,1674.5,50,9.65
6.0,FineTuning,PyTorch,2401.8,32,13946.3,20,360.0
12.0,FineTuning,PyTorch,3629.4,8,12067.8,50,360.0
4.0,Inference,JAX,2421.4,256,7556.9,10,40.87
10.0,FineTuning,PyTorch,2108.7,16,4665.5,10,360.0
10.0,FineTuning,PyTorch,1457.2,64,12594.3,5,117.77
16.0,Training,PyTorch,3537.3,32,4443.6,100,360.0
80.0,Training,TensorFlow,534.8,32,8173.7,20,41.19
8.0,FineTuning,PyTorch,1920.3,64,3062.5,20,146.22
80.0,Training,TensorFlow,2172.8,32,12087.3,100,360.0
16.0,Training,JAX,2241.3,8,11316.9,100,360.0
24.0,Training,PyTorch,2625.0,64,4447.4,50,360.0
6.0,FineTuning,PyTorch,2047.9,8,1848.6,10,360.0
16.0,FineTuning,JAX,1064.4,64,2738.3,50,104.07
16.0,FineTuning,PyTorch,3434.9,8,9283.7,50,360.0
6.0,FineTuning,TensorFlow,2647.2,16,2335.6,100,360.0
6.0,Training,TensorFlow,3439.8,16,4869.9,5,360.0
6.0,FineTuning,PyTorch,1140.4,32,12604.1,30,360.0
4.0,Inference,PyTorch,2566.4,64,1318.4,5,13.79
12.0,Training,PyTorch,2871.0,256,8759.6,5,55.54
48.0,FineTuning,PyTorch,1564.5,64,6057.4,5,15.86
6.0,FineTuning,PyTorch,3258.4,8,1892.7,50,360.0
12.0,FineTuning,PyTorch,59.9,256,7690.6,50,7.3
48.0,Training,PyTorch,2399.9,32,7798.0,50,360.0
12.0,Inference,PyTorch,2473.6,32,5733.5,50,360.0
6.0,FineTuning,PyTorch,2158.7,256,924.3,100,98.35
8.0,Inference,JAX,2538.7,64,3182.3,10,28.56
16.0,Training,PyTorch,710.5,16,6130.3,20,360.0
12.0,FineTuning,PyTorch,2754.9,64,4230.6,10,102.3
10.0,FineTuning,JAX,1376.4,256,2491.9,20,21.38
10.0,Training,PyTorch,1835.6,64,7355.8,50,360.0
12.0,Training,JAX,1365.8,128,6024.2,10,60.27
6.0,FineTuning,PyTorch,1922.0,8,10007.6,20,360.0
80.0,Training,TensorFlow,2505.2,8,8450.4,30,360.0
6.0,FineTuning,PyTorch,3361.5,128,2629.2,5,45.29
6.0,Training,TensorFlow,1959.6,32,10346.2,20,360.0
80.0,Training,TensorFlow,1326.7,256,7034.2,100,52.74
8.0,FineTuning,PyTorch,1977.4,8,1790.5,10,360.0
24.0,Training,PyTorch,2770.8,32,374.9,10,19.5
10.0,Inference,TensorFlow,1419.5,16,9433.7,30,360.0
16.0,Inference,PyTorch,1686.4,32,9317.8,20,123.24
10.0,FineTuning,TensorFlow,2273.2,8,12325.0,5,360.0
24.0,Inference,PyTorch,1211.3,256,11460.3,10,5.25
4.0,Inference,JAX,875.9,256,13174.8,50,95.73
8.0,Training,PyTorch,604.5,32,4457.0,100,360.0
8.0,Inference,PyTorch,1442.8,16,6256.3,50,360.0
4.0,Training,PyTorch,241.0,128,1022.7,20,11.32
16.0,Training,PyTorch,2354.8,8,6229.1,100,360.0
80.0,FineTuning,PyTorch,744.8,256,3374.5,30,3.7
48.0,FineTuning,PyTorch,1540.7,16,12099.2,5,81.21
24.0,Training,PyTorch,1113.4,64,9878.4,20,164.78
48.0,Training,TensorFlow,2540.0,128,11747.2,20,111.28
16.0,FineTuning,PyTorch,3408.9,128,8928.0,100,360.0
80.0,Training,TensorFlow,2551.5,8,9009.3,5,228.25
8.0,FineTuning,PyTorch,2192.9,16,3604.9,10,360.0
80.0,FineTuning,PyTorch,2692.9,256,10080.3,50,50.95
10.0,Training,PyTorch,168.5,256,2245.2,10,2.87
24.0,Training,PyTorch,535.2,64,4210.0,30,53.98
80.0,FineTuning,PyTorch,425.0,256,2781.2,5,1.27
6.0,FineTuning,PyTorch,437.9,16,14247.8,10,360.0
6.0,Training,PyTorch,1078.9,256,13481.5,20,230.64
80.0,Training,PyTorch,2151.6,32,13135.1,20,326.0
8.0,Training,PyTorch,503.0,256,14406.6,30,124.16
80.0,Training,PyTorch,3743.7,8,9227.7,30,360.0
12.0,FineTuning,PyTorch,3424.3,32,13431.0,5,360.0
16.0,FineTuning,PyTorch,3888.0,256,4448.7,10,30.8
6.0,FineTuning,PyTorch,217.9,256,5832.9,20,13.86
48.0,Inference,PyTorch,3413.0,256,7057.8,5,3.39
80.0,Training,PyTorch,3224.7,32,1432.1,5,12.9
6.0,Training,PyTorch,3613.3,256,12387.9,20,360.0
16.0,FineTuning,PyTorch,2135.4,128,1875.7,10,16.07
16.0,FineTuning,PyTorch,3162.2,256,12014.8,50,360.0
48.0,FineTuning,TensorFlow,252.6,128,13841.6,30,13.48
12.0,FineTuning,PyTorch,349.7,32,8560.7,100,360.0
80.0,FineTuning,PyTorch,518.2,256,2571.9,10,1.02
4.0,Training,PyTorch,3663.4,16,6606.9,50,360.0
80.0,FineTuning,PyTorch,291.6,8,2168.9,50,32.57
24.0,FineTuning,JAX,445.6,256,1873.7,20,3.14
10.0,Inference,TensorFlow,3725.1,8,11365.6,50,360.0
8.0,FineTuning,PyTorch,474.2,16,5956.2,30,360.0
16.0,FineTuning,JAX,3485.5,32,101.9,5,3.88
4.0,FineTuning,PyTorch,3167.6,8,822.1,10,360.0
8.0,Inference,PyTorch,209.1,256,12284.5,100,25.03
6.0,Inference,PyTorch,136.3,128,9333.5,30,10.28
80.0,FineTuning,PyTorch,2160.8,64,12683.3,50,174.7
8.0,FineTuning,TensorFlow,3988.8,128,4177.7,5,63.93
6.0,Training,TensorFlow,3521.4,16,4783.4,5,360.0
10.0,FineTuning,PyTorch,1274.6,64,9291.4,50,360.0
6.0,FineTuning,PyTorch,1575.9,8,10010.8,30,360.0
4.0,FineTuning,PyTorch,1582.2,256,495.1,100,54.27
16.0,Training,TensorFlow,2950.0,8,13617.5,50,360.0
48.0,FineTuning,PyTorch,1397.5,64,12007.5,10,50.12
6.0,Training,PyTorch,633.8,8,2064.8,5,154.04
80.0,FineTuning,PyTorch,3001.1,64,253.8,20,3.47
8.0,Training,TensorFlow,1859.2,32,11560.6,5,360.0
48.0,FineTuning,TensorFlow,353.3,16,13552.9,50,231.67
48.0,Training,PyTorch,3170.7,256,4899.4,100,183.92
8.0,Training,PyTorch,2362.0,128,4880.0,50,360.0
8.0,FineTuning,TensorFlow,1983.0,64,7767.8,20,360.0
16.0,Training,TensorFlow,2709.7,64,10150.9,20,360.0
4.0,FineTuning,PyTorch,2046.2,32,9750.3,5,360.0
10.0,Inference,PyTorch,2611.3,256,11314.2,50,131.38
4.0,Inference,JAX,3476.6,256,1798.4,5,7.59
8.0,Training,JAX,2473.4,128,7845.2,30,360.0
80.0,Inference,TensorFlow,2655.4,32,7644.3,50,66.6
12.0,Training,PyTorch,2474.7,32,14252.8,100,360.0
12.0,Inference,TensorFlow,2148.2,16,13782.0,5,145.27
10.0,FineTuning,PyTorch,729.3,8,11279.8,100,360.0
8.0,Training,TensorFlow,1375.9,256,13166.0,50,360.0
12.0,Training,PyTorch,2787.8,256,11209.8,50,360.0
10.0,Training,PyTorch,1730.6,128,10835.2,10,181.1
48.0,FineTuning,PyTorch,1654.2,32,3314.1,5,13.3
10.0,Training,TensorFlow,3049.1,8,9297.1,50,360.0
48.0,FineTuning,PyTorch,72.0,8,13749.3,20,41.16
16.0,FineTuning,PyTorch,2732.0,8,11277.1,20,360.0
12.0,Inference,TensorFlow,1982.4,256,9110.4,10,11.01
10.0,Inference,PyTorch,1538.2,8,3946.8,50,360.0
10.0,Training,PyTorch,1395.1,16,10211.8,5,360.0
10.0,FineTuning,JAX,732.9,16,5271.2,100,360.0
80.0,Inference,PyTorch,1370.3,32,1072.0,5,1.61
10.0,Inference,TensorFlow,1596.1,8,3666.3,100,360.0
80.0,Training,PyTorch,1777.9,32,5899.6,100,360.0
16.0,Training,TensorFlow,2705.6,64,14950.3,100,360.0
24.0,Training,TensorFlow,1841.6,256,11425.7,20,86.16
8.0,Training,PyTorch,3195.3,16,4265.5,30,360.0
48.0,Training,JAX,2577.0,16,11459.6,50,360.0
8.0,FineTuning,PyTorch,798.9,256,5428.9,10,16.87
4.0,FineTuning,TensorFlow,1144.8,128,9157.9,10,181.84
12.0,FineTuning,TensorFlow,363.0,64,11493.7,100,360.0
6.0,FineTuning,PyTorch,3785.6,16,11138.4,50,360.0
16.0,Training,PyTorch,3551.9,8,2186.5,50,360.0
80.0,Inference,JAX,384.9,256,12400.5,100,4.95
4.0,Inference,PyTorch,2317.6,8,13851.8,10,360.0
10.0,FineTuning,PyTorch,3843.6,256,3578.0,10,49.86
4.0,Inference,PyTorch,3001.2,8,5008.3,5,360.0
4.0,Training,PyTorch,1992.7,256,14079.1,10,310.14
48.0,FineTuning,TensorFlow,1002.4,32,14756.8,100,360.0
6.0,Training,PyTorch,1152.2,16,6857.1,20,360.0
4.0,Training,PyTorch,2958.1,32,614.6,10,161.7
48.0,Training,TensorFlow,3133.3,16,14000.1,10,360.0
10.0,FineTuning,PyTorch,2138.3,128,478.4,20,14.67
8.0,Training,PyTorch,527.7,32,5020.1,20,305.63
10.0,FineTuning,TensorFlow,3738.8,16,1436.4,50,360.0
12.0,Training,TensorFlow,3386.8,128,7725.0,100,360.0
4.0,Inference,TensorFlow,605.1,16,659.8,100,98.53
4.0,FineTuning,PyTorch,274.1,64,3458.6,10,35.15
8.0,Training,PyTorch,2166.7,256,6936.8,20,188.61
16.0,Training,PyTorch,1172.4,32,1205.1,5,18.26
4.0,Inference,PyTorch,1168.8,8,7258.3,30,360.0
6.0,Training,PyTorch,394.5,128,4050.2,20,51.71
24.0,FineTuning,PyTorch,3815.9,128,4077.0,30,133.28
4.0,FineTuning,PyTorch,3329.2,8,14061.8,10,360.0
24.0,Training,PyTorch,499.6,128,10384.4,5,12.18
10.0,Training,PyTorch,3512.6,8,13949.3,100,360.0
16.0,FineTuning,PyTorch,2747.7,8,8677.8,5,360.0
48.0,Training,PyTorch,1335.5,16,13616.9,100,360.0
80.0,Training,PyTorch,3491.4,32,12577.7,50,360.0
16.0,Training,PyTorch,2412.2,64,14967.9,100,360.0
80.0,Training,TensorFlow,3402.2,128,7596.2,100,331.38
10.0,Training,TensorFlow,1903.6,16,10472.3,50,360.0
16.0,Inference,TensorFlow,2027.6,64,2494.0,10,9.69
48.0,FineTuning,PyTorch,1199.5,64,14098.4,20,73.19
80.0,FineTuning,PyTorch,1581.4,128,6041.3,5,5.83
8.0,Training,PyTorch,2292.6,128,13757.8,10,360.0
6.0,Training,TensorFlow,3790.9,16,1600.6,10,360.0
16.0,Inference,PyTorch,2420.5,128,7777.3,100,177.95
10.0,FineTuning,PyTorch,632.1,64,120.9,20,2.56
4.0,Training,PyTorch,77.6,128,6298.7,5,7.05
48.0,Training,PyTorch,3411.4,256,1339.4,100,45.49
80.0,FineTuning,TensorFlow,1489.1,256,6792.8,100,31.55
80.0,Inference,PyTorch,1294.1,16,8381.3,5,9.03
6.0,Training,PyTorch,3212.9,16,12798.8,5,360.0
80.0,FineTuning,PyTorch,3784.2,16,4501.9,50,360.0
24.0,FineTuning,PyTorch,3004.8,128,8545.4,5,39.07
12.0,Inference,TensorFlow,736.7,32,1090.2,30,12.63
24.0,Inference,PyTorch,1595.9,16,13711.2,100,360.0
80.0,Training,TensorFlow,3049.6,32,6830.8,20,232.06
48.0,FineTuning,PyTorch,3632.4,8,3863.6,5,127.46
16.0,FineTuning,PyTorch,3994.5,16,7002.1,20,360.0
10.0,FineTuning,TensorFlow,2070.7,32,7274.4,20,360.0
4.0,Inference,JAX,3299.0,32,11175.1,30,360.0
16.0,Inference,PyTorch,234.2,64,14621.2,5,4.02
8.0,Training,PyTorch,1179.0,32,2873.5,20,349.68
16.0,Training,PyTorch,1517.5,64,912.0,100,154.48
16.0,FineTuning,PyTorch,3903.3,256,9870.0,5,37.34
10.0,Training,PyTorch,63.4,256,13280.2,30,12.26
6.0,Training,PyTorch,1266.7,256,8519.1,50,360.0
80.0,Training,PyTorch,3725.1,32,1290.1,50,110.59
6.0,Inference,JAX,1261.4,32,6384.4,50,345.76
8.0,Training,PyTorch,939.0,8,9855.5,50,360.0
4.0,FineTuning,JAX,2933.8,32,4987.9,10,360.0
24.0,Training,TensorFlow,2994.1,128,12689.1,20,346.34
4.0,Training,TensorFlow,1915.1,128,3447.9,10,168.86
80.0,Training,JAX,3790.3,256,5531.0,5,7.14
4.0,Training,TensorFlow,850.7,128,13754.8,100,360.0
12.0,Inference,TensorFlow,3658.0,8,8645.9,50,360.0
24.0,Inference,PyTorch,3034.3,32,192.9,5,1.87
8.0,FineTuning,PyTorch,1504.4,8,3735.9,30,360.0
80.0,Training,JAX,3237.3,32,11324.4,20,360.0
48.0,FineTuning,PyTorch,576.1,64,875.5,30,5.1
8.0,Training,PyTorch,567.4,8,14896.5,20,360.0
12.0,Training,TensorFlow,3723.3,256,13478.8,30,360.0
24.0,FineTuning,PyTorch,424.4,128,3435.0,30,14.07
10.0,FineTuning,TensorFlow,66.1,128,13443.0,100,60.56
12.0,Training,PyTorch,1586.7,128,10522.2,20,307.47
8.0,Training,PyTorch,460.2,32,6437.7,5,80.83
80.0,Inference,PyTorch,3459.0,32,3022.2,30,23.44
80.0,Training,JAX,3694.6,8,3083.2,20,360.0
24.0,Inference,PyTorch,1955.6,256,8951.7,20,13.1
6.0,Inference,TensorFlow,1730.6,16,6299.3,30,360.0
24.0,FineTuning,PyTorch,2179.2,32,8968.6,5,110.88
24.0,Training,PyTorch,943.5,16,5020.8,50,360.0
12.0,FineTuning,PyTorch,1227.0,16,3528.1,100,360.0
80.0,Training,PyTorch,448.9,32,12564.7,10,25.0
8.0,Training,PyTorch,1813.5,8,13808.6,50,360.0
10.0,FineTuning,PyTorch,2466.2,256,10608.3,30,229.61
4.0,Training,PyTorch,3724.4,16,2507.7,30,360.0
16.0,Training,PyTorch,2969.3,8,1475.4,100,360.0
10.0,FineTuning,TensorFlow,2906.1,8,8132.3,20,360.0
4.0,FineTuning,PyTorch,1266.6,256,8300.2,100,360.0
6.0,Training,PyTorch,3558.8,32,9624.7,5,360.0
8.0,Training,PyTorch,3790.5,256,13602.0,100,360.0
80.0,Training,JAX,3732.4,16,9737.2,100,360.0
48.0,Training,TensorFlow,203.3,8,13750.6,5,54.77
24.0,FineTuning,TensorFlow,2437.2,16,1853.7,30,230.57
10.0,FineTuning,PyTorch,2590.7,8,10667.8,5,360.0
4.0,FineTuning,TensorFlow,1215.5,32,13918.9,10,360.0
48.0,Training,TensorFlow,3970.0,8,6995.8,100,360.0
10.0,Training,JAX,1200.2,32,14516.1,5,360.0
8.0,Training,PyTorch,905.6,32,8332.4,5,175.57
80.0,Training,JAX,1962.4,16,14150.3,100,360.0
10.0,Training,PyTorch,1326.4,16,11252.9,20,360.0
10.0,Training,PyTorch,3699.9,256,6920.6,30,321.89
80.0,Training,PyTorch,1788.3,16,610.9,5,5.85
6.0,FineTuning,PyTorch,1670.1,64,9895.1,30,360.0
12.0,FineTuning,PyTorch,2522.2,16,3888.8,5,202.0
10.0,FineTuning,PyTorch,370.4,16,4401.0,5,39.38
80.0,Training,TensorFlow,3039.1,256,394.8,5,0.82
12.0,Inference,PyTorch,3085.2,8,8409.0,20,360.0
80.0,Inference,PyTorch,1922.4,256,4410.5,5,1.1
80.0,Training,PyTorch,3825.0,64,14737.6,50,360.0
6.0,FineTuning,JAX,2338.4,64,11260.2,10,360.0
80.0,Inference,PyTorch,2796.2,8,5426.6,100,360.0
8.0,FineTuning,PyTorch,3701.2,16,4487.3,100,360.0
10.0,Training,TensorFlow,2682.1,256,10753.1,5,69.6
4.0,FineTuning,PyTorch,1755.7,128,3887.7,100,360.0
4.0,FineTuning,PyTorch,147.8,32,6775.3,50,300.86
4.0,Training,PyTorch,2926.8,64,2489.7,30,360.0
80.0,Inference,PyTorch,3861.2,8,3886.2,20,89.09
48.0,FineTuning,PyTorch,1907.4,128,1565.9,30,10.22
12.0,Training,PyTorch,1392.1,32,6464.5,20,360.0
12.0,FineTuning,JAX,2101.1,128,13909.1,30,360.0
80.0,FineTuning,PyTorch,2927.3,16,1602.8,30,72.85
8.0,Training,PyTorch,52.7,8,6616.2,10,69.95
8.0,Training,JAX,3554.5,32,4545.0,10,360.0
24.0,Inference,PyTorch,3551.1,32,5508.2,10,56.64
80.0,FineTuning,PyTorch,2188.1,16,11595.1,30,360.0
16.0,Training,PyTorch,533.4,16,6582.1,100,360.0
6.0,Training,PyTorch,2703.6,16,9790.9,20,360.0
4.0,FineTuning,PyTorch,594.5,8,14585.7,10,360.0
6.0,FineTuning,JAX,2054.8,64,9285.3,20,360.0
4.0,Training,PyTorch,419.8,128,5127.1,20,126.27
80.0,FineTuning,PyTorch,2376.8,8,6025.1,5,94.82
48.0,Training,JAX,1306.4,8,10469.0,50,360.0
24.0,Training,JAX,3332.4,128,10445.6,30,360.0
8.0,FineTuning,PyTorch,3209.8,32,5584.7,50,360.0
48.0,Training,TensorFlow,3994.0,128,10894.6,30,254.72
6.0,Inference,PyTorch,1067.1,16,8303.6,20,360.0
6.0,Training,PyTorch,294.1,32,14708.3,50,360.0
8.0,FineTuning,PyTorch,1799.9,8,13630.6,5,360.0
24.0,Training,PyTorch,379.4,128,12375.4,50,108.26
4.0,Training,PyTorch,755.1,8,611.6,100,360.0
48.0,FineTuning,PyTorch,2409.3,256,5768.5,50,53.12
24.0,FineTuning,PyTorch,2388.9,8,8642.0,5,345.03
10.0,FineTuning,PyTorch,221.1,128,7872.1,5,6.06
12.0,FineTuning,PyTorch,1799.5,256,11477.1,10,62.87
4.0,FineTuning,JAX,2144.4,256,13645.3,100,360.0
10.0,FineTuning,TensorFlow,1108.7,256,11828.4,30,140.04
4.0,FineTuning,PyTorch,3494.6,8,3381.0,20,360.0
4.0,FineTuning,JAX,686.3,64,7335.6,50,360.0
4.0,FineTuning,PyTorch,1052.9,64,5964.8,50,360.0
24.0,Inference,PyTorch,670.1,8,11516.4,20,159.38
24.0,Training,PyTorch,510.4,32,13437.3,5,66.99
10.0,FineTuning,PyTorch,3522.0,32,4373.7,5,202.36
6.0,Training,TensorFlow,1147.5,32,7384.8,50,360.0
8.0,Training,JAX,2904.0,32,11005.6,50,360.0
48.0,Training,PyTorch,1740.5,64,844.3,20,14.43
48.0,Inference,PyTorch,2561.7,32,14449.8,20,88.01
16.0,FineTuning,PyTorch,3716.3,128,12019.5,100,360.0
80.0,FineTuning,PyTorch,3386.2,32,8187.2,30,274.82
80.0,Training,TensorFlow,322.5,128,11701.9,5,3.35
10.0,FineTuning,PyTorch,3388.6,64,12561.7,10,360.0
4.0,Inference,PyTorch,1834.7,128,7458.1,100,360.0
4.0,Training,TensorFlow,1433.1,256,6657.1,10,112.57
12.0,Training,PyTorch,2705.9,128,12581.8,100,360.0
6.0,Training,JAX,3803.3,8,12909.1,20,360.0
16.0,FineTuning,PyTorch,421.8,128,1942.1,30,9.66
24.0,FineTuning,PyTorch,3083.9,256,13626.8,50,241.27
4.0,FineTuning,PyTorch,853.9,8,4224.2,20,360.0
16.0,FineTuning,PyTorch,1551.5,256,10040.8,20,59.06
48.0,Training,TensorFlow,3501.6,32,10668.7,100,360.0
12.0,FineTuning,PyTorch,2205.9,128,4267.9,20,105.88
24.0,Training,JAX,316.5,128,4632.2,10,6.89
16.0,Training,PyTorch,2056.8,16,10623.9,20,360.0
10.0,FineTuning,JAX,3169.1,32,2708.6,30,360.0
24.0,Inference,JAX,2139.1,128,12890.4,10,20.93
80.0,FineTuning,PyTorch,709.2,128,3421.1,30,6.42
24.0,FineTuning,PyTorch,1807.9,16,5332.5,100,360.0
12.0,Training,TensorFlow,3701.2,8,4073.2,10,360.0
24.0,Training,PyTorch,2649.9,32,3754.9,100,360.0
8.0,Training,TensorFlow,2933.1,16,14685.1,30,360.0
